末级知识点,打标解读（标绿的标签，新题不再打）,大模型压缩+人工微调的释义,原始释义是否有理解问题/压缩后的释义是否依然存在问题,"常见题干（3-10个）
（根据题目常见问法的多样性匹配题干数量）","多知识点题干（3-10个）
（根据题目变式或组合的多样性匹配题干数量）","多知识点题干ID
(只粘有理解成本的)",所含其他知识点（除当前知识点外）,人员,,,,,,,,,,,,,,,,,,,,,,,,,,,,,,,,
知识点->语音->字母,"① 常见题型：单选题，填空题，抄写题
② 题干关键词：含有“字母”“字母表”“元音字母”“辅音字母”“spell” “letters”“letter”“vowel”
③ 涉及考查知识点有：字母的书写，字母的顺序，辨别元音字母和辅音字母，字母的发音，字母在单词中的发音；其中，如涉及到考查字母的发音，除了打此标签，还可同时打这几个标签：“单个元音字母的发音”“单个辅音字母的发音”
注意：如考查字母组合的发音，或者划线部分大于一个字母，不打此标签，需要打“知识点->语音->读音->字母组合的发音”","① 常见题型：单选题，填空题，抄写题
② 题干关键词：含有“字母”“字母表”“元音字母”“辅音字母”“spell” “letters”“letter”“vowel”
③ 涉及考查知识点有：字母的书写，字母的顺序，辨别元音字母和辅音字母，字母的发音，字母在单词中的发音；其中，如涉及到考查字母的发音，除了打此标签，还可同时打这几个标签：“单个元音字母的发音”“单个辅音字母的发音”
注意：如考查字母组合的发音，或者划线部分大于一个字母，不打此标签，需要打“知识点->语音->读音->字母组合的发音”",否,"【单选】请选出按字母表顺序排列正确的选项。
A. k, n, o, t
B. e, f, h, g
C. r, s, u, t
D. a, c, b, d
【单选】下列都属于元音字母的一项是 ________。
A.a e f
B.e o f
C.a o i
D.f o u
【单选】英语中有两个字母可以独立成词，它们分别是________和________，其中________作为单词时，要大写。
A. O; A; A B. O; A; O C. A; I; I D. A; L; L
【单选】选出下列单词画线部分的发音。
【填空】按顺序补全字母
Qq _____Ss
【填空】根据字母表的顺序写出下列字母的前两个字母。
_____ _____Rr
【抄写题】将下列句子正确地抄写在四线三格中。
②What are you going to do tomorrow?",从A、B、C、D 四个选项中选出字母所含元音发音不同或单词划线部分发音不同的选项，并把答题卡上对应题目的答案标号涂黑。,3448962287636615168,"知识点->语音->读音->单个元音字母的发音

知识点->语音->读音->单个辅音字母的发音
",梦迪,,,,,,,,,,,,,,,,,,,,,,,,,,,,,,,,
知识点->语音->读音->单个元音字母的发音,"① 常见题型：单选题
②题干关键词：下列单词中字母/划线部分与其他项发音不同的是、pronounced、different sound、pronunciation、underlined、letter、the same sound
③ 涉及考查知识点有：单个元音字母在单词中的发音，常在单选中要求学生选出相同的元音字母在不同单词中的发音区别
注意：① 因为题干大部分不会明确含有“元音字母”这样的字样，所以需要区分一下是考元音字母还是辅音字母的发音
② 如考查字母组合的发音，或者划线部分大于一个字母，不打此标签","① 常见题型：单选题
②题干关键词：下列单词中字母/划线部分与其他项发音不同的是、pronounced、different sound、pronunciation、underlined、letter、the same sound
③ 涉及考查知识点有：单个元音字母在单词中的发音，常在单选中要求学生选出相同的元音字母在不同单词中的发音区别
注意：① 因为题干大部分不会明确含有“元音字母”这样的字样，所以需要区分一下是考元音字母还是辅音字母的发音
② 如考查字母组合的发音，或者划线部分大于一个字母，不打此标签",否,"从 A、B、C、D 四个选项中选出字母所含元音或单词划线部分发音与其他不同的选项，并把答题卡上对应题目的答案标号涂黑。

下列单词中字母o和其他项发音不同的一项是     .
【最常见】选出划线部分读音不同的一项。
The ""a"" in the word ""table"" is pronounced as _______.
Which letter has a different sound?","阅读各个小题中的每个单词，注意划线字母的读音，然后找出发音与所给的音标不同的选项。
/ə/
A.together
B.total
C.violin",3490588379940690000,"知识点->语音->字母

",梦迪,,,,,,,,,,,,,,,,,,,,,,,,,,,,,,,,
知识点->语音->读音->单个辅音字母的发音,"① 常见题型：单选题
②题干关键词：下列单词中字母/划线部分与其他项发音不同的是、pronounced、pronunciation、underlined、letter、the same sound
③ 涉及考查知识点有：单个辅音字母在单词中的发音，常在单选中要求学生选出相同的元音字母在不同单词中的发音区别
注意：① 因为题干大部分不会明确含有“辅音字母”这样的字样，所以需要区分一下是考元音字母还是辅音字母的发音
② 如考查字母组合的发音，或者划线部分大于一个字母，不打此标签","① 常见题型：单选题
②题干关键词：下列单词中字母/划线部分与其他项发音不同的是、pronounced、pronunciation、underlined、letter、the same sound
③ 涉及考查知识点有：单个辅音字母在单词中的发音，常在单选中要求学生选出相同的元音字母在不同单词中的发音区别
注意：① 因为题干大部分不会明确含有“辅音字母”这样的字样，所以需要区分一下是考元音字母还是辅音字母的发音
② 如考查字母组合的发音，或者划线部分大于一个字母，不打此标签",否,"下列单词中字母o和其他项发音不同的一项是     .
选出划线部分读音不同的一项。
","Which is the underlined part in     has the same pronunciation.

A.jacket, change
B.cheap, school
C.person, reason
D.sugar, usually",3490498662536610000,"知识点->语音->字母

",梦迪,,,,,,,,,,,,,,,,,,,,,,,,,,,,,,,,
知识点->语音->读音->字母组合的发音,"① 常见题型：单选题
②题干关键词：下列单词中字母/划线部分与其他项发音不同的是、pronounced、pronunciation、underlined、letter group、the same sound
③ 涉及考查知识点有：字母组合在单词中的发音
注意：① 因为题干和上面两个末级很像，所以注意区分，划线部分大于＞＝2个字母打此标签
② 如考查单个字母的发音，或者划线部分为一个字母，不打此标签，打“知识点->语音->读音->单个辅音字母的发音”或者“知识点->语音->读音->单个元音字母的发音”","① 常见题型：单选题
②题干关键词：下列单词中字母/划线部分与其他项发音不同的是、pronounced、pronunciation、underlined、letter group、the same sound
③ 涉及考查知识点有：字母组合在单词中的发音
注意：① 因为题干和上面两个末级很像，所以注意区分，划线部分大于＞＝2个字母打此标签
② 如考查单个字母的发音，或者划线部分为一个字母，不打此标签，打“知识点->语音->读音->单个辅音字母的发音”或者“知识点->语音->读音->单个元音字母的发音”",否,"读一读，找出画线部分发音不同的单词。
Which of the following underlined part is different in pronunciation from the others?
在A、B、C、D四个选项中,选出划线部分读音与其余三个不同的选项。 
Which two words contain (包含) the same pronunciation?",/,/,/,梦迪,,,,,,,,,,,,,,,,,,,,,,,,,,,,,,,,
知识点->语音->读音->单词的读音,"① 常见题型：单选题、单词拼写（根据音标写单词）、听力单选（听录音选单词）
② 题干关键词：单词、读音 / 发音 / pronunciation、重音 / stress / stressed
③ 涉及考查知识点有：根据音标写单词；单词的读音对比（如同音词、近音词辨别）；单词重音位置（多音节词的重读判断）；单词中无划线部分的整体读音判断
注意：① 如考查单词的重音位置，则同时打此标签以及“知识点->语音->读音->语音特征、变化”
② 如考查“连读、弱读、同化”，句子的语调，停顿等，不打此签，只打“知识点->语音->读音->语音特征、变化”","① 常见题型：单选题、单词拼写（根据音标写单词）、听力单选（听录音选单词）
② 题干关键词：单词、读音 / 发音 / pronunciation、重音 / stress / stressed
③ 涉及考查知识点有：根据音标写单词；单词的读音对比（如同音词、近音词辨别）；单词重音位置（多音节词的重读判断）；单词中无划线部分的整体读音判断
注意：① 如考查单词的重音位置，则同时打此标签以及“知识点->语音->读音->语音特征、变化”
② 如考查“连读、弱读、同化”，句子的语调，停顿等，不打此签，只打“知识点->语音->读音->语音特征、变化”",否,"【单选】Notice where the syllables (音节) are stressed (重读). Which word is different from the others?
【单选】找出 A、B、C、D 四个选项中重音与其他三项不同的一项。
【单词拼写】There is nothing ________ ['sɪəriəs] with your legs. You can walk slowly now.
【单词拼写】night (同音词) ________","找出 A、B、C、D 四个选项中重音与其他三项不同的一项。

A.guitar
B.mother
C.pencil
D.carrot",3436859008509870000,知识点->语音->读音->语音特征、变化,梦迪,,,,,,,,,,,,,,,,,,,,,,,,,,,,,,,,
知识点->语音->读音->语音特征、变化,"① 常见题型：单选题(最常见)、听力单选（听录音选单词）、填空题
② 题干关键词：连读、弱读、不完全爆破、浊化sonorization 、同化、意群、语调intonation
③ 涉及考查知识点有：句子重音、连读、弱读、不完全爆破、同化、浊化；句子的语调
注意：① 如考查单词的重音位置，则同时打此标签以及“知识点->语音->读音->单词的读音”；如考查整个句子的重读，连读等现象，则只打此签","① 常见题型：单选题(最常见)、听力单选（听录音选单词）、填空题
② 题干关键词：连读、弱读、不完全爆破、浊化sonorization 、同化、意群、语调intonation
③ 涉及考查知识点有：句子重音、连读、弱读、不完全爆破、同化、浊化；句子的语调
注意：① 如考查单词的重音位置，则同时打此标签以及“知识点->语音->读音->单词的读音”；如考查整个句子的重读，连读等现象，则只打此签",否,"【单选】Which of the following words is with the pronunciation of sonorization (浊化)?
【单选】选出句子连读不正确的一项。
【单选】Which is the right intonation (语调)?
【填空】What do you like about your family?（填写正确选项的编号）
根据朗读规则，上句划线部分应该  _____（a.不完全爆破；b.连读），该句应使用_____（a.降调；b.升调）。","找出 A、B、C、D 四个选项中重音与其他三项不同的一项。

A.guitar
B.mother
C.pencil
D.carrot",3436859008509870000,知识点->语音->读音->单词的读音,梦迪,,,,,,,,,,,,,,,,,,,,,,,,,,,,,,,,
知识点->词汇->固定搭配/句型,"① 常见题型：单选题、语法填空、语法选择
② 涉及考查知识点常有：1. 固定搭配：动词短语（及物/不及物）、介词短语、形容词短语、名词短语，核心考查“固定搭配的固定用法”（如介词搭配、动词形式搭配，不考查词性变化，仅考查“正确搭配”）；
2. 固定句型：初中阶段必考基础句型、常用句型，核心考查“句型结构完整性”（如句式语序、固定连接词、句型中动词的正确形式，如to do/doing/do）、“句型含义匹配”（题干语境与句型表达的含义一致）；3. 延伸考查：固定搭配/句型的语境运用（结合上下文选择合适的搭配/句型）、同义替换（如be good at 与 do well in 的替换，仅在真题考查同义替换时涉及）。
注意：如在固定搭配外还涉及到词性变化、时态、语态等知识点，在打上其他知识点标签的同时，只要题干涉及到固定搭配/固定句型，都需要打上此标签","① 常见题型：单选题、语法填空、语法选择
② 涉及考查知识点常有：1. 固定搭配：动词短语（及物/不及物）、介词短语、形容词短语、名词短语，核心考查“固定搭配的固定用法”（如介词搭配、动词形式搭配，不考查词性变化，仅考查“正确搭配”）；
2. 固定句型：初中阶段必考基础句型、常用句型，核心考查“句型结构完整性”（如句式语序、固定连接词、句型中动词的正确形式，如to do/doing/do）、“句型含义匹配”（题干语境与句型表达的含义一致）；3. 延伸考查：固定搭配/句型的语境运用（结合上下文选择合适的搭配/句型）、同义替换（如be good at 与 do well in 的替换，仅在真题考查同义替换时涉及）。
注意：如在固定搭配外还涉及到词性变化、时态、语态等知识点，在打上其他知识点标签的同时，只要题干涉及到固定搭配/固定句型，都需要打上此标签",否,,,,,晓蓓,,,,,,,,,,,,,,,,,,,,,,,,,,,,,,,,
知识点->词汇->词汇（音/形/义）->名词（短语）的音/形/义,"① 题型范畴限定在：各类填空题，如听力填空题、单词拼写、语法填空、首字母填空等
② 涉及考查知识点有：1.名词（短语）的音标、重音、读音规律，常在听音、看音标填空等题型出现；2.名词的拼写规则、形式变化
注意：所有涉及到写名词性单词/短语的填空类题都打此类标签","① 题型范畴限定在：各类填空题，如听力填空题、单词拼写、语法填空、首字母填空等
② 涉及考查知识点有：1.名词（短语）的音标、重音、读音规律，常在听音、看音标填空等题型出现；2.名词的拼写规则、形式变化
注意：所有涉及到写名词性单词/短语的填空类题都打此类标签",否,,,,,晓蓓,,,,,,,,,,,,,,,,,,,,,,,,,,,,,,,,
知识点->词汇->词汇（音/形/义）->动词（短语）的音/形/义,"① 题型范畴限定在：各类填空题，如听力填空题、单词拼写、语法填空、首字母填空等
② 涉及考查知识点有：1.动词（短语）的音标、重音、读音规律，常在听音、看音标填空等题型出现；2.动词的拼写规则、形式变化
注意：所有涉及到写动词性单词/短语的填空类题都打此类标签","① 题型范畴限定在：各类填空题，如听力填空题、单词拼写、语法填空、首字母填空等
② 涉及考查知识点有：1.动词（短语）的音标、重音、读音规律，常在听音、看音标填空等题型出现；2.动词的拼写规则、形式变化
注意：所有涉及到写动词性单词/短语的填空类题都打此类标签",否,,,,,晓蓓,,,,,,,,,,,,,,,,,,,,,,,,,,,,,,,,
知识点->词汇->词汇（音/形/义）->形容词（短语）的音/形/义,"① 题型范畴限定在：各类填空题，如听力填空题、单词拼写、语法填空、首字母填空等
② 涉及考查知识点有：1.形容词（短语）的音标、重音、读音规律，常在听音、看音标填空等题型出现；2.形容词的拼写规则、形式变化
注意：所有涉及到写形容词性单词/短语的填空类题都打此类标签","① 题型范畴限定在：各类填空题，如听力填空题、单词拼写、语法填空、首字母填空等
② 涉及考查知识点有：1.形容词（短语）的音标、重音、读音规律，常在听音、看音标填空等题型出现；2.形容词的拼写规则、形式变化
注意：所有涉及到写形容词性单词/短语的填空类题都打此类标签",否,,,,,晓蓓,,,,,,,,,,,,,,,,,,,,,,,,,,,,,,,,
知识点->词汇->词汇（音/形/义）->副词（短语）的音/形/义,"① 题型范畴限定在：各类填空题，如听力填空题、单词拼写、语法填空、首字母填空等
② 涉及考查知识点有：1.副词（短语）的音标、重音、读音规律，常在听音、看音标填空等题型出现；2.副词的拼写规则、形式变化
注意：所有涉及到写副词性单词/短语的填空类题都打此类标签","① 题型范畴限定在：各类填空题，如听力填空题、单词拼写、语法填空、首字母填空等
② 涉及考查知识点有：1.副词（短语）的音标、重音、读音规律，常在听音、看音标填空等题型出现；2.副词的拼写规则、形式变化
注意：所有涉及到写副词性单词/短语的填空类题都打此类标签",否,,,,,晓蓓,,,,,,,,,,,,,,,,,,,,,,,,,,,,,,,,
知识点->词汇->词汇（音/形/义）->介词（短语）的音/形/义,"① 题型范畴限定在：各类填空题，如听力填空题、单词拼写、语法填空、首字母填空等
② 涉及考查知识点有：1.介词（短语）的音标、重音、读音规律，常在听音、看音标填空等题型出现；2.介词的拼写规则
注意：所有涉及到写介词性单词/短语的填空类题都打此类标签","① 题型范畴限定在：各类填空题，如听力填空题、单词拼写、语法填空、首字母填空等
② 涉及考查知识点有：1.介词（短语）的音标、重音、读音规律，常在听音、看音标填空等题型出现；2.介词的拼写规则
注意：所有涉及到写介词性单词/短语的填空类题都打此类标签",否,,,,,晓蓓,,,,,,,,,,,,,,,,,,,,,,,,,,,,,,,,
知识点->词汇->词汇辨析->名词（短语）辨析,"① 题型范畴限定在：单选题（非复合题），常见为选项为多个名词（短语），从中选择正确选项的题型
② 涉及考查知识点：名词（短语）的本义用法、语境义判断、固定搭配义、同义 / 反义替换
注意：只有单选题打此类标签","① 题型范畴限定在：单选题（非复合题），常见为选项为多个名词（短语），从中选择正确选项的题型
② 涉及考查知识点：名词（短语）的本义用法、语境义判断、固定搭配义、同义 / 反义替换
注意：只有单选题打此类标签",否,,,,,晓蓓,,,,,,,,,,,,,,,,,,,,,,,,,,,,,,,,
知识点->词汇->词汇辨析->动词（短语）辨析,"① 题型范畴限定在：单选题（非复合题），常见为选项为多个动词（短语），从中选择正确选项的题型
② 涉及考查知识点：动词（短语）的本义用法、语境义判断、固定搭配义、同义 / 反义替换
注意：只有单选题打此类标签","① 题型范畴限定在：单选题（非复合题），常见为选项为多个动词（短语），从中选择正确选项的题型
② 涉及考查知识点：动词（短语）的本义用法、语境义判断、固定搭配义、同义 / 反义替换
注意：只有单选题打此类标签",否,,,,,晓蓓,,,,,,,,,,,,,,,,,,,,,,,,,,,,,,,,
知识点->词汇->词汇辨析->形容词（短语）辨析,"① 题型范畴限定在：单选题（非复合题），常见为选项为多个形容词（短语），从中选择正确选项的题型
② 涉及考查知识点：形容词（短语）的本义用法、语境义判断、固定搭配义、同义 / 反义替换
注意：只有单选题打此类标签","① 题型范畴限定在：单选题（非复合题），常见为选项为多个形容词（短语），从中选择正确选项的题型
② 涉及考查知识点：形容词（短语）的本义用法、语境义判断、固定搭配义、同义 / 反义替换
注意：只有单选题打此类标签",否,,,,,晓蓓,,,,,,,,,,,,,,,,,,,,,,,,,,,,,,,,
知识点->词汇->词汇辨析->副词（短语）辨析,"① 题型范畴限定在：单选题（非复合题），常见为选项为多个副词（短语），从中选择正确选项的题型
② 涉及考查知识点：副词（短语）的本义用法、语境义判断、固定搭配义、同义 / 反义替换
注意：只有单选题打此类标签","① 题型范畴限定在：单选题（非复合题），常见为选项为多个副词（短语），从中选择正确选项的题型
② 涉及考查知识点：副词（短语）的本义用法、语境义判断、固定搭配义、同义 / 反义替换
注意：只有单选题打此类标签",否,,,,,晓蓓,,,,,,,,,,,,,,,,,,,,,,,,,,,,,,,,
知识点->词汇->词汇辨析->介词（短语）辨析,"① 题型范畴限定在：单选题（非复合题），常见为选项为多个介词（短语），从中选择正确选项的题型
② 涉及考查知识点：介词（短语）的本义用法、语境义判断、固定搭配义、同义 / 反义替换
注意：只有单选题打此类标签","① 题型范畴限定在：单选题（非复合题），常见为选项为多个介词（短语），从中选择正确选项的题型
② 涉及考查知识点：介词（短语）的本义用法、语境义判断、固定搭配义、同义 / 反义替换
注意：只有单选题打此类标签",否,,,,,晓蓓,,,,,,,,,,,,,,,,,,,,,,,,,,,,,,,,
知识点->词汇->词汇辨析->词汇辨析（混合词性）,"① 题型范畴限定在：单选题（非复合题），常见为选项含有多个词性的单词（短语），从中选择正确选项的题型
② 涉及考查知识点：词汇（短语）的本义用法、语境义判断、固定搭配义、同义 / 反义替换
注意：只有单选题打此类标签","① 题型范畴限定在：单选题（非复合题），常见为选项含有多个词性的单词（短语），从中选择正确选项的题型
② 涉及考查知识点：词汇（短语）的本义用法、语境义判断、固定搭配义、同义 / 反义替换
注意：只有单选题打此类标签",否,,,,,晓蓓,,,,,,,,,,,,,,,,,,,,,,,,,,,,,,,,
知识点->词汇->近/反义词->同/近义词,"① 常见题型：单选题、语法填空、单词拼写、句型转换、完成句子、语法选择
② 题干关键词：句型转换题：中常给出“（改为同义句）”、”(保持原句意思)”、 ”(同义句转换)“的中文提示；单选题：“选出与划线部分单词或短语意思相近的选项”、The words ... in the sentence can be replaced by ""_______""、 ”What do the underlined words mean?“、“similar in meaning”；单词拼写题：“（近义词）“、“=”
③ 涉及考查知识点常有：单词或短语的同义替换、近义表达辨析、语境下的词义对等、固定短语的同义转换
注意：① 如果复合题语法填空中某一小题的选项都是同/义近词，则该小题打此标签；②如同时考查变同/近义词后的单词拼写、读音，同时打此标签以及 “知识点 -> 词汇 -> 词汇（音 / 形 / 义）”","① 常见题型：单选题、语法填空、单词拼写、句型转换、完成句子、语法选择
② 题干关键词：句型转换题：中常给出“（改为同义句）”、”(保持原句意思)”、 ”(同义句转换)“的中文提示；单选题：“选出与划线部分单词或短语意思相近的选项”、The words ... in the sentence can be replaced by ""_______""、 ”What do the underlined words mean?“、“similar in meaning”；单词拼写题：“（近义词）“、“=”
③ 涉及考查知识点常有：单词或短语的同义替换、近义表达辨析、语境下的词义对等、固定短语的同义转换
注意：① 如果复合题语法填空中某一小题的选项都是同/义近词，则该小题打此标签；②如同时考查变同/近义词后的单词拼写、读音，同时打此标签以及 “知识点 -> 词汇 -> 词汇（音 / 形 / 义）”",否,,,,,晓蓓,,,,,,,,,,,,,,,,,,,,,,,,,,,,,,,,
知识点->词汇->近/反义词->反义词,"① 常见题型：单选题、语法填空、单词拼写、句型转换、完成句子、语法选择
② 题干关键词：句型转换题：中常给出“（改为反义句）”、”(保持句意不变)”、 ”(同义句转换)“的中文提示；单选题：“ 选出与画线单词意思相反的单词”、”opposite in meaning“；单词拼写题：“(反义词) “
③ 涉及考查知识点常有：单词或短语的反义对应、反义词辨析、语境下的反义表达、否定含义替换
注意：①如果复合题语法填空中某一小题的选项出现了意思相反的单词，则该小题打此标签；②如同时考查变反义词后的单词拼写、读音，同时打此标签以及 “知识点 -> 词汇 -> 词汇（音 / 形 / 义）”","① 常见题型：单选题、语法填空、单词拼写、句型转换、完成句子、语法选择
② 题干关键词：句型转换题：中常给出“（改为反义句）”、”(保持句意不变)”、 ”(同义句转换)“的中文提示；单选题：“ 选出与画线单词意思相反的单词”、”opposite in meaning“；单词拼写题：“(反义词) “
③ 涉及考查知识点常有：单词或短语的反义对应、反义词辨析、语境下的反义表达、否定含义替换
注意：①如果复合题语法填空中某一小题的选项出现了意思相反的单词，则该小题打此标签；②如同时考查变反义词后的单词拼写、读音，同时打此标签以及 “知识点 -> 词汇 -> 词汇（音 / 形 / 义）”",否,,,,,晓蓓,,,,,,,,,,,,,,,,,,,,,,,,,,,,,,,,
知识点->词汇->构词法->派生法（词根词缀）,"① 常见题型：单选题、单词拼写
② 题干关键词：单选题：suffix、后缀、prefix、前缀、formed
③ 涉及考查知识点常有：常见前缀（un-/dis-/in-/im-/re-/mis-）、常见后缀（-er/-or/-ist/-tion/-ment/-ness/-ful/-less/-y/-ly）、词根基础含义、通过词缀判断词义与词性、否定前缀构成反义词
注意： ① 如仅考查加前缀 / 后缀改变词义或词性，只打此标签 ②如同时考查派生后的单词拼写、读音，同时打此标签以及 “知识点 -> 词汇 -> 词汇（音 / 形 / 义）”","① 常见题型：单选题、单词拼写
② 题干关键词：单选题：suffix、后缀、prefix、前缀、formed
③ 涉及考查知识点常有：常见前缀（un-/dis-/in-/im-/re-/mis-）、常见后缀（-er/-or/-ist/-tion/-ment/-ness/-ful/-less/-y/-ly）、词根基础含义、通过词缀判断词义与词性、否定前缀构成反义词
注意： ① 如仅考查加前缀 / 后缀改变词义或词性，只打此标签 ②如同时考查派生后的单词拼写、读音，同时打此标签以及 “知识点 -> 词汇 -> 词汇（音 / 形 / 义）”",否,,,,,晓蓓,,,,,,,,,,,,,,,,,,,,,,,,,,,,,,,,
知识点->词汇->构词法->转化法,"① 常见题型：单选题、单词拼写、语法填空
② 题干关键词：单选题：转化法；选项可能出现形态相近的词，如like和likes，词性相同但词义不同；单词拼写：根据括号中给出的词性填空；(v. ______) → (n. _______)
③ 涉及考查知识点常有：同一单词不改变词形，直接转化为不同词性使用；常见名转动、动转名、形转动等转化现象；结合语境判断转化后的词义与词性
注意： 如同时考查转化后的单词拼写、读音，同时打此标签以及 “知识点 -> 词汇 -> 词汇（音 / 形 / 义）”","① 常见题型：单选题、单词拼写、语法填空
② 题干关键词：单选题：转化法；选项可能出现形态相近的词，如like和likes，词性相同但词义不同；单词拼写：根据括号中给出的词性填空；(v. ______) → (n. _______)
③ 涉及考查知识点常有：同一单词不改变词形，直接转化为不同词性使用；常见名转动、动转名、形转动等转化现象；结合语境判断转化后的词义与词性
注意： 如同时考查转化后的单词拼写、读音，同时打此标签以及 “知识点 -> 词汇 -> 词汇（音 / 形 / 义）”",否,,,,,晓蓓,,,,,,,,,,,,,,,,,,,,,,,,,,,,,,,,
知识点->词汇->构词法->合成法,"① 常见题型：单选题、单词拼写、语法填空
② 涉及考查知识点常有：两个或多个单词直接组合构成新词；常见合成名词、合成形容词、合成副词、合成代词；合成词的词义理解、拼写与用法；选项多见用中间用连字符连接类型的复合词辨析，如""13-year-old""
注意： 如同时考查转化后的单词拼写、读音，同时打此标签以及 “知识点 -> 词汇 -> 词汇（音 / 形 / 义）”","① 常见题型：单选题、单词拼写、语法填空
② 涉及考查知识点常有：两个或多个单词直接组合构成新词；常见合成名词、合成形容词、合成副词、合成代词；合成词的词义理解、拼写与用法；选项多见用中间用连字符连接类型的复合词辨析，如""13-year-old""
注意： 如同时考查转化后的单词拼写、读音，同时打此标签以及 “知识点 -> 词汇 -> 词汇（音 / 形 / 义）”",否,,,,,晓蓓,,,,,,,,,,,,,,,,,,,,,,,,,,,,,,,,
知识点->词汇->构词法->缩写/简写法,"① 常见题型：单选题、单词拼写
② 题干关键词：缩写、缩略、全称
③ 涉及考查知识点常有：常见单词缩写、名词缩略形式、月份 / 星期简写、标点与书写规范；根据缩写还原完整单词，根据完整单词写出缩写","① 常见题型：单选题、单词拼写
② 题干关键词：缩写、缩略、全称
③ 涉及考查知识点常有：常见单词缩写、名词缩略形式、月份 / 星期简写、标点与书写规范；根据缩写还原完整单词，根据完整单词写出缩写",否,,,,,晓蓓,,,,,,,,,,,,,,,,,,,,,,,,,,,,,,,,
知识点->词法->名词->名词的数->可数名词->可数名词单复数的基本用法,"① 常见题型：单选题、语法填空、单词拼写（单词适当形式填空）、语法选择
②题干关键词：are、is、one/two/three/four...、many、lots of/a lot of、There is/There are、there is/there are、some、a/an、any、a few/few、a little/little、pair(s)
③ 涉及考查知识点常有：可数名词单数与复数的区分；规则名词变复数（直接加 - s、加 - es、变 y 为 i 加 - es、f/fe 变 v 加 - es 等）；不规则名词复数；单复数同形名词；主谓一致中单复数对应
注意：如果还涉及到规则名词变复数、不规则名词复数、不可数名词等考察点，要同时打多个符合要求的标签","① 常见题型：单选题、语法填空、单词拼写（单词适当形式填空）、语法选择
②题干关键词：are、is、one/two/three/four...、many、lots of/a lot of、There is/There are、there is/there are、some、a/an、any、a few/few、a little/little、pair(s)
③ 涉及考查知识点常有：可数名词单数与复数的区分；规则名词变复数（直接加 - s、加 - es、变 y 为 i 加 - es、f/fe 变 v 加 - es 等）；不规则名词复数；单复数同形名词；主谓一致中单复数对应
注意：如果还涉及到规则名词变复数、不规则名词复数、不可数名词等考察点，要同时打多个符合要求的标签",否,,,,,晓蓓,,,,,,,,,,,,,,,,,,,,,,,,,,,,,,,,
知识点->词法->名词->名词的数->可数名词->可数名词复数的规则变化,"① 常见题型：单选题、语法填空、单词拼写（单词适当形式填空）、语法选择
② 题干关键词：are、two/three/four...、many、lots of/a lot of、There are、there are、some、a few、a little
③ 涉及考查知识点常有：一般情况直接加 - s；以 s/x/ch/sh 结尾加 - es；以辅音字母 + y 结尾变 y 为 i 加 - es；以 f/fe 结尾变 v 加 - es；以 o 结尾有生命加 - es 无生命加 - s；字母、数字、缩写词复数加 -'s 或 - s 等规则变化","① 常见题型：单选题、语法填空、单词拼写（单词适当形式填空）、语法选择
② 题干关键词：are、two/three/four...、many、lots of/a lot of、There are、there are、some、a few、a little
③ 涉及考查知识点常有：一般情况直接加 - s；以 s/x/ch/sh 结尾加 - es；以辅音字母 + y 结尾变 y 为 i 加 - es；以 f/fe 结尾变 v 加 - es；以 o 结尾有生命加 - es 无生命加 - s；字母、数字、缩写词复数加 -'s 或 - s 等规则变化",否,,,,,晓蓓,,,,,,,,,,,,,,,,,,,,,,,,,,,,,,,,
知识点->词法->名词->名词的数->可数名词->可数名词复数的不规则变化,"① 常见题型：单选题、语法填空、单词拼写（单词适当形式填空）、语法选择
② 题干关键词：are、two/three/four...、many、lots of/a lot of、There are、there are、some、a few、a little
③ 涉及考查知识点常有：元音变化（man-men, woman-women, foot-feet, tooth-teeth）；词尾特殊变化（child-children, mouse-mice）；单复数同形（sheep, deer, fish, Chinese, Japanese）
注意： 复合名词复数不属于此类不规则变化，不打此标签","① 常见题型：单选题、语法填空、单词拼写（单词适当形式填空）、语法选择
② 题干关键词：are、two/three/four...、many、lots of/a lot of、There are、there are、some、a few、a little
③ 涉及考查知识点常有：元音变化（man-men, woman-women, foot-feet, tooth-teeth）；词尾特殊变化（child-children, mouse-mice）；单复数同形（sheep, deer, fish, Chinese, Japanese）
注意： 复合名词复数不属于此类不规则变化，不打此标签",否,,,,,晓蓓,,,,,,,,,,,,,,,,,,,,,,,,,,,,,,,,
知识点->词法->名词->名词的数->不可数名词,"① 常见题型：单选题、语法填空、单词拼写、语法选择
② 题干关键词：is、much、little、some、any、amount、There is、there is、(too) much、bottle(s) of、glass(es) of、piece(s) of、advice、water、milk
③ 涉及考查知识点常有：不可数名词无复数形式；不可数名词作主语谓语动词用单数；不能直接用不定冠词 a/an 修饰；需用量词表示数量（a piece of /a cup of /a bottle of 等）；常见不可数名词（water, bread, milk, news, advice, information, homework, housework, money 等）
注意： 不可数名词不涉及单复数变化，不与可数名词复数标签混用。","① 常见题型：单选题、语法填空、单词拼写、语法选择
② 题干关键词：is、much、little、some、any、amount、There is、there is、(too) much、bottle(s) of、glass(es) of、piece(s) of、advice、water、milk
③ 涉及考查知识点常有：不可数名词无复数形式；不可数名词作主语谓语动词用单数；不能直接用不定冠词 a/an 修饰；需用量词表示数量（a piece of /a cup of /a bottle of 等）；常见不可数名词（water, bread, milk, news, advice, information, homework, housework, money 等）
注意： 不可数名词不涉及单复数变化，不与可数名词复数标签混用。",否,,,,,晓蓓,,,,,,,,,,,,,,,,,,,,,,,,,,,,,,,,
知识点->词法->名词->名词的数->名词的修饰语,"① 常见题型：单选题、语法填空、单词拼写、语法选择
② 题干关键词：一般在选项出现： many, much, few, a few, little, a little, some, any, lot, lots of, a lot of, plenty of, how many, how much, number, amount （一般在选项出现）
③ 涉及考查知识点常有：不可数名词无复数形式；不可数名词作主语谓语动词用单数；不能直接用不定冠词 a/an 修饰；需用量词表示数量（a piece of /a cup of /a bottle of 等）；常见不可数名词（water, bread, milk, news, advice, information, homework, housework, money 等）
注意： 只考查修饰语与名词数的搭配关系时打此标签；若侧重考查名词本身是可数或不可数，不打此标签，应打对应可数 / 不可数名词标签","① 常见题型：单选题、语法填空、单词拼写、语法选择
② 题干关键词：一般在选项出现： many, much, few, a few, little, a little, some, any, lot, lots of, a lot of, plenty of, how many, how much, number, amount （一般在选项出现）
③ 涉及考查知识点常有：不可数名词无复数形式；不可数名词作主语谓语动词用单数；不能直接用不定冠词 a/an 修饰；需用量词表示数量（a piece of /a cup of /a bottle of 等）；常见不可数名词（water, bread, milk, news, advice, information, homework, housework, money 等）
注意： 只考查修饰语与名词数的搭配关系时打此标签；若侧重考查名词本身是可数或不可数，不打此标签，应打对应可数 / 不可数名词标签",否,,,,,晓蓓,,,,,,,,,,,,,,,,,,,,,,,,,,,,,,,,
知识点->词法->名词->名词所有格->-'s/-s'所有格,"① 常见题型：单选题、语法填空、单词拼写（单词适当形式填空）、语法选择、完成句子
② 题干关键词： It's、Is this、No, it's、Yes, it's；选项中会有带 's/ s' 的单词出现，如Kitty's、brother's、sisters'
③ 涉及考查知识点常有：表所有格单数名词后加 -'s表所有格；以 - s 结尾的复数名词后加 -'表所有格；不以 - s 结尾的复数名词后加 -'s表所有格；共同拥有与分别拥有的所有格区别
注意： 只考查 -'s /-s' 构成的名词所有格时打此标签；若考查 of 所有格或双重所有格，不打此标签；不涉及所属关系的普通复数不打此标签","① 常见题型：单选题、语法填空、单词拼写（单词适当形式填空）、语法选择、完成句子
② 题干关键词： It's、Is this、No, it's、Yes, it's；选项中会有带 's/ s' 的单词出现，如Kitty's、brother's、sisters'
③ 涉及考查知识点常有：表所有格单数名词后加 -'s表所有格；以 - s 结尾的复数名词后加 -'表所有格；不以 - s 结尾的复数名词后加 -'s表所有格；共同拥有与分别拥有的所有格区别
注意： 只考查 -'s /-s' 构成的名词所有格时打此标签；若考查 of 所有格或双重所有格，不打此标签；不涉及所属关系的普通复数不打此标签",否,,,,,晓蓓,,,,,,,,,,,,,,,,,,,,,,,,,,,,,,,,
知识点->词法->名词->名词所有格->of所有格,"① 常见题型：单选题、语法填空、单词拼写、语法选择、完成句子
② 题干关键词： photo、friend、name、shape、color等，常出现在表示无生命事物的属性、所属、部分与整体关系的语境中
③ 涉及考查知识点常有：无生命名词的所属关系用 of 所有格；of 所有格的基本结构（名词 + of + 名词）
注意： 若单选题的所有选项中只出现了介词，还要打上知识点->词汇->词汇辨析->介词（短语）辨析标签","① 常见题型：单选题、语法填空、单词拼写、语法选择、完成句子
② 题干关键词： photo、friend、name、shape、color等，常出现在表示无生命事物的属性、所属、部分与整体关系的语境中
③ 涉及考查知识点常有：无生命名词的所属关系用 of 所有格；of 所有格的基本结构（名词 + of + 名词）
注意： 若单选题的所有选项中只出现了介词，还要打上知识点->词汇->词汇辨析->介词（短语）辨析标签",否,,,,,晓蓓,,,,,,,,,,,,,,,,,,,,,,,,,,,,,,,,
知识点->词法->名词->名词所有格->双重所有格,"① 常见题型：单选题、语法填空、单词拼写、语法选择、完成句子

② 题干关键词：a friend of、an old friend of、a teacher of、 a photo of、they are/They are
③ 涉及考查知识点常有： 区别于普通 of 所有格和’s 所有格
，双重所有格的结构为“a/any/some/ 数词 + 名词 + of + 名词性物主代词(mine/yours/ours/his/hers)/ 's 所有格”，表示部分与整体关系→即“…… 中的一个 / 一些”
注意： 必须同时出现 of + 's 或 of + 名词性物主代词结构才打此标签；只考查单一所有格时不打此标签","① 常见题型：单选题、语法填空、单词拼写、语法选择、完成句子

② 题干关键词：a friend of、an old friend of、a teacher of、 a photo of、they are/They are
③ 涉及考查知识点常有： 区别于普通 of 所有格和’s 所有格
，双重所有格的结构为“a/any/some/ 数词 + 名词 + of + 名词性物主代词(mine/yours/ours/his/hers)/ 's 所有格”，表示部分与整体关系→即“…… 中的一个 / 一些”
注意： 必须同时出现 of + 's 或 of + 名词性物主代词结构才打此标签；只考查单一所有格时不打此标签",否,,,,,晓蓓,,,,,,,,,,,,,,,,,,,,,,,,,,,,,,,,
知识点->词法->名词->集合名词,"① 常见题型：单选题、语法填空、单词拼写、语法选择
② 题干关键词：family, class, team, group, government, crowd, public, police, people, cattle
③ 涉及考查知识点常有：集合名词表示一个整体时谓语动词用单数，表示其中所有成员时谓语动词用复数；常见集合名词单复数用法；people, police, cattle 等本身表复数概念
注意： 只考查集合名词作主语时的主谓一致用法打此标签","① 常见题型：单选题、语法填空、单词拼写、语法选择
② 题干关键词：family, class, team, group, government, crowd, public, police, people, cattle
③ 涉及考查知识点常有：集合名词表示一个整体时谓语动词用单数，表示其中所有成员时谓语动词用复数；常见集合名词单复数用法；people, police, cattle 等本身表复数概念
注意： 只考查集合名词作主语时的主谓一致用法打此标签",否,,,,,晓蓓,,,,,,,,,,,,,,,,,,,,,,,,,,,,,,,,
知识点->词法->名词->专有名词,"① 常见题型：单选题、语法填空、单词拼写、语法选择、首字母填空
② 题干关键词：China, English, May, Sunday, Tom, Beijing, League, WTO, the Great Wall
③ 涉及考查知识点常有：人名、地名、国名、月份、星期、节日、机构、语言等专有名词；首字母必须大写；一般不加冠词；部分专有名词需加 the；一般无复数形式
注意：① 只考查专有名词的识别、大小写书写、基本用法时打此标签，普通名词不打此标签。② 若同时考查定冠词the的用法，还需要打知识点->词法->冠词->定冠词（the）标签。","① 常见题型：单选题、语法填空、单词拼写、语法选择、首字母填空
② 题干关键词：China, English, May, Sunday, Tom, Beijing, League, WTO, the Great Wall
③ 涉及考查知识点常有：人名、地名、国名、月份、星期、节日、机构、语言等专有名词；首字母必须大写；一般不加冠词；部分专有名词需加 the；一般无复数形式
注意：① 只考查专有名词的识别、大小写书写、基本用法时打此标签，普通名词不打此标签。② 若同时考查定冠词the的用法，还需要打知识点->词法->冠词->定冠词（the）标签。",否,,,,,晓蓓,,,,,,,,,,,,,,,,,,,,,,,,,,,,,,,,
知识点->词法->冠词->不定冠词（a/an）->不定冠词的常见用法,"① 常见题型：单选题、语法填空、单词拼写、语法选择
② 涉及考查知识点常有：单词首字母发音；辨析使用a和an的情况（根据发音而非首字母判断 a/an）：a 用于辅音音素开头的词前（注意useful, university, uniform, usual 等字母 u 发 /juː/ 时用a），an 用于元音音素开头的词前（注意umbrella, uncle 等字母 u 发 /ʌ/ 时用an，以及hour, honest 等 h 不发音的词前用an）；
注意：当题目只涉及零冠词或定冠词，不涉及不定冠词时，不打此标签","① 常见题型：单选题、语法填空、单词拼写、语法选择
② 涉及考查知识点常有：单词首字母发音；辨析使用a和an的情况（根据发音而非首字母判断 a/an）：a 用于辅音音素开头的词前（注意useful, university, uniform, usual 等字母 u 发 /juː/ 时用a），an 用于元音音素开头的词前（注意umbrella, uncle 等字母 u 发 /ʌ/ 时用an，以及hour, honest 等 h 不发音的词前用an）；
注意：当题目只涉及零冠词或定冠词，不涉及不定冠词时，不打此标签",否,,,,,晓蓓,,,,,,,,,,,,,,,,,,,,,,,,,,,,,,,,
知识点->词法->冠词->不定冠词（a/an）->a/an的区别,"① 常见题型：单选题、语法填空、单词拼写、语法选择
② 涉及考查知识点常有：单词首字母发音；辨析使用a和an的情况（根据发音而非首字母判断 a/an）：a 用于辅音音素开头的词前（注意useful, university, uniform, usual 等字母 u 发 /juː/ 时用a），an 用于元音音素开头的词前（注意umbrella, uncle 等字母 u 发 /ʌ/ 时用an，以及hour, honest 等 h 不发音的词前用an）；
注意：一般打此标签时，要同时打上知识点->词法->冠词->不定冠词（a/an）->不定冠词的常见用法标签","① 常见题型：单选题、语法填空、单词拼写、语法选择
② 涉及考查知识点常有：单词首字母发音；辨析使用a和an的情况（根据发音而非首字母判断 a/an）：a 用于辅音音素开头的词前（注意useful, university, uniform, usual 等字母 u 发 /juː/ 时用a），an 用于元音音素开头的词前（注意umbrella, uncle 等字母 u 发 /ʌ/ 时用an，以及hour, honest 等 h 不发音的词前用an）；
注意：一般打此标签时，要同时打上知识点->词法->冠词->不定冠词（a/an）->不定冠词的常见用法标签",否,,,,,晓蓓,,,,,,,,,,,,,,,,,,,,,,,,,,,,,,,,
知识点->词法->冠词->定冠词（the）,"① 常见题型：单选题、语法填空、单词拼写、语法选择
② 题干关键词：first/second等序数词、most、Pacific Ocean、sun、violin/guitar等乐器、elderly
③ 涉及考查知识点常有：特指人或事物；复述上文提到的人 / 物；用在序数词、形容词最高级前；独一无二的事物前；乐器名词前；姓氏复数表一家人；江河海洋、山脉群岛等专有名词前；固定搭配中使用 the
","① 常见题型：单选题、语法填空、单词拼写、语法选择
② 题干关键词：first/second等序数词、most、Pacific Ocean、sun、violin/guitar等乐器、elderly
③ 涉及考查知识点常有：特指人或事物；复述上文提到的人 / 物；用在序数词、形容词最高级前；独一无二的事物前；乐器名词前；姓氏复数表一家人；江河海洋、山脉群岛等专有名词前；固定搭配中使用 the",否,,,,,晓蓓,,,,,,,,,,,,,,,,,,,,,,,,,,,,,,,,
知识点->词法->冠词->零冠词,"① 常见题型：单选题、语法选择
② 题干关键词：basketball/tennis等球类、lunch/breakfast/dinner、Chinese/English等学科、by
③ 涉及考查知识点常有：球类 / 棋类 / 学科名词前不加冠词；人名、地名、抽象名词、物质名词前不加冠词；by + 交通工具不加冠词；三餐、星期、月份、季节前一般不加冠词；复数名词表泛指时不加冠词
","① 常见题型：单选题、语法选择
② 题干关键词：basketball/tennis等球类、lunch/breakfast/dinner、Chinese/English等学科、by
③ 涉及考查知识点常有：球类 / 棋类 / 学科名词前不加冠词；人名、地名、抽象名词、物质名词前不加冠词；by + 交通工具不加冠词；三餐、星期、月份、季节前一般不加冠词；复数名词表泛指时不加冠词",否,,,,,晓蓓,,,,,,,,,,,,,,,,,,,,,,,,,,,,,,,,
知识点->词法->代词->人称代词->人称代词的主格,"① 常见题型：单选题、语法选择、语法填空、单词拼写
② 题干关键词：him、her、me、us、them、father、mother等表示性别或身份的词人称代词宾格提示词；一般需要根据这些提示选择或填写正确的人称代词主格
③ 涉及考查知识点常有：人称代词主格在句中作主语；主格形式（I, you, he, she, it, we, they）；主格与宾格的用法区分
","① 常见题型：单选题、语法选择、语法填空、单词拼写
② 题干关键词：him、her、me、us、them、father、mother等表示性别或身份的词人称代词宾格提示词；一般需要根据这些提示选择或填写正确的人称代词主格
③ 涉及考查知识点常有：人称代词主格在句中作主语；主格形式（I, you, he, she, it, we, they）；主格与宾格的用法区分",否,,,,,晓蓓,,,,,,,,,,,,,,,,,,,,,,,,,,,,,,,,
知识点->词法->代词->人称代词->人称代词的宾格,"① 常见题型：单选题、语法选择、语法填空、单词拼写
② 题干关键词：I, you, he, she, it, we, they等表示性别或身份的人称代词主格提示词；一般需要根据这些提示选择或填写正确的人称代词宾格
③ 涉及考查知识点常有：人称代词宾格在句中作动词或介词的宾语；宾格形式（me, you, him, her, it, us, them）；宾格与主格的用法区分
","① 常见题型：单选题、语法选择、语法填空、单词拼写
② 题干关键词：I, you, he, she, it, we, they等表示性别或身份的人称代词主格提示词；一般需要根据这些提示选择或填写正确的人称代词宾格
③ 涉及考查知识点常有：人称代词宾格在句中作动词或介词的宾语；宾格形式（me, you, him, her, it, us, them）；宾格与主格的用法区分",否,,,,,晓蓓,,,,,,,,,,,,,,,,,,,,,,,,,,,,,,,,
知识点->词法->代词->人称代词->人称代词的顺序,"① 常见题型：单选题、语法选择、翻译题、单词拼写、改错题、完成句子
② 涉及考查知识点常有：单选题中一般选项是并列的人称，完成句子和单词拼写中一般提示词是多个并列的人称
单数人称顺序：第二人称 → 第三人称 → 第一人称（you, he/she/Tom等人名 and I）；
复数人称顺序：第一人称 → 第二人称 → 第三人称（we, you and they）；
承担责任 / 认错时顺序：第一人称在前（I and he）","① 常见题型：单选题、语法选择、翻译题、单词拼写、改错题、完成句子
② 涉及考查知识点常有：单选题中一般选项是并列的人称，完成句子和单词拼写中一般提示词是多个并列的人称
单数人称顺序：第二人称 → 第三人称 → 第一人称（you, he/she/Tom等人名 and I）；
复数人称顺序：第一人称 → 第二人称 → 第三人称（we, you and they）；
承担责任 / 认错时顺序：第一人称在前（I and he）",否,,,,,晓蓓,,,,,,,,,,,,,,,,,,,,,,,,,,,,,,,,
知识点->词法->代词->物主代词->形容词性物主代词,"① 常见题型：单选题、语法选择、语法填空、单词拼写、翻译题、完成句子
② 题干关键词：一般填空题或翻译题会出现关键词：他的、她的、他们的、我的
③ 涉及考查知识点常有：形容词性物主代词后必须接名词，不能单独使用，在句中作定语；具有该知识点的选择题/语法选择的选项中往往会出现my, your, his, her, its, our, their
注意：与知识点->词法->代词->物主代词->名词性物主代词标签区分，选择题下划线后紧跟有一个名词的才是形容词性物主代词的用法；如果两种用法同时出现，则两个标签都要打","① 常见题型：单选题、语法选择、语法填空、单词拼写、翻译题、完成句子
② 题干关键词：一般填空题或翻译题会出现关键词：他的、她的、他们的、我的
③ 涉及考查知识点常有：形容词性物主代词后必须接名词，不能单独使用，在句中作定语；具有该知识点的选择题/语法选择的选项中往往会出现my, your, his, her, its, our, their
注意：与知识点->词法->代词->物主代词->名词性物主代词标签区分，选择题下划线后紧跟有一个名词的才是形容词性物主代词的用法；如果两种用法同时出现，则两个标签都要打",否,,,,,晓蓓,,,,,,,,,,,,,,,,,,,,,,,,,,,,,,,,
知识点->词法->代词->物主代词->名词性物主代词,"① 常见题型：单选题、语法选择、语法填空、单词拼写、翻译题、完成句子
② 题干关键词：一般填空题或翻译题会出现关键词：他的、她的、他们的、我的
③ 涉及考查知识点常有：名词性物主代词要单独使用，后不接名词；相当于 “形容词性物主代词 + 名词”，名词性物主代词单独作主语、宾语、表语，后面不能直接加名词；具有该知识点的选择题/语法选择的选项中往往会出现mine, yours, his, hers, its, ours, theirs
注意：如果题目还考查形容词性物主代词、人称代词时，则要根据设计知识点打多个相应标签","① 常见题型：单选题、语法选择、语法填空、单词拼写、翻译题、完成句子
② 题干关键词：一般填空题或翻译题会出现关键词：他的、她的、他们的、我的
③ 涉及考查知识点常有：名词性物主代词要单独使用，后不接名词；相当于 “形容词性物主代词 + 名词”，名词性物主代词单独作主语、宾语、表语，后面不能直接加名词；具有该知识点的选择题/语法选择的选项中往往会出现mine, yours, his, hers, its, ours, theirs
注意：如果题目还考查形容词性物主代词、人称代词时，则要根据设计知识点打多个相应标签",否,,,,,晓蓓,,,,,,,,,,,,,,,,,,,,,,,,,,,,,,,,
知识点->词法->代词->反身代词,"① 常见题型：单选题、语法选择、语法填空、单词拼写
② 题干关键词：单选题：by、make、protect、from、look after等动词或介词；单词拼写/语法填空：自己、亲自、I、you、he、she、it、we、they
③ 涉及考查知识点常有：反身代词的形式变化，具有该知识点的选择题/语法选择的选项中往往会出现myself, yourself, himself, herself, itself, ourselves, yourselves, themselves；反身代词作宾语、同位语、表语；以及固定搭配：enjoy oneself, help oneself to, hurt oneself, teach oneself, by oneself, look after oneself；
","① 常见题型：单选题、语法选择、语法填空、单词拼写
② 题干关键词：单选题：by、make、protect、from、look after等动词或介词；单词拼写/语法填空：自己、亲自、I、you、he、she、it、we、they
③ 涉及考查知识点常有：反身代词的形式变化，具有该知识点的选择题/语法选择的选项中往往会出现myself, yourself, himself, herself, itself, ourselves, yourselves, themselves；反身代词作宾语、同位语、表语；以及固定搭配：enjoy oneself, help oneself to, hurt oneself, teach oneself, by oneself, look after oneself；",否,,,,,晓蓓,,,,,,,,,,,,,,,,,,,,,,,,,,,,,,,,
知识点->词法->代词->指示代词->指示代词this/that/these/those,"① 常见题型：单选题、语法选择、语法填空、单词拼写
② 题干关键词：单词拼写/语法填空：this、that、these、those、这个、那个、这些、那些
③ 涉及考查知识点常有：
this（近，单数）/these（近，复数）
that（远，单数）/those（远，复数）
电话用语中用 this 介绍自己，that 询问对方
具有该知识点的选择题/语法选择的选项中往往会出现this、that、these、those","① 常见题型：单选题、语法选择、语法填空、单词拼写
② 题干关键词：单词拼写/语法填空：this、that、these、those、这个、那个、这些、那些
③ 涉及考查知识点常有：
this（近，单数）/these（近，复数）
that（远，单数）/those（远，复数）
电话用语中用 this 介绍自己，that 询问对方
具有该知识点的选择题/语法选择的选项中往往会出现this、that、these、those",否,,,,,晓蓓,,,,,,,,,,,,,,,,,,,,,,,,,,,,,,,,
知识点->词法->代词->指示代词->指示代词的其他用法,"① 常见题型：单选题、语法选择、语法填空
② 涉及考查知识点常有：1. 比较句型中，that 代替单数 / 不可数名词，比如The book on the desk is newer than that on the shelf./The weather in Beijing is colder than that in Hainan.，those 代替复数名词，比如The students in our class are more active than those in Class 2.，这种情况下，that/those 常与介词 of 连用，特指同类异物；2. 用于承上启下，指代前面整句话内容，比如He won the game. That made his parents happy.","① 常见题型：单选题、语法选择、语法填空
② 涉及考查知识点常有：1. 比较句型中，that 代替单数 / 不可数名词，比如The book on the desk is newer than that on the shelf./The weather in Beijing is colder than that in Hainan.，those 代替复数名词，比如The students in our class are more active than those in Class 2.，这种情况下，that/those 常与介词 of 连用，特指同类异物；2. 用于承上启下，指代前面整句话内容，比如He won the game. That made his parents happy.",否,,,,,晓蓓,,,,,,,,,,,,,,,,,,,,,,,,,,,,,,,,
知识点->词法->代词->不定代词->普通不定代词->some/any的用法,"① 常见题型：单选题、语法选择、语法填空、句型转换
② 题干关键词：句型转换：some/any、改为否定句、改为一般疑问句；单选题：选项中会出现some、any
③ 涉及考查知识点常有：1. 基本用法：some一般用于肯定句，如I have some books.；any一般用于否定句、疑问句，如I don’t have any books./Do you have any books? 2. 高频特殊考点：疑问句中用 some，表示建议、请求、希望得到肯定回答，如Would you like some tea?；any 表示 “任何一个”时，可用于肯定句，如
You can take any book. 3.都可以修饰可数名词复数、不可数名词，如some water / some pens；any milk / any boys 4. 固定搭配，如some day/any more
注意：如果是固定搭配中出现了some/any，如some day/any more，则同时打知识点->词汇->固定搭配/句型标签","① 常见题型：单选题、语法选择、语法填空、句型转换
② 题干关键词：句型转换：some/any、改为否定句、改为一般疑问句；单选题：选项中会出现some、any
③ 涉及考查知识点常有：1. 基本用法：some一般用于肯定句，如I have some books.；any一般用于否定句、疑问句，如I don’t have any books./Do you have any books? 2. 高频特殊考点：疑问句中用 some，表示建议、请求、希望得到肯定回答，如Would you like some tea?；any 表示 “任何一个”时，可用于肯定句，如
You can take any book. 3.都可以修饰可数名词复数、不可数名词，如some water / some pens；any milk / any boys 4. 固定搭配，如some day/any more
注意：如果是固定搭配中出现了some/any，如some day/any more，则同时打知识点->词汇->固定搭配/句型标签",否,,,,,晓蓓,,,,,,,,,,,,,,,,,,,,,,,,,,,,,,,,
知识点->词法->代词->不定代词->普通不定代词->many/much的用法,"① 常见题型：单选题、语法选择、语法填空、完成句子、单词拼写
② 题干关键词：完成句子/单词拼写：太多、许多、many、much；单选题：选项中会出现much/many
③ 涉及考查知识点常有：1. 基本用法：many修饰可数名词复数，much修饰不可数名词 2. how问句：How many + 可数名词复数？比如How many books do you have? ；How much + 不可数名词？/ 问价格，
比如How much water?/How much is it?（多少钱）3.固定搭配：too many + 可数复数：太多；too much + 不可数：太多；much too + 形容词 / 副词：太……
注意：如果考察点中出现了much too + 形容词 / 副词的用法，则同时打知识点->词汇->固定搭配/句型标签","① 常见题型：单选题、语法选择、语法填空、完成句子、单词拼写
② 题干关键词：完成句子/单词拼写：太多、许多、many、much；单选题：选项中会出现much/many
③ 涉及考查知识点常有：1. 基本用法：many修饰可数名词复数，much修饰不可数名词 2. how问句：How many + 可数名词复数？比如How many books do you have? ；How much + 不可数名词？/ 问价格，
比如How much water?/How much is it?（多少钱）3.固定搭配：too many + 可数复数：太多；too much + 不可数：太多；much too + 形容词 / 副词：太……
注意：如果考察点中出现了much too + 形容词 / 副词的用法，则同时打知识点->词汇->固定搭配/句型标签",否,,,,,晓蓓,,,,,,,,,,,,,,,,,,,,,,,,,,,,,,,,
知识点->词法->代词->不定代词->普通不定代词->a few/few/a little/little/a lot (of)的用法,"① 常见题型：单选题、语法选择、语法填空、完成句子、单词拼写、选词填空
② 题干关键词：完成句子/单词拼写/选词填空：有点、一些、a little、little、few、a few、a lot (of)；单选题：选项中会出现a little、little、few、a few、a lot (of)
③ 涉及考查知识点常有：1. 修饰可数名词复数：a few, few；修饰不可数名词：a little, little
2. 带 a → 表示肯定：有一点、有一些，a few + 可数复数：有几个；a little + 不可数：有一点；不带 a → 表示否定：几乎没有，few + 可数复数：几乎没有；little + 不可数：几乎没有 
3. a lot of = lots of，意思：许多，大量，既可以 + 可数复数，也可以 + 不可数 
4. a lot修饰动词，表示 “非常、很多“，比如：Thanks a lot.","① 常见题型：单选题、语法选择、语法填空、完成句子、单词拼写、选词填空
② 题干关键词：完成句子/单词拼写/选词填空：有点、一些、a little、little、few、a few、a lot (of)；单选题：选项中会出现a little、little、few、a few、a lot (of)
③ 涉及考查知识点常有：1. 修饰可数名词复数：a few, few；修饰不可数名词：a little, little
2. 带 a → 表示肯定：有一点、有一些，a few + 可数复数：有几个；a little + 不可数：有一点；不带 a → 表示否定：几乎没有，few + 可数复数：几乎没有；little + 不可数：几乎没有 
3. a lot of = lots of，意思：许多，大量，既可以 + 可数复数，也可以 + 不可数 
4. a lot修饰动词，表示 “非常、很多“，比如：Thanks a lot.",否,,,,,晓蓓,,,,,,,,,,,,,,,,,,,,,,,,,,,,,,,,
知识点->词法->代词->不定代词->普通不定代词->both/all/none/either/neither的用法,"① 常见题型：单选题、语法选择、语法填空、完成句子、单词拼写、选词填空
② 题干关键词：完成句子/单词拼写/选词填空：既不，也不，都是，都不是，都，both/all/none/either/neither；单选题：选项中会出现both/all/none/either/neither
③ 涉及考查知识点常有：
1. 两者：both→both A and B（A 和 B 都）/not both = 并非两者都（部分否定），谓语动词用复数；
either→either A or B 要么 A 要么 B（就近原则），谓语动词常用单数；
neither→neither A nor B 既不 A 也不 B（就近原则）
2. 三者及以上：all→all + 名词 /all of + 代词,指代可数名词复数时，谓语用复数；指代不可数名词时，谓语用单数/否定：not all = 并非全部（部分否定）
none→三者或三者以上都不，常与 of 连用：none of + 复数名词 / 代词，谓语可单可复
","① 常见题型：单选题、语法选择、语法填空、完成句子、单词拼写、选词填空
② 题干关键词：完成句子/单词拼写/选词填空：既不，也不，都是，都不是，都，both/all/none/either/neither；单选题：选项中会出现both/all/none/either/neither
③ 涉及考查知识点常有：
1. 两者：both→both A and B（A 和 B 都）/not both = 并非两者都（部分否定），谓语动词用复数；
either→either A or B 要么 A 要么 B（就近原则），谓语动词常用单数；
neither→neither A nor B 既不 A 也不 B（就近原则）
2. 三者及以上：all→all + 名词 /all of + 代词,指代可数名词复数时，谓语用复数；指代不可数名词时，谓语用单数/否定：not all = 并非全部（部分否定）
none→三者或三者以上都不，常与 of 连用：none of + 复数名词 / 代词，谓语可单可复",否,,,,,晓蓓,,,,,,,,,,,,,,,,,,,,,,,,,,,,,,,,
知识点->词法->代词->不定代词->普通不定代词->other/the other/others/the others/another的用法,"① 常见题型：单选题、语法选择、语法填空、完成句子、单词拼写、选词填空
② 题干关键词：完成句子/单词拼写/选词填空：他人，其他，另外，另一、互相、other/the other/others/the others/another；单选题：选项中会出现other/the other/others/the others/another
③ 涉及考查知识点常有：1. other：形容词，后接复数名词，泛指 “其他的”2. the other，两者中 “另一个”：one…, the other…，后接名词，表 “剩余全部”3. another，三者及以上 “另一个”，后接单数名词，表 “再、又”：another two books 4.others，代词，泛指 “另一些“，搭配：some…, others… 5.the others，代词，特指 “剩余全部”","① 常见题型：单选题、语法选择、语法填空、完成句子、单词拼写、选词填空
② 题干关键词：完成句子/单词拼写/选词填空：他人，其他，另外，另一、互相、other/the other/others/the others/another；单选题：选项中会出现other/the other/others/the others/another
③ 涉及考查知识点常有：1. other：形容词，后接复数名词，泛指 “其他的”2. the other，两者中 “另一个”：one…, the other…，后接名词，表 “剩余全部”3. another，三者及以上 “另一个”，后接单数名词，表 “再、又”：another two books 4.others，代词，泛指 “另一些“，搭配：some…, others… 5.the others，代词，特指 “剩余全部”",否,,,,,晓蓓,,,,,,,,,,,,,,,,,,,,,,,,,,,,,,,,
知识点->词法->代词->不定代词->普通不定代词->one/it/that的用法,"① 常见题型：单选题、语法选择、语法填空、完成句子、单词拼写、选词填空
② 涉及考查知识点常有：1. one，指代同名异物（泛指同类中的一个），代替可数名词单数，复数：ones 2. it，指代同名同物（就是前面那个），可代单数名词、不可数名词、一件事 3. that，指代同名异物（特指，常用于比较），可代可数单数 / 不可数名词，常用于：the + 名词 + …that of…","① 常见题型：单选题、语法选择、语法填空、完成句子、单词拼写、选词填空
② 涉及考查知识点常有：1. one，指代同名异物（泛指同类中的一个），代替可数名词单数，复数：ones 2. it，指代同名同物（就是前面那个），可代单数名词、不可数名词、一件事 3. that，指代同名异物（特指，常用于比较），可代可数单数 / 不可数名词，常用于：the + 名词 + …that of…",否,,,,,晓蓓,,,,,,,,,,,,,,,,,,,,,,,,,,,,,,,,
知识点->词法->代词->不定代词->普通不定代词->each/every的用法,"① 常见题型：单选题、语法选择、语法填空、完成句子、单词拼写、选词填空
② 题干关键词：完成句子/单词拼写/选词填空：每个、each/every；单选题：选项中会出现each/every
③ 涉及考查知识点常有：1.each，两者及以上都可用，可作代词、形容词，可单独用，可接 of，强调个体 2.every，只能三者及以上，只作形容词，不能单独用，不能接 of，强调整体 3.修饰名词时，谓语动词都用单数","① 常见题型：单选题、语法选择、语法填空、完成句子、单词拼写、选词填空
② 题干关键词：完成句子/单词拼写/选词填空：每个、each/every；单选题：选项中会出现each/every
③ 涉及考查知识点常有：1.each，两者及以上都可用，可作代词、形容词，可单独用，可接 of，强调个体 2.every，只能三者及以上，只作形容词，不能单独用，不能接 of，强调整体 3.修饰名词时，谓语动词都用单数",否,,,,,晓蓓,,,,,,,,,,,,,,,,,,,,,,,,,,,,,,,,
知识点->词法->代词->不定代词->复合不定代词->复合不定代词的词义与用法,"① 常见题型：单选题、语法选择、语法填空、完成句子、单词拼写、选词填空
② 题干关键词：完成句子/单词拼写/选词填空：任何人、每个人、所有人、事情、something/anything/nothing/everything/someone/anyone/no one/nobody/everyone/everybody；单选题：选项中会出现something/anything/nothing/everything/someone/anyone/no one/nobody/everyone/everybody
③ 涉及考查知识点常有：1. 词义考察考生对something/anything/nothing/everything/someone/anyone/no one/nobody/everyone/everybody中文词义的掌握
2. 用法：复合不定代词作主语时谓语用单数；some - 多用于肯定句，any - 多用于否定、疑问句；表请求、建议时疑问句用 some-；every- 一律用于肯定语境，表 “任何”","① 常见题型：单选题、语法选择、语法填空、完成句子、单词拼写、选词填空
② 题干关键词：完成句子/单词拼写/选词填空：任何人、每个人、所有人、事情、something/anything/nothing/everything/someone/anyone/no one/nobody/everyone/everybody；单选题：选项中会出现something/anything/nothing/everything/someone/anyone/no one/nobody/everyone/everybody
③ 涉及考查知识点常有：1. 词义考察考生对something/anything/nothing/everything/someone/anyone/no one/nobody/everyone/everybody中文词义的掌握
2. 用法：复合不定代词作主语时谓语用单数；some - 多用于肯定句，any - 多用于否定、疑问句；表请求、建议时疑问句用 some-；every- 一律用于肯定语境，表 “任何”",否,,,,,晓蓓,,,,,,,,,,,,,,,,,,,,,,,,,,,,,,,,
知识点->词法->代词->不定代词->复合不定代词->形容词修饰复合不定代词时的位置,"① 常见题型：单选题、语法选择、语法填空、完成句子、单词拼写、选词填空
② 题干关键词：完成句子/单词拼写/选词填空：任何人、每个人、所有人、事情、something/anything/nothing/everything/someone/anyone/no one/nobody/everyone/everybody；单选题：选项中会出现something/anything/nothing/everything/someone/anyone/no one/nobody/everyone/everybody；
③ 涉及考查知识点常有：形容词修饰复合不定代词时，要放在不定代词后面，即定语后置，例：something important
注意：当所考察的复合不定代词something/anything/nothing/everything/someone/anyone/no one/nobody/everyone/everybody出现在名词后做定语时，才打该标签，且同时要打知识点->词法->代词->不定代词->复合不定代词->复合不定代词的词义与用法标签。","① 常见题型：单选题、语法选择、语法填空、完成句子、单词拼写、选词填空
② 题干关键词：完成句子/单词拼写/选词填空：任何人、每个人、所有人、事情、something/anything/nothing/everything/someone/anyone/no one/nobody/everyone/everybody；单选题：选项中会出现something/anything/nothing/everything/someone/anyone/no one/nobody/everyone/everybody；
③ 涉及考查知识点常有：形容词修饰复合不定代词时，要放在不定代词后面，即定语后置，例：something important
注意：当所考察的复合不定代词something/anything/nothing/everything/someone/anyone/no one/nobody/everyone/everybody出现在名词后做定语时，才打该标签，且同时要打知识点->词法->代词->不定代词->复合不定代词->复合不定代词的词义与用法标签。",否,,,,,晓蓓,,,,,,,,,,,,,,,,,,,,,,,,,,,,,,,,
知识点->词法->代词->相互代词,"① 常见题型：单选题、语法选择、语法填空、完成句子、单词拼写、选词填空
② 题干关键词：完成句子/单词拼写/选词填空：互相、彼此、相互、each other / one another；单选题：选项中会出现each other / one another/each/other/another；
③ 涉及考查知识点常有：相互代词只能作宾语，不能作主语；其所有格为：each other’s / one another’s；each other多用于两者之间，one another多用于三者及以上之间
注意：当考查所有格each other’s / one another’s时，要打上相应的知识点->词法->名词->名词所有格->-'s/-s'所有格标签","① 常见题型：单选题、语法选择、语法填空、完成句子、单词拼写、选词填空
② 题干关键词：完成句子/单词拼写/选词填空：互相、彼此、相互、each other / one another；单选题：选项中会出现each other / one another/each/other/another；
③ 涉及考查知识点常有：相互代词只能作宾语，不能作主语；其所有格为：each other’s / one another’s；each other多用于两者之间，one another多用于三者及以上之间
注意：当考查所有格each other’s / one another’s时，要打上相应的知识点->词法->名词->名词所有格->-'s/-s'所有格标签",否,,,,,晓蓓,,,,,,,,,,,,,,,,,,,,,,,,,,,,,,,,
知识点->词法->代词->it 的用法->it 指代性别/身份不明的人,"① 常见题型：单选题、语法选择、语法填空
② 题干关键词：填空题：谁；单选题：maybe, number, must be, can be, who, name, baby, phone, door; 选项中会出现it
③ 涉及考查知识点常有：当不确定人的性别、身份（如小婴儿），或敲门、打电话、看到远处身影的情况时，用 it 指代","① 常见题型：单选题、语法选择、语法填空
② 题干关键词：填空题：谁；单选题：maybe, number, must be, can be, who, name, baby, phone, door; 选项中会出现it
③ 涉及考查知识点常有：当不确定人的性别、身份（如小婴儿），或敲门、打电话、看到远处身影的情况时，用 it 指代",否,,,,,晓蓓,,,,,,,,,,,,,,,,,,,,,,,,,,,,,,,,
知识点->词法->代词->it 的用法->it 指天气/时间/距离/价值等,"① 常见题型：单选题、语法选择、语法填空、填空题
② 题干关键词：填空题：天气、现在、雨、雪、晴；单选题：rainy、snowy、windy、weather、cool、wet、hot、kilometres、miles、minutes、hours
③ 涉及考查知识点常有：it 指代天气、时间、日期、季节、距离、价值、环境等，当句中有相应抽象概念时，用it指代","① 常见题型：单选题、语法选择、语法填空、填空题
② 题干关键词：填空题：天气、现在、雨、雪、晴；单选题：rainy、snowy、windy、weather、cool、wet、hot、kilometres、miles、minutes、hours
③ 涉及考查知识点常有：it 指代天气、时间、日期、季节、距离、价值、环境等，当句中有相应抽象概念时，用it指代",否,,,,,晓蓓,,,,,,,,,,,,,,,,,,,,,,,,,,,,,,,,
知识点->词法->代词->it 的用法->it 作形式主语,"① 常见题型：单选题、语法选择、语法填空、填空题
② 题干关键词：It is/It's (very) difficult/easy/hard/important/necessary (for us/you/me/him/her)；选项中常出现for，to，it，it's
③ 涉及考查知识点常有：it 作形式主语，代替真正的主语（不定式、动名词、主语从句），放句首，真正主语后置，避免句子头重脚轻；常用句型：It's + 形容词 + to do sth.，It's + 名词 + to do sth.，It's + 形容词 + that 从句","① 常见题型：单选题、语法选择、语法填空、填空题
② 题干关键词：It is/It's (very) difficult/easy/hard/important/necessary (for us/you/me/him/her)；选项中常出现for，to，it，it's
③ 涉及考查知识点常有：it 作形式主语，代替真正的主语（不定式、动名词、主语从句），放句首，真正主语后置，避免句子头重脚轻；常用句型：It's + 形容词 + to do sth.，It's + 名词 + to do sth.，It's + 形容词 + that 从句",否,,,,,晓蓓,,,,,,,,,,,,,,,,,,,,,,,,,,,,,,,,
知识点->词法->代词->it 的用法->it 作形式宾语,"① 常见题型：单选题、语法选择、语法填空、填空题
② 题干关键词：think /find/feel /make... difficult/easy/hard/important/necessary (for us/you/me/him/her)；选项中常出现to
③ 涉及考查知识点常有：it 作形式宾语，代替真正宾语（不定式、动名词、宾语从句），放在谓语后，真正宾语后置，构成：主语 + 谓语 + it + 宾补 + 真正宾语；常用句型：主语 + think /find/feel /make + it + 形容词 / 名词 + to do sth.","① 常见题型：单选题、语法选择、语法填空、填空题
② 题干关键词：think /find/feel /make... difficult/easy/hard/important/necessary (for us/you/me/him/her)；选项中常出现to
③ 涉及考查知识点常有：it 作形式宾语，代替真正宾语（不定式、动名词、宾语从句），放在谓语后，真正宾语后置，构成：主语 + 谓语 + it + 宾补 + 真正宾语；常用句型：主语 + think /find/feel /make + it + 形容词 / 名词 + to do sth.",否,,,,,晓蓓,,,,,,,,,,,,,,,,,,,,,,,,,,,,,,,,
知识点->词法->代词->代词与动词短语的位置关系,"① 常见题型：单选题、语法选择、语法填空、填空题
② 题干关键词：代词宾格it, them, him, her, me, us作为选项或题干提示；turn, pick, put, give, take, write, cut, find, think, cheer, hand, work + up/down/on/off/over/in/out等组合的动副短语（代词在中间）
③ 涉及考查知识点常有：1.动词 + 介词（动介短语）：宾语的代词都只能放在介词的后面，不能放在动词与介词之间 2. 动词 + 副词（动副短语）
，宾语如果是人称代词或反身代词：必须放在动词和副词之间。常见动副短语：give up, pick up, put on, take off, turn on, turn off, turn down, turn up, put away, put down, write down, cut down, find out, think over, cheer up, look up, hand in, work out 等。3. 动词 + 副词 + 介词/动词 + 名词 + 介词：宾语代词只能放在介词后面。
4. 动词 + 形容词
：宾语如果是人称代词或反身代词，必须放在形容词前面。",第三轮：最终的高密度结构化释义。① 常见题型：单选题、语法选择、语法填空、填空题② 题干关键词：代词宾格it、them、him、her、me、us；turn、pick、put、give、take、write、cut、find、think、cheer、hand、work分别与up/down/on/off/over/in/out组合的动副短语③ 涉及考查知识点有：动介短语宾语位置规则；动副短语人称代词/反身代词宾语位置规则；动词+副词+介词/动词+名词+介词结构宾语代词位置规则；动词+形容词结构人称代词/反身代词宾语位置规则注意：无明确说明,否,,,,,晓蓓,,,,,,,,,,,,,,,,,,,,,,,,,,,,,,,,
知识点->词法->介词->时间介词,"① 常见题型：单选题、语法选择、语法填空、填空题
② 题干关键词：时间状语词：morning / afternoon / evening, night, noon, Monday, June, summer, 2025, 7:00, birthday, weekend, Christmas, age 等；介词本身：at, in, on, since, for, from, to, by, before, after, during, until/till
③ 涉及考查知识点常有：at：接具体时刻、点钟、节假日，比如at 6:00 /at noon /at night /at Christmas；on：接具体某天、星期、节日，比如on Monday /on June 1st /on Sunday morning；in：接年、月、季节、泛指早中晚，比如in 2025 /in May /in summer /in the morning；since：自从（接过去时间点，现完）；for：持续（接时间段，现完）；before/after：在…… 之前 / 之后；until/till：直到","① 常见题型：单选题、语法选择、语法填空、填空题
② 题干关键词：时间状语词：morning / afternoon / evening, night, noon, Monday, June, summer, 2025, 7:00, birthday, weekend, Christmas, age 等；介词本身：at, in, on, since, for, from, to, by, before, after, during, until/till
③ 涉及考查知识点常有：at：接具体时刻、点钟、节假日，比如at 6:00 /at noon /at night /at Christmas；on：接具体某天、星期、节日，比如on Monday /on June 1st /on Sunday morning；in：接年、月、季节、泛指早中晚，比如in 2025 /in May /in summer /in the morning；since：自从（接过去时间点，现完）；for：持续（接时间段，现完）；before/after：在…… 之前 / 之后；until/till：直到",否,,,,,晓蓓,,,,,,,,,,,,,,,,,,,,,,,,,,,,,,,,
知识点->词法->介词->地点/方位/方向介词->地点介词,"① 常见题型：单选题、语法选择、语法填空、填空题
② 题干关键词：地点名词：home, school, hospital, park, bus stop, station, airport, city, country, room, box, drawer, corner (of street) 等
；介词本身：at, in, on
③ 涉及考查知识点常有：at + 小地点 / 具体点：at home, at school, at the bus stop, at the door, at the cinema
；in + 大地点 / 封闭空间 / 范围里：in Beijing, in China, in the room, in the box, in the water, in the world
；on + 有接触面的上面：on the desk, on the wall, on the floor, on the ceiling, on the river","① 常见题型：单选题、语法选择、语法填空、填空题
② 题干关键词：地点名词：home, school, hospital, park, bus stop, station, airport, city, country, room, box, drawer, corner (of street) 等
；介词本身：at, in, on
③ 涉及考查知识点常有：at + 小地点 / 具体点：at home, at school, at the bus stop, at the door, at the cinema
；in + 大地点 / 封闭空间 / 范围里：in Beijing, in China, in the room, in the box, in the water, in the world
；on + 有接触面的上面：on the desk, on the wall, on the floor, on the ceiling, on the river",否,,,,,晓蓓,,,,,,,,,,,,,,,,,,,,,,,,,,,,,,,,
知识点->词法->介词->地点/方位/方向介词->方位介词,"① 常见题型：单选题、语法选择、语法填空、填空题
② 题干关键词：方位描述词：above, below, over, under, beside, near, by, next to, between, among, behind, in front of, opposite, across from, inside, outside, around
；空间位置名词：top, bottom, left, right, middle, center, front, back, side, edge, corner
③ 涉及考查知识点常有：表示 “在…… 上方 / 下方”：above 在上方（不接触，非垂直）；over 正上方（垂直，可覆盖）；under 正下方（垂直）；below 下方（非垂直，位置更低）；表示 “在…… 旁边 / 附近”：beside/next to 在旁边（紧邻）；near/by 在附近；around 在…… 周围；表示 “在…… 之间 / 之中”：between 在两者之间；among 在三者及以上之间；表示 “在…… 前 / 后”：in front of 在外部前方；in the front of 在内部前部；behind 在后面；表示 “在…… 对面”：opposite/across from 在对面；表示 “在…… 内部 / 外部”：inside 在里面；outside 在外面","第三轮：最终的高密度结构化释义。① 常见题型：单选题、语法选择、语法填空、填空题；② 题干关键词：above, below, over, under, beside, near, by, next to, between, among, behind, in front of, opposite, across from, inside, outside, around, top, bottom, left, right, middle, center, front, back, side, edge, corner；③ 涉及考查知识点有：方位介词（地点介词）词义及适用场景辨析，含上下、旁侧附近、范围区间、前后、对面、内外六类方位介词的用法区分；注意：无明确说明",否,,,,,晓蓓,,,,,,,,,,,,,,,,,,,,,,,,,,,,,,,,
知识点->词法->介词->地点/方位/方向介词->方向介词,"① 常见题型：单选题、语法选择、语法填空、填空题
② 题干关键词：动态动词：go, come, walk, run, drive, fly, move, jump, fall, climb, swim, travel, send, throw, look（表示朝向时），point, turn
；方向性名词：direction, way, north, south, east, west, left, right, home, here, there, inside, outside, upstairs, downstairs
；介词本身（常在选项里出现）：to, toward, into, onto, out of, from, off, across, through, along, up, down, around, past, (a)round, via
③ 涉及考查知识点常有：
表示 “到……/ 朝向……”：to 到目的地；toward (s) 朝向方向；into 进入内部；onto 到表面上；
表示 “从……/ 离开……”：from 从起点；out of 从…… 出来；off 脱离表面；
表示 “穿过 / 横过 / 沿着”：across 表面横过；through 内部穿过；along 沿着；
表示 “向上 / 向下”：up 向上；down 向下；
表示 “环绕 / 经过”：around/round 环绕；past 经过；易混淆对比：across 表面横过，through 内部穿过；to 强调到达，toward 强调方向；into 强调进入动作","第三轮：最终的高密度结构化释义。① 常见题型：单选题、语法选择、语法填空、填空题；② 题干关键词：动态动词：go, come, walk, run, drive, fly, move, jump, fall, climb, swim, travel, send, throw, look（表示朝向时）, point, turn；方向性名词：direction, way, north, south, east, west, left, right, home, here, there, inside, outside, upstairs, downstairs；选项介词：to, toward, into, onto, out of, from, off, across, through, along, up, down, around, past, (a)round, via；③ 涉及考查知识点有：“到/朝向”类方向介词用法、“从/离开”类方向介词用法、“穿过/横过/沿着”类方向介词用法、“向上/向下”类方向介词用法、“环绕/经过”类方向介词用法；注意：易混淆点：across表表面横过，through表内部穿过；to强调到达，toward强调方向；into强调进入动作；无明确不打此标签的排他规则。",否,,,,,晓蓓,,,,,,,,,,,,,,,,,,,,,,,,,,,,,,,,
知识点->词法->介词->表示方式/手段/工具/材料的介词,"① 常见题型：单选题、语法选择、语法填空、填空题
② 题干关键词：方式/手段名词：bus, train, plane, bike, car, taxi, boat, foot, hand, email, phone, radio, Internet, pen, pencil, chopsticks, knife, fork, spoon, English, Chinese, French, ink, water, wood, paper, silk, cotton, glass, plastic, stone 等
；工具/材料名词：knife, scissors, hammer, brush, chopsticks, hand, foot, voice, whisper, ink, water, wood, metal, paper, cloth 等
；介词本身：by, with, in, on, through, via, using（动名词形式也常见，但介词考点主要考 by/with/in/on）
③ 涉及考查知识点常有：1. by + 交通工具 / 方式（表示乘坐或通过某种方式）；2. with + 具体工具 / 材料（表示使用具体的器具或身体部位）；3. in + 语言 / 材料 / 方式（表示用某种语言、声音、书写材料或形式）；4. on + 媒体 / 电器 / 平台（表示通过某种设备或媒介）；5. through + 中介 / 过程（表示通过某种渠道或中间环节）",第三轮：最终的高密度结构化释义。① 常见题型：单选题、语法选择、语法填空、填空题；② 题干关键词：方式/手段类名词：bus、train、plane、bike、car、taxi、boat、foot、hand、email、phone、radio、Internet、pen、pencil、chopsticks、knife、fork、spoon、English、Chinese、French、ink、water、wood、paper、silk、cotton、glass、plastic、stone；工具/材料类名词：knife、scissors、hammer、brush、chopsticks、hand、foot、voice、whisper、ink、water、wood、metal、paper、cloth；介词/动名词：by、with、in、on、through、via、using（using为常见动名词形式，介词考点核心考查by/with/in/on）；③ 涉及考查知识点有：by + 交通工具 / 方式（表示乘坐或通过某种方式）；with + 具体工具 / 材料（表示使用具体的器具或身体部位）；in + 语言 / 材料 / 方式（表示用某种语言、声音、书写材料或形式）；on + 媒体 / 电器 / 平台（表示通过某种设备或媒介）；through + 中介 / 过程（表示通过某种渠道或中间环节）；注意：无明确说明,否,,,,,晓蓓,,,,,,,,,,,,,,,,,,,,,,,,,,,,,,,,
知识点->词法->介词->表示原因/目的/让步/替代的介词,"① 常见题型：单选题、语法选择、语法填空、填空题
② 题干关键词：because of, due to, thanks to, as a result of, through（因…而），for（因…而），with（因…而）
，for（为了），to（为了，但 to 是动词不定式符号），so as to（后接动词原形，不属于介词）
，despite, in spite of（尽管）
，instead of（代替），in place of（代替）
，reason, cause, purpose, aim, goal, although（提示让步），replace, substitute, rather than（提示替代）等
③ 涉及考查知识点常有：表示原因的介词（短语），表示目的的介词，表示让步的介词（短语），表示替代的介词（短语）","① 常见题型：单选题、语法选择、语法填空、填空题
② 题干关键词：because of, due to, thanks to, as a result of, through（因…而），for（因…而），with（因…而）
，for（为了），to（为了，但 to 是动词不定式符号），so as to（后接动词原形，不属于介词）
，despite, in spite of（尽管）
，instead of（代替），in place of（代替）
，reason, cause, purpose, aim, goal, although（提示让步），replace, substitute, rather than（提示替代）等
③ 涉及考查知识点常有：表示原因的介词（短语），表示目的的介词，表示让步的介词（短语），表示替代的介词（短语）",否,,,,,晓蓓,,,,,,,,,,,,,,,,,,,,,,,,,,,,,,,,
知识点->词法->介词->表“除······以外”的介词,"① 常见题型：单选题、语法选择、语法填空、填空题
② 题干关键词：排除/包含提示词：everyone, everything, all, nobody, nothing, none, no one, whole, all the students, the whole class, any, anything, anybody 等
；介词本身：except, besides, but, apart from, other than, except for
③ 涉及考查知识点常有：except：排除，不包括在内；besides：包括，除此之外还有；but：同 except，多用于否定句或 nothing but 结构；except for：整体中挑出局部细节，表示美中不足","① 常见题型：单选题、语法选择、语法填空、填空题
② 题干关键词：排除/包含提示词：everyone, everything, all, nobody, nothing, none, no one, whole, all the students, the whole class, any, anything, anybody 等
；介词本身：except, besides, but, apart from, other than, except for
③ 涉及考查知识点常有：except：排除，不包括在内；besides：包括，除此之外还有；but：同 except，多用于否定句或 nothing but 结构；except for：整体中挑出局部细节，表示美中不足",否,,,,,晓蓓,,,,,,,,,,,,,,,,,,,,,,,,,,,,,,,,
知识点->词法->介词->with复合结构,"① 常见题型：单选题、语法选择、语法填空、填空题
② 涉及考查知识点一般有以下两种情况：1.with介词短语作定语，放在名词后，表示该名词的特征、属性或附属物，相当于一个形容词。常见结构：名词 + with + 名词（或代词），如 the girl with big eyes（大眼睛的女孩），a teacher with rich experience（经验丰富的老师）。2. with复合结构做状语，“with + 宾语 + 宾补”/”with + 名词/代词 + 形容词/副词/介词短语/现在分词/过去分词/不定式“，表示伴随、原因、条件或方式。宾补形式取决于宾语与补语的关系：主动用现在分词（with a boy crying），被动用过去分词（with the work done），状态用形容词/介词短语（with the door open / with a book in his hand），表将来用不定式（with nothing to eat）。常见搭配：with the light on, with the door open, with a boy crying, with the work done, with nothing to do",第三轮：最终的高密度结构化释义。① 常见题型：单选题、语法选择、语法填空、填空题；② 题干关键词：with；③ 涉及考查知识点有：with介词短语作定语、with复合结构作状语；注意：无明确说明,否,,,,,晓蓓,,,,,,,,,,,,,,,,,,,,,,,,,,,,,,,,
知识点->词法->介词->其他介词,"① 常见题型：单选题、语法选择、语法填空、填空题
② 题干关键词：look like, be like, serve, help, hesitation, rules, meters，second；介词本身：like, as, without, against, about, of, per等
③ 涉及考查知识点常有：like：像……一样，表相似，如 He looks like his father；as：作为（介词），表身份或功能，如 He works as a teacher；without：没有，反义词 with，如 He left without a word；against：反对（be against）；
about：关于（talk about）；大约（about 10 miles）
注意：如果知识点->词法->介词->时间介词、知识点->词法->介词->地点/方位/方向介词->地点介词、知识点->词法->介词->地点/方位/方向介词->方位介词、知识点->词法->介词->地点/方位/方向介词->方向介词、知识点->词法->介词->表示方式/手段/工具/材料的介词、知识点->词法->介词->表示原因/目的/让步/替代的介词、知识点->词法->介词->表“除······以外”的介词、知识点->词法->介词->with复合结构标签逻辑均无法覆盖某一题，则打此标签","① 常见题型：单选题、语法选择、语法填空、填空题
② 题干关键词：look like, be like, serve, help, hesitation, rules, meters, second, like, as, without, against, about, of, per
③ 涉及考查知识点有：like作介词表相似、as作介词表身份或功能、without表“没有”（反义词为with）、against表“反对”、about表“关于/大约”、通用介词词义辨析
注意：若题目可被知识点->词法->介词->时间介词、知识点->词法->介词->地点/方位/方向介词->地点介词、知识点->词法->介词->地点/方位/方向介词->方位介词、知识点->词法->介词->地点/方位/方向介词->方向介词、知识点->词法->介词->表示方式/手段/工具/材料的介词、知识点->词法->介词->表示原因/目的/让步/替代的介词、知识点->词法->介词->表“除······以外”的介词、知识点->词法->介词->with复合结构任一标签覆盖，则不打此标签，已删除所有举例，结构符合规范要求",否,,,,,晓蓓,,,,,,,,,,,,,,,,,,,,,,,,,,,,,,,,
知识点->词法->形容词与副词->形容词的用法->形容词作定语,"① 常见题型：单选题、语法选择、语法填空、填空题
② 题干关键词：the，a/an，have，has；选项一般是形容词和副词、名词等并列；有时是并列的不同形容词
③ 涉及考查知识点常有：形容词作定语用于修饰名词，表示名词的特征或属性。可能在选项中考查考生辨析形容词和副词的区别和用法的能力
注意：如果选项中出现并列的不同形容词，需要同时打知识点->词汇->词汇辨析->形容词（短语）辨析标签；如果选项中还有副词，则需要同时打知识点->词汇->词汇辨析->副词（短语）辨析标签","① 常见题型：单选题、语法选择、语法填空、填空题
② 题干关键词：the，a/an，have，has；选项一般是形容词和副词、名词等并列；有时是并列的不同形容词
③ 涉及考查知识点常有：形容词作定语用于修饰名词，表示名词的特征或属性。可能在选项中考查考生辨析形容词和副词的区别和用法的能力
注意：如果选项中出现并列的不同形容词，需要同时打知识点->词汇->词汇辨析->形容词（短语）辨析标签；如果选项中还有副词，则需要同时打知识点->词汇->词汇辨析->副词（短语）辨析标签",否,,,,,晓蓓,,,,,,,,,,,,,,,,,,,,,,,,,,,,,,,,
知识点->词法->形容词与副词->形容词的用法->形容词作表语,"① 常见题型：单选题、语法选择、语法填空、填空题
② 题干关键词：系动词：be (am/is/are/was/were)，感官动词 (look, sound, feel, taste, smell)，变化动词 (become, get, turn, grow, go)，保持动词 (keep, stay, remain, seem, appear)
③ 涉及考查知识点常有：形容词作表语放在系动词后，说明主语的状态或特征。常考“表语形容词”：只能作表语不能作定语，如 alone, asleep, afraid, alive, awake, ill，glad，sorry，sure。系动词分类：be动词、感官动词（look, sound等）、变化动词（become, get, turn等）、保持动词（keep, stay等）","① 常见题型：单选题、语法选择、语法填空、填空题
② 题干关键词：系动词：be (am/is/are/was/were)，感官动词 (look, sound, feel, taste, smell)，变化动词 (become, get, turn, grow, go)，保持动词 (keep, stay, remain, seem, appear)
③ 涉及考查知识点常有：形容词作表语放在系动词后，说明主语的状态或特征。常考“表语形容词”：只能作表语不能作定语，如 alone, asleep, afraid, alive, awake, ill，glad，sorry，sure。系动词分类：be动词、感官动词（look, sound等）、变化动词（become, get, turn等）、保持动词（keep, stay等）",否,,,,,晓蓓,,,,,,,,,,,,,,,,,,,,,,,,,,,,,,,,
知识点->词法->形容词与副词->形容词的用法->形容词作补语,"① 常见题型：单选题、语法选择、语法填空、填空题

② 题干关键词：make, keep, find, leave, paint, dye, cut, push, pull, get, set, drive, found, set
③ 涉及考查知识点常有：形容词作补语常出现在“动词+宾语+形容词”结构中，补充说明宾语的状态或结果，常见动词：make（使变得），keep（保持），find（发现），leave（使处于），paint（漆成），cut（切出），push（推开）等。另外在被动语态中，形容词作补语时做主语补足语，如The door was painted white","① 常见题型：单选题、语法选择、语法填空、填空题

② 题干关键词：make, keep, find, leave, paint, dye, cut, push, pull, get, set, drive, found, set
③ 涉及考查知识点常有：形容词作补语常出现在“动词+宾语+形容词”结构中，补充说明宾语的状态或结果，常见动词：make（使变得），keep（保持），find（发现），leave（使处于），paint（漆成），cut（切出），push（推开）等。另外在被动语态中，形容词作补语时做主语补足语，如The door was painted white",否,,,,,晓蓓,,,,,,,,,,,,,,,,,,,,,,,,,,,,,,,,
知识点->词法->形容词与副词->形容词的用法->形容词作状语,"① 常见题型：单选题、语法选择、语法填空、填空题

② 题干关键词：结构标志：形容词（短语）位于句首或句末，常用逗号与主句隔开；或与主句主语构成逻辑上的描述关系。常在选项中出现：tired, hungry, cold, hot, happy, sad, angry, excited, surprised, helpless, alone, silent, awake, asleep 
③ 涉及考查知识点常有：形容词作状语表示主语的状态、原因、伴随或结果，相当于状语从句的省略。常位于句首（表原因或时间）或句尾（表伴随或结果）。如：Tired, he stopped working（原因）；He stood there, silent（伴随）。
注意：形容词作状语一般都是修饰主语的状态","① 常见题型：单选题、语法选择、语法填空、填空题

② 题干关键词：结构标志：形容词（短语）位于句首或句末，常用逗号与主句隔开；或与主句主语构成逻辑上的描述关系。常在选项中出现：tired, hungry, cold, hot, happy, sad, angry, excited, surprised, helpless, alone, silent, awake, asleep 
③ 涉及考查知识点常有：形容词作状语表示主语的状态、原因、伴随或结果，相当于状语从句的省略。常位于句首（表原因或时间）或句尾（表伴随或结果）。如：Tired, he stopped working（原因）；He stood there, silent（伴随）。
注意：形容词作状语一般都是修饰主语的状态",否,,,,,晓蓓,,,,,,,,,,,,,,,,,,,,,,,,,,,,,,,,
知识点->词法->形容词与副词->副词的用法->副词修饰动词,"① 常见题型：单选题、语法选择、语法填空、填空题

② 题干关键词：run, walk, speak, work, study, drive, eat, sleep, dance, sing, read, write 等；选项中常出现：quickly, slowly, carefully, happily, loudly, fast, well, hard, late, early, often, always, never, sometimes, there, here, inside, outside, upstairs, downstairs
③ 涉及考查知识点常有：副词修饰动词，表示动作的方式、程度、频率、时间或地点。基本有以下几类：1.方式副词（carefully, quickly）回答“怎样做”；2.频率副词（always, never）回答“多久一次”；3.地点副词（here, there）回答“在哪里”。
注意：系动词后用形容词，注意辨析look等可做系动词的动词在句中的真实词性，如果是做系动词用，则打知识点->词法->形容词与副词->形容词的用法->形容词作表语标签而非知识点->词法->形容词与副词->副词的用法->副词修饰动词标签","第三轮：最终的高密度结构化释义。① 常见题型：单选题、语法选择、语法填空、填空题；② 题干关键词：run, walk, speak, work, study, drive, eat, sleep, dance, sing, read, write, quickly, slowly, carefully, happily, loudly, fast, well, hard, late, early, often, always, never, sometimes, there, here, inside, outside, upstairs, downstairs；③ 涉及考查知识点有：副词修饰动词（含方式、频率、地点等类别的副词修饰动词，表动作的方式、程度、频率、时间、地点的用法）；注意：若句中look等可兼作系动词的动词实际作系动词使用，需打「知识点->词法->形容词与副词->形容词的用法->形容词作表语」标签，不得打「知识点->词法->形容词与副词->副词的用法->副词修饰动词」标签。",否,,,,,晓蓓,,,,,,,,,,,,,,,,,,,,,,,,,,,,,,,,
知识点->词法->形容词与副词->副词的用法->副词修饰副词,"① 常见题型：单选题、语法选择、语法填空、填空题

② 题干关键词：fast, slowly, quickly, carefully, well, hard, early, late, often, soon, soon, there, here ；very, quite, too, so, rather, pretty, extremely, almost, nearly, hardly, a bit, a little等
③ 涉及考查知识点常有：副词修饰副词，通常由程度副词（very, too, quite, so, rather, almost, hardly 等）修饰另一个副词，表示程度上的加强或减弱。常见结构：程度副词 + 方式/程度/时间/地点副词。重点考查very不能修饰动词，但可修饰副词。
注意：要分清too much（修饰不可数名词或动词）与 much too（修饰形容词或副词）的区别，前者只打知识点->词法->代词->不定代词->普通不定代词->many/much的用法标签，后者如在题中修饰副词要同时打知识点->词法->形容词与副词->副词的用法->副词修饰副词标签","第三轮：最终的高密度结构化释义。① 常见题型：单选题、语法选择、语法填空、填空题；② 题干关键词：fast, slowly, quickly, carefully, well, hard, early, late, often, soon, there, here, very, quite, too, so, rather, pretty, extremely, almost, nearly, hardly, a bit, a little, too much, much too；③ 涉及考查知识点有：副词修饰副词规则，程度副词修饰副词的结构，very修饰副词的适用规则；注意：1. very仅可修饰副词，very修饰动词的情形不打本标签；2. too much修饰不可数名词或动词时，仅打「知识点->词法->代词->不定代词->普通不定代词->many/much的用法」标签，不打本标签；3. much too修饰副词时需打本标签。",否,,,,,晓蓓,,,,,,,,,,,,,,,,,,,,,,,,,,,,,,,,
知识点->词法->形容词与副词->副词的用法->副词修饰形容词,"① 常见题型：单选题、语法选择、语法填空、填空题

② 题干关键词：good, bad, happy, sad, big, small, hot, cold, beautiful, important, difficult, easy ；very, quite, too, so, rather, pretty, extremely, almost, nearly, a bit, a little, much, far, even, still, a lot, a great deal等
③ 涉及考查知识点常有：副词修饰形容词，表示程度，常位于形容词之前。重点考查：very修饰原级（very good）；too修饰形容词表“太……”；much/far/even修饰比较级（much better）；quite修饰形容词时若有“a/an”需放在冠词前（quite a good book）","① 常见题型：单选题、语法选择、语法填空、填空题

② 题干关键词：good, bad, happy, sad, big, small, hot, cold, beautiful, important, difficult, easy ；very, quite, too, so, rather, pretty, extremely, almost, nearly, a bit, a little, much, far, even, still, a lot, a great deal等
③ 涉及考查知识点常有：副词修饰形容词，表示程度，常位于形容词之前。重点考查：very修饰原级（very good）；too修饰形容词表“太……”；much/far/even修饰比较级（much better）；quite修饰形容词时若有“a/an”需放在冠词前（quite a good book）",否,,,,,晓蓓,,,,,,,,,,,,,,,,,,,,,,,,,,,,,,,,
知识点->词法->形容词与副词->副词的用法->副词修饰整个句子,"① 常见题型：单选题、语法选择、语法填空、填空题

② 题干关键词：填空题：幸运的是，最重要的是，最后，事实上，其次，actual，but，final，luck；单选题：but
③ 涉及考查知识点常有：句子副词（也称评注性副词）修饰整个句子，表达说话人的态度、观点或评价，常用逗号与句子隔开。常见该类型副词有：fortunately（幸运的是），unfortunately（不幸的是），honestly（老实说），generally（一般来说），maybe/perhaps（也许），surely/certainly（肯定）。需要注意，句子副词与普通副词不同，前者不修饰某个词，而是对整个句子的判断","① 常见题型：单选题、语法选择、语法填空、填空题

② 题干关键词：填空题：幸运的是，最重要的是，最后，事实上，其次，actual，but，final，luck；单选题：but
③ 涉及考查知识点常有：句子副词（也称评注性副词）修饰整个句子，表达说话人的态度、观点或评价，常用逗号与句子隔开。常见该类型副词有：fortunately（幸运的是），unfortunately（不幸的是），honestly（老实说），generally（一般来说），maybe/perhaps（也许），surely/certainly（肯定）。需要注意，句子副词与普通副词不同，前者不修饰某个词，而是对整个句子的判断",否,,,,,晓蓓,,,,,,,,,,,,,,,,,,,,,,,,,,,,,,,,
知识点->词法->形容词与副词->-ing/-ed形容词辨析,"① 常见题型：单选题、语法选择、语法填空、填空题

② 题干关键词：选项常见：interesting, exciting, boring, tiring, surprising, amazing, frightening, embarrassing, confusing, disappointing
；interested, excited, bored, tired, surprised, amazed, frightened, embarrassed, confused, disappointed
③ 涉及考查知识点常有：-ing形容词修饰物，表示“令人……的”；-ed形容词修饰人，表示“感到……的”。中考高频词对：interesting（有趣的）vs interested（感兴趣的）；exciting（令人兴奋的）vs excited（兴奋的）；boring（无聊的）vs bored（感到无聊的）。注意：修饰人的表情、声音等时也用-ed（a surprised look），修饰事物特征时用-ing（a boring book）","① 常见题型：单选题、语法选择、语法填空、填空题

② 题干关键词：选项常见：interesting, exciting, boring, tiring, surprising, amazing, frightening, embarrassing, confusing, disappointing
；interested, excited, bored, tired, surprised, amazed, frightened, embarrassed, confused, disappointed
③ 涉及考查知识点常有：-ing形容词修饰物，表示“令人……的”；-ed形容词修饰人，表示“感到……的”。中考高频词对：interesting（有趣的）vs interested（感兴趣的）；exciting（令人兴奋的）vs excited（兴奋的）；boring（无聊的）vs bored（感到无聊的）。注意：修饰人的表情、声音等时也用-ed（a surprised look），修饰事物特征时用-ing（a boring book）",否,,,,,晓蓓,,,,,,,,,,,,,,,,,,,,,,,,,,,,,,,,
知识点->词法->形容词与副词->形容词/副词的级->形容词/副词的原级,"① 常见题型：单选题、语法选择、语法填空、填空题

② 题干关键词：一样，as，尽可能，as... as
③ 涉及考查知识点常有：原级即形容词/副词本身形式，无比较变化。常考同级比较：as + 原级 + as（肯定），not as/so + 原级 + as（否定）；注意倍数/分数修饰：twice as long as（两倍长）；very/so/too等程度副词修饰原级，但不可修饰比较级","① 常见题型：单选题、语法选择、语法填空、填空题

② 题干关键词：一样，as，尽可能，as... as
③ 涉及考查知识点常有：原级即形容词/副词本身形式，无比较变化。常考同级比较：as + 原级 + as（肯定），not as/so + 原级 + as（否定）；注意倍数/分数修饰：twice as long as（两倍长）；very/so/too等程度副词修饰原级，但不可修饰比较级",否,,,,,晓蓓,,,,,,,,,,,,,,,,,,,,,,,,,,,,,,,,
知识点->词法->形容词与副词->形容词/副词的级->形容词/副词的比较级->形容词/副词的比较级变化规则,"① 常见题型：单选题、语法选择、语法填空、填空题

② 题干关键词：than, much, even, far, a little, a bit, still, any，or，other
③ 涉及考查知识点常有：规则比较级变化：单音节加 -er（tall→taller）；e 结尾加 -r（nice→nicer）；辅音+y 改 i 加 -er（heavy→heavier）；重读闭音节双写尾字母加 -er（big→bigger）；多音节前加 more（beautiful→more beautiful）；不规则比较级变化：good/well→better，bad→worse，many/much→more，little→less，far→farther/further","① 常见题型：单选题、语法选择、语法填空、填空题

② 题干关键词：than, much, even, far, a little, a bit, still, any，or，other
③ 涉及考查知识点常有：规则比较级变化：单音节加 -er（tall→taller）；e 结尾加 -r（nice→nicer）；辅音+y 改 i 加 -er（heavy→heavier）；重读闭音节双写尾字母加 -er（big→bigger）；多音节前加 more（beautiful→more beautiful）；不规则比较级变化：good/well→better，bad→worse，many/much→more，little→less，far→farther/further",否,,,,,晓蓓,,,,,,,,,,,,,,,,,,,,,,,,,,,,,,,,
知识点->词法->形容词与副词->形容词/副词的级->形容词/副词的比较级->形容词/副词的比较级用法,"① 常见题型：单选题、语法选择、语法填空、填空题

② 题干关键词：than, much, even, far, a little, a bit, still, any，or，other
③ 涉及考查知识点常有：比较级用于两者之间的比较，基本结构：A + be/动词 + 比较级 + than + B；程度修饰：much/far/even/a little等可放在比较级前加强语气；固定句型：the+比较级，the+比较级（越……越……）；比较级+and+比较级（越来越……）；the+比较级+of the two（两者中更……的）；注意比较对象成分和性质要对等（my book vs his book）
注意：如果涉及到比较级的变化，要同时打知识点->词法->形容词与副词->形容词/副词的级->形容词/副词的比较级->形容词/副词的比较级变化规则标签","① 常见题型：单选题、语法选择、语法填空、填空题

② 题干关键词：than, much, even, far, a little, a bit, still, any，or，other
③ 涉及考查知识点常有：比较级用于两者之间的比较，基本结构：A + be/动词 + 比较级 + than + B；程度修饰：much/far/even/a little等可放在比较级前加强语气；固定句型：the+比较级，the+比较级（越……越……）；比较级+and+比较级（越来越……）；the+比较级+of the two（两者中更……的）；注意比较对象成分和性质要对等（my book vs his book）
注意：如果涉及到比较级的变化，要同时打知识点->词法->形容词与副词->形容词/副词的级->形容词/副词的比较级->形容词/副词的比较级变化规则标签",否,,,,,晓蓓,,,,,,,,,,,,,,,,,,,,,,,,,,,,,,,,
知识点->词法->形容词与副词->形容词/副词的级->形容词/副词的比较级->比较级的修饰词,"① 常见题型：单选题、语法选择、语法填空、填空题

② 题干关键词：than, -er结尾的比较级单词；选项中常出现much，more，many
③ 涉及考查知识点常有：比较级前可用修饰词加强或减弱程度：much/far/even/still（……得多/甚至更），a little/a bit（稍微），any（用于否定/疑问句：not any better）；或倍数词（twice/three times）放在比较级前；另外very/quite/so/rather不能修饰比较级，只修饰原级或最高级。
注意：一般要同时打知识点->词法->形容词与副词->形容词/副词的级->形容词/副词的比较级->形容词/副词的比较级用法标签","① 常见题型：单选题、语法选择、语法填空、填空题

② 题干关键词：than, -er结尾的比较级单词；选项中常出现much，more，many
③ 涉及考查知识点常有：比较级前可用修饰词加强或减弱程度：much/far/even/still（……得多/甚至更），a little/a bit（稍微），any（用于否定/疑问句：not any better）；或倍数词（twice/three times）放在比较级前；另外very/quite/so/rather不能修饰比较级，只修饰原级或最高级。
注意：一般要同时打知识点->词法->形容词与副词->形容词/副词的级->形容词/副词的比较级->形容词/副词的比较级用法标签",否,,,,,晓蓓,,,,,,,,,,,,,,,,,,,,,,,,,,,,,,,,
知识点->词法->形容词与副词->形容词/副词的级->形容词/副词的最高级->形容词/副词的最高级变化规则,"① 常见题型：单选题、语法选择、语法填空、填空题

② 题干关键词：one of, the, most, in the world, in, of, world, ever, among, 最
③ 涉及考查知识点常有：最高级变化规则：单音节加 -est（tall→tallest）；e结尾加 -st（nice→nicest）；辅音+y改i加-est（heavy→heaviest）；重读闭音节双写尾字母加-est（big→biggest）；多音节前加most（beautiful→most beautiful）；不规则变化：good/well→best，bad→worst，many/much→most，little→least，far→farthest/furthest，old→oldest/eldest
注意：一般要同时打知识点->词法->形容词与副词->形容词/副词的级->形容词/副词的最高级->形容词/副词的最高级用法标签","① 常见题型：单选题、语法选择、语法填空、填空题

② 题干关键词：one of, the, most, in the world, in, of, world, ever, among, 最
③ 涉及考查知识点常有：最高级变化规则：单音节加 -est（tall→tallest）；e结尾加 -st（nice→nicest）；辅音+y改i加-est（heavy→heaviest）；重读闭音节双写尾字母加-est（big→biggest）；多音节前加most（beautiful→most beautiful）；不规则变化：good/well→best，bad→worst，many/much→most，little→least，far→farthest/furthest，old→oldest/eldest
注意：一般要同时打知识点->词法->形容词与副词->形容词/副词的级->形容词/副词的最高级->形容词/副词的最高级用法标签",否,,,,,晓蓓,,,,,,,,,,,,,,,,,,,,,,,,,,,,,,,,
知识点->词法->形容词与副词->形容词/副词的级->形容词/副词的最高级->形容词/副词的最高级用法,"① 常见题型：单选题、语法选择、语法填空、填空题

② 题干关键词：one of, the, most, in the world, ever, among, 最
③ 涉及考查知识点常有：最高级用于三者或以上比较，表示“最……”；基本结构：the + 最高级 + 比较范围（in/of/among）；副词最高级前the可省略（He runs fastest）。固定用法：one of the + 最高级 + 复数名词（最……之一）；序数词修饰最高级（the second longest）
注意：如果涉及到最高级的变化，要同时打知识点->词法->形容词与副词->形容词/副词的级->形容词/副词的最高级->形容词/副词的最高级变化规则标签","① 常见题型：单选题、语法选择、语法填空、填空题

② 题干关键词：one of, the, most, in the world, ever, among, 最
③ 涉及考查知识点常有：最高级用于三者或以上比较，表示“最……”；基本结构：the + 最高级 + 比较范围（in/of/among）；副词最高级前the可省略（He runs fastest）。固定用法：one of the + 最高级 + 复数名词（最……之一）；序数词修饰最高级（the second longest）
注意：如果涉及到最高级的变化，要同时打知识点->词法->形容词与副词->形容词/副词的级->形容词/副词的最高级->形容词/副词的最高级变化规则标签",否,,,,,晓蓓,,,,,,,,,,,,,,,,,,,,,,,,,,,,,,,,
知识点->词法->形容词与副词->形容词/副词的位置->形容词的位置,"① 常见题型：单选题、填空题
、语法选择、语法填空
② 题干关键词： 填空题：米高，米长，地方，事，事情；选择题：something / anything / nothing / everything / somebody / anybody, enough
③ 涉及考查知识点常有：形容词通常前置作定语，该标签常打在考查形容词后置的情况：1. 修饰不定代词（something interesting）；2. enough 后置（big enough）；3. 表语形容词（alive）可后置；4. 固定结构“数词+单位名词+形容词”作表语或后置定语（a 2-meter-tall man 复合形容词用连字符且单位单数；作表语时无连字符：The man is 2 meters tall）
此外还可能会考查多个形容词顺序按“观点→尺寸→新旧→形状→颜色→国籍→材料”排列的情况
注意：只要涉及到enough修饰形容词，要同时打知识点->词法->形容词与副词->形容词/副词的位置->副词的位置","① 常见题型：单选题、填空题
、语法选择、语法填空
② 题干关键词： 填空题：米高，米长，地方，事，事情；选择题：something / anything / nothing / everything / somebody / anybody, enough
③ 涉及考查知识点常有：形容词通常前置作定语，该标签常打在考查形容词后置的情况：1. 修饰不定代词（something interesting）；2. enough 后置（big enough）；3. 表语形容词（alive）可后置；4. 固定结构“数词+单位名词+形容词”作表语或后置定语（a 2-meter-tall man 复合形容词用连字符且单位单数；作表语时无连字符：The man is 2 meters tall）
此外还可能会考查多个形容词顺序按“观点→尺寸→新旧→形状→颜色→国籍→材料”排列的情况
注意：只要涉及到enough修饰形容词，要同时打知识点->词法->形容词与副词->形容词/副词的位置->副词的位置",否,,,,,晓蓓,,,,,,,,,,,,,,,,,,,,,,,,,,,,,,,,
知识点->词法->形容词与副词->形容词/副词的位置->副词的位置,"① 常见题型：单选题、填空题
、语法选择、语法填空
② 题干关键词： 选项基本都会出现enough和形容词/副词
③ 涉及考查知识点常有：enough的位置为该标签最常覆盖的考点：enough做副词修饰形容词/副词时后置（big enough）。此外还考查：频率副词（always等）放在实义动词前，be/助/情态动词后；程度副词（very等）放在所修饰词前；方式副词（quickly）常放在动词后或句末；地点/时间副词常放句末；句子副词（luckily）常放句首并用逗号隔开","① 常见题型：单选题、填空题
、语法选择、语法填空
② 题干关键词： 选项基本都会出现enough和形容词/副词
③ 涉及考查知识点常有：enough的位置为该标签最常覆盖的考点：enough做副词修饰形容词/副词时后置（big enough）。此外还考查：频率副词（always等）放在实义动词前，be/助/情态动词后；程度副词（very等）放在所修饰词前；方式副词（quickly）常放在动词后或句末；地点/时间副词常放句末；句子副词（luckily）常放句首并用逗号隔开",否,,,,,晓蓓,,,,,,,,,,,,,,,,,,,,,,,,,,,,,,,,
知识点->词法->形容词与副词->复合形容词,"① 常见题型：单选题、填空题

② 题干关键词： 选项常见：a five-year-old boy, a 100-meter race, a two-day trip, snow-white, tax-free
, good-looking, easy-going, hard-working, long-lasting
, time-saving, record-breaking, English-speaking
, man-made, hand-made, sun-dried
, well-known, newly-built, deep-fried
③ 涉及考查知识点常有：复合形容词由两个或以上词构成，用连字符连接，常作定语修饰名词；复合形容词中的名词不能用复数，连字符不能省略。一般常有以下几类：1. 数字 + 名词（单数）名词 + 形容词 2.形容词/副词 + 现在分词 3.名词 + 现在分词 4.名词 + 过去分词 5.形容词/副词 + 过去分词","① 常见题型：单选题、填空题

② 题干关键词： 选项常见：a five-year-old boy, a 100-meter race, a two-day trip, snow-white, tax-free
, good-looking, easy-going, hard-working, long-lasting
, time-saving, record-breaking, English-speaking
, man-made, hand-made, sun-dried
, well-known, newly-built, deep-fried
③ 涉及考查知识点常有：复合形容词由两个或以上词构成，用连字符连接，常作定语修饰名词；复合形容词中的名词不能用复数，连字符不能省略。一般常有以下几类：1. 数字 + 名词（单数）名词 + 形容词 2.形容词/副词 + 现在分词 3.名词 + 现在分词 4.名词 + 过去分词 5.形容词/副词 + 过去分词",否,,,,,晓蓓,,,,,,,,,,,,,,,,,,,,,,,,,,,,,,,,
知识点->词法->数词->基数词,"① 常见题型：单选题
② 题干关键词： how many, how much, there are, have, count, total, number, amount
；year, age, o‘clock, hour, minute
；phone number, Room, Bus, Page
③ 涉及考查知识点常有：1-12独立记忆，13-19以-teen结尾（注意thirteen, fifteen, eighteen），20-90以-ty结尾（注意twenty, thirty, forty, fifty, eighty）；百位与十位之间加and（one hundred and twenty-three）；hundred/thousand/million等词前有具体数字时用单数（three hundred）
注意：涉及到考查hundred/thousand/million表概数时加s和of（hundreds of）的情况要打知识点->词法->数词->数词的特殊用法->hundred, thousand, million等词的用法标签，不打知识点->词法->数词->基数词标签","① 常见题型：单选题
② 题干关键词： how many, how much, there are, have, count, total, number, amount
；year, age, o‘clock, hour, minute
；phone number, Room, Bus, Page
③ 涉及考查知识点常有：1-12独立记忆，13-19以-teen结尾（注意thirteen, fifteen, eighteen），20-90以-ty结尾（注意twenty, thirty, forty, fifty, eighty）；百位与十位之间加and（one hundred and twenty-three）；hundred/thousand/million等词前有具体数字时用单数（three hundred）
注意：涉及到考查hundred/thousand/million表概数时加s和of（hundreds of）的情况要打知识点->词法->数词->数词的特殊用法->hundred, thousand, million等词的用法标签，不打知识点->词法->数词->基数词标签",否,,,,,晓蓓,,,,,,,,,,,,,,,,,,,,,,,,,,,,,,,,
知识点->词法->数词->序数词,"① 常见题型：单选题、填空题、语法填空、语法选择
② 题干关键词： 填空题：one，two，three，four，twenty，thirty等基数词做提示词
③ 涉及考查知识点常有：序数词表示顺序，前通常加the；构成：1st first, 2nd second, 3rd third；4-19加th（注意fifth, eighth, ninth, twelfth）；20以上整十变y为ie加th（twentieth）；多位数十位用基数词、个位用序数词（twenty-first）；常见用法：日期（May 1st = May first）、分数（one third）、楼层、名次、次序","① 常见题型：单选题、填空题、语法填空、语法选择
② 题干关键词： 填空题：one，two，three，four，twenty，thirty等基数词做提示词
③ 涉及考查知识点常有：序数词表示顺序，前通常加the；构成：1st first, 2nd second, 3rd third；4-19加th（注意fifth, eighth, ninth, twelfth）；20以上整十变y为ie加th（twentieth）；多位数十位用基数词、个位用序数词（twenty-first）；常见用法：日期（May 1st = May first）、分数（one third）、楼层、名次、次序",否,,,,,晓蓓,,,,,,,,,,,,,,,,,,,,,,,,,,,,,,,,
知识点->词法->数词->数词的基本用法->分数/小数/百分数的表达,"① 常见题型：单选题、填空题、语法填空、语法选择
② 题干关键词： 填空题：百分，％，...分之...，quarters of，占，约占；选择题：about，of，how many，percent，point；选项中常出现two-thirds，percent，second，third等百分比，序数词
③ 涉及考查知识点常有：分子用基数词，分母用序数词；分子>1时分母加s（one fifth → two fifths）；1/2读作a/one half，1/4读作a/one quarter；小数：小数点读point，小数点后数字依次读出（0.5 → zero point five）；百分数：基数词+percent（无复数），谓语动词单复数由of后名词决定；分数/百分数+of+名词作主语时，谓语与of后名词一致","① 常见题型：单选题、填空题、语法填空、语法选择
② 题干关键词： 填空题：百分，％，...分之...，quarters of，占，约占；选择题：about，of，how many，percent，point；选项中常出现two-thirds，percent，second，third等百分比，序数词
③ 涉及考查知识点常有：分子用基数词，分母用序数词；分子>1时分母加s（one fifth → two fifths）；1/2读作a/one half，1/4读作a/one quarter；小数：小数点读point，小数点后数字依次读出（0.5 → zero point five）；百分数：基数词+percent（无复数），谓语动词单复数由of后名词决定；分数/百分数+of+名词作主语时，谓语与of后名词一致",否,,,,,晓蓓,,,,,,,,,,,,,,,,,,,,,,,,,,,,,,,,
知识点->词法->数词->数词的基本用法->数词表示时间,"① 常见题型：单选题、填空题
② 题干关键词： o‘clock, half past, quarter to/past, a.m., p.m., in the morning/afternoon/evening
；What time, When
；at, after, before, from...to
③ 涉及考查知识点常有：整点用“基数词+o‘clock”；顺读法（时+分）如7:20→seven twenty；逆读法（分+past/to+时）——分≤30用past（5:10→ten past five），分>30用to（5:50→ten to six）；半小时用half past，一刻钟用quarter；12:00为 noon/midnight；介词用at","① 常见题型：单选题、填空题
② 题干关键词： o‘clock, half past, quarter to/past, a.m., p.m., in the morning/afternoon/evening
；What time, When
；at, after, before, from...to
③ 涉及考查知识点常有：整点用“基数词+o‘clock”；顺读法（时+分）如7:20→seven twenty；逆读法（分+past/to+时）——分≤30用past（5:10→ten past five），分>30用to（5:50→ten to six）；半小时用half past，一刻钟用quarter；12:00为 noon/midnight；介词用at",否,,,,,晓蓓,,,,,,,,,,,,,,,,,,,,,,,,,,,,,,,,
知识点->词法->数词->数词的基本用法->数词表示年龄,"① 常见题型：单选题、填空题
② 题干关键词： years old, year old，at the age of, aged, in one's + 整十复数
；How old
③ 涉及考查知识点常有：直接用“数词”或“数词+years old”（He is ten / ten years old）；前置定语用“数词-year-old + 名词”（a 5-year-old boy，名词year单数，有连字符）；“at the age of + 数词”表示“在……岁时”；“in one’s + 整十复数”表示“在某人几十多岁时”（in his thirties）","① 常见题型：单选题、填空题
② 题干关键词： years old, year old，at the age of, aged, in one's + 整十复数
；How old
③ 涉及考查知识点常有：直接用“数词”或“数词+years old”（He is ten / ten years old）；前置定语用“数词-year-old + 名词”（a 5-year-old boy，名词year单数，有连字符）；“at the age of + 数词”表示“在……岁时”；“in one’s + 整十复数”表示“在某人几十多岁时”（in his thirties）",否,,,,,晓蓓,,,,,,,,,,,,,,,,,,,,,,,,,,,,,,,,
知识点->词法->数词->数词的基本用法->数词表示编号,"① 常见题型：单选题、填空题
② 题干关键词：Page, Room, Bus, Class, Grade, Lesson, Chapter, Line, Seat, Number, Size, Channel, Flight, Gate; No.
③ 涉及考查知识点常有：编号表示通常用“名词 + 基数词”（Room 201），名词和基数词首字母常大写。也可用“the + 序数词 + 名词”（the first lesson = Lesson One）；No. 是 number 缩写，后跟基数词","① 常见题型：单选题、填空题
② 题干关键词：Page, Room, Bus, Class, Grade, Lesson, Chapter, Line, Seat, Number, Size, Channel, Flight, Gate; No.
③ 涉及考查知识点常有：编号表示通常用“名词 + 基数词”（Room 201），名词和基数词首字母常大写。也可用“the + 序数词 + 名词”（the first lesson = Lesson One）；No. 是 number 缩写，后跟基数词",否,,,,,晓蓓,,,,,,,,,,,,,,,,,,,,,,,,,,,,,,,,
知识点->词法->数词->数词的基本用法->数字运算,"① 常见题型：单选题、填空题
② 题干关键词：survey，number，What's 基数词 and 基数词（twenty and five），How many，pie chart, chart
③ 涉及考查知识点常有：加减乘除的表达：加用 plus/and，减用 minus，乘用 times/multiplied by，除用 divided by，等于用 equals/is/makes常见句型：What’s + 数字A + 运算词 + 数字B？；部分题会给表格/饼图，让学生在图中识别数字/比例并进行运算","① 常见题型：单选题、填空题
② 题干关键词：survey，number，What's 基数词 and 基数词（twenty and five），How many，pie chart, chart
③ 涉及考查知识点常有：加减乘除的表达：加用 plus/and，减用 minus，乘用 times/multiplied by，除用 divided by，等于用 equals/is/makes常见句型：What’s + 数字A + 运算词 + 数字B？；部分题会给表格/饼图，让学生在图中识别数字/比例并进行运算",否,,,,,晓蓓,,,,,,,,,,,,,,,,,,,,,,,,,,,,,,,,
"知识点->词法->数词->数词的特殊用法->hundred, thousand, million等词的用法","① 常见题型：单选题、填空题
② 题干关键词：选项中常见：hundred, thousand, million, hundreds, thousands, millions
③ 涉及考查知识点常有：hundred/thousand/million/billion 前有具体数字（基数词、several、a few等）时，用单数且不加of（three hundred books）；表概数时用复数加of（hundreds of people）","① 常见题型：单选题、填空题
② 题干关键词：选项中常见：hundred, thousand, million, hundreds, thousands, millions
③ 涉及考查知识点常有：hundred/thousand/million/billion 前有具体数字（基数词、several、a few等）时，用单数且不加of（three hundred books）；表概数时用复数加of（hundreds of people）",否,,,,,晓蓓,,,,,,,,,,,,,,,,,,,,,,,,,,,,,,,,
知识点->词法->数词->数词的特殊用法->数量的表示,"① 常见题型：单选题、填空题
② 涉及考查知识点常有：一般涉及到对数量/数字的英文描述都要打此标签，另外考查以下情况时也要打此标签：1. dozen/score 前有具体数字时用单数（two dozen eggs），表概数时加s和of（dozens of eggs） 2. 数量修饰词：a lot of/lots of/plenty of 后接可数或不可数名词；a number of + 复数名词，谓语用复数（许多）；the number of + 复数名词，谓语用单数（……的数量）；a great deal of/a large amount of + 不可数名词；a large quantity of 后谓语与quantity单复数一致
注意：一般涉及到对数量/数字的英文描述时，同时打此标签和其他相应数词用法的具体标签","① 常见题型：单选题、填空题
② 涉及考查知识点常有：一般涉及到对数量/数字的英文描述都要打此标签，另外考查以下情况时也要打此标签：1. dozen/score 前有具体数字时用单数（two dozen eggs），表概数时加s和of（dozens of eggs） 2. 数量修饰词：a lot of/lots of/plenty of 后接可数或不可数名词；a number of + 复数名词，谓语用复数（许多）；the number of + 复数名词，谓语用单数（……的数量）；a great deal of/a large amount of + 不可数名词；a large quantity of 后谓语与quantity单复数一致
注意：一般涉及到对数量/数字的英文描述时，同时打此标签和其他相应数词用法的具体标签",否,,,,,晓蓓,,,,,,,,,,,,,,,,,,,,,,,,,,,,,,,,
知识点->词法->数词->数词的特殊用法->倍数的表达,"① 常见题型：单选题、填空题

② 题干关键词：选项中常见：twice，three times，half，double，as ... as，than，the size/length/width/height of
③ 涉及考查知识点常有：倍数表达的三种结构：1. 倍数 + as + 原级 + as（twice as long as）；2. 倍数 + 比较级 + than（three times bigger than）；3. 倍数 + the + 度量名词（size/weight等）+ of（twice the size of）；half 和 double 用法类似；倍数通常放在比较结构最前面。","① 常见题型：单选题、填空题

② 题干关键词：选项中常见：twice，three times，half，double，as ... as，than，the size/length/width/height of
③ 涉及考查知识点常有：倍数表达的三种结构：1. 倍数 + as + 原级 + as（twice as long as）；2. 倍数 + 比较级 + than（three times bigger than）；3. 倍数 + the + 度量名词（size/weight等）+ of（twice the size of）；half 和 double 用法类似；倍数通常放在比较结构最前面。",否,,,,,晓蓓,,,,,,,,,,,,,,,,,,,,,,,,,,,,,,,,
知识点->词法->并列连词->表示并列/递进/顺承关系的连词,"① 常见题型：单选题、填空题
、语法填空、语法选择
② 题干关键词：选项常出现：and, both...and, not only...but also, as well as, neither...nor, then, so
③ 涉及考查知识点常有：并列连词连接对等成分（词、短语、从句）；and 表并列或顺承；both...and 连接两个主语时谓语用复数；not only...but also 强调后者，连接主语时谓语就近一致；neither...nor 表“既不……也不”，谓语就近一致；as well as 连接主语时谓语与前者一致（Tom as well as his friends is coming）","① 常见题型：单选题、填空题
、语法填空、语法选择
② 题干关键词：选项常出现：and, both...and, not only...but also, as well as, neither...nor, then, so
③ 涉及考查知识点常有：并列连词连接对等成分（词、短语、从句）；and 表并列或顺承；both...and 连接两个主语时谓语用复数；not only...but also 强调后者，连接主语时谓语就近一致；neither...nor 表“既不……也不”，谓语就近一致；as well as 连接主语时谓语与前者一致（Tom as well as his friends is coming）",否,,,,,晓蓓,,,,,,,,,,,,,,,,,,,,,,,,,,,,,,,,
知识点->词法->并列连词->表示转折关系的连词,"① 常见题型：单选题、填空题
、语法填空、语法选择
② 题干关键词：选项常出现：but, however, yet, while, whereas
③ 涉及考查知识点常有：but最常用，连接两个分句或对等成分；however较正式，可用逗号与主句隔开，可位于句首、句中或句末；yet语气比but弱，常与and连用（and yet）；while/whereas强调对比；常考but不能与although连用","① 常见题型：单选题、填空题
、语法填空、语法选择
② 题干关键词：选项常出现：but, however, yet, while, whereas
③ 涉及考查知识点常有：but最常用，连接两个分句或对等成分；however较正式，可用逗号与主句隔开，可位于句首、句中或句末；yet语气比but弱，常与and连用（and yet）；while/whereas强调对比；常考but不能与although连用",否,,,,,晓蓓,,,,,,,,,,,,,,,,,,,,,,,,,,,,,,,,
知识点->词法->并列连词->表示因果关系的连词,"① 常见题型：单选题、填空题
、语法填空、语法选择
② 题干关键词：选项常出现：so，for，thus, therefore, consequently
③ 涉及考查知识点常有：so表示结果（前因后果），for表示原因（补充说明，不用于句首）；so不能与because连用；therefore/thus/consequently是连接副词
注意：because/since/as是从属连词，引导原因状语从句，只涉及到考查because/since/as用法的不打该标签","① 常见题型：单选题、填空题
、语法填空、语法选择
② 题干关键词：选项常出现：so，for，thus, therefore, consequently
③ 涉及考查知识点常有：so表示结果（前因后果），for表示原因（补充说明，不用于句首）；so不能与because连用；therefore/thus/consequently是连接副词
注意：because/since/as是从属连词，引导原因状语从句，只涉及到考查because/since/as用法的不打该标签",否,,,,,晓蓓,,,,,,,,,,,,,,,,,,,,,,,,,,,,,,,,
知识点->词法->并列连词->表示选择关系的连词,"① 常见题型：单选题、填空题
、语法填空、语法选择
② 题干关键词：选项常出现：or，either...or，or else，otherwise
③ 涉及考查知识点常有：or 表选择（A or B）或表否则（祈使句+or+陈述句）；either...or 连接并列成分，连接主语时谓语就近一致；or else/otherwise 意为“否则”；otherwise 常放句首或分号后；疑问句中常用 or 连接选择项（Is it red or blue?）","① 常见题型：单选题、填空题
、语法填空、语法选择
② 题干关键词：选项常出现：or，either...or，or else，otherwise
③ 涉及考查知识点常有：or 表选择（A or B）或表否则（祈使句+or+陈述句）；either...or 连接并列成分，连接主语时谓语就近一致；or else/otherwise 意为“否则”；otherwise 常放句首或分号后；疑问句中常用 or 连接选择项（Is it red or blue?）",否,,,,,晓蓓,,,,,,,,,,,,,,,,,,,,,,,,,,,,,,,,
知识点->词法->动词->实义动词->及物动词,"① 常见题型：单选题，填空题，句型转换，完形填空，语法填空，首字母填空，短文填空
② 题干关键词：/（可以根据题干结构判断，及物动词后直接跟名词/代词/非谓语动词）；常见动词标记：like、love、hate、want、need、have、take、bring、give、tell、ask、help、watch、see、hear、make、let 等，题干中常出现这些词并考查其后是否跟宾语。
③ 涉及考查知识点有：及物动词是必须后接宾语（动作的承受者）意义才完整的动词。常和动词转换（及物动词和不及物动词的转换），被动语态（及物动词主动语态和被动语态的转换），和五大简单句结合（主谓宾，双宾语结构）考查","① 常见题型：单选题，填空题，句型转换，完形填空，语法填空，首字母填空，短文填空
② 题干关键词：/（可以根据题干结构判断，及物动词后直接跟名词/代词/非谓语动词）；常见动词标记：like、love、hate、want、need、have、take、bring、give、tell、ask、help、watch、see、hear、make、let 等，题干中常出现这些词并考查其后是否跟宾语。
③ 涉及考查知识点有：及物动词是必须后接宾语（动作的承受者）意义才完整的动词。常和动词转换（及物动词和不及物动词的转换），被动语态（及物动词主动语态和被动语态的转换），和五大简单句结合（主谓宾，双宾语结构）考查",否,,,,,梦迪,,,,,,,,,,,,,,,,,,,,,,,,,,,,,,,,
知识点->词法->动词->实义动词->不及物动词,"① 常见题型：单选题，填空题，句型转换，完形填空，语法填空，首字母填空，短文填空
② 题干关键词：/（动词后无直接名词/代词，或动词后出现介词（如 look at, listen to, wait for, depend on）再接宾语；典型动词标记：come, go, arrive, happen, sleep, cry, laugh, swim, sit, stand, lie (躺), rise, appear, disappear 等，题干中出现这些词且后面没有直接宾语时考查不及物用法。
③ 涉及考查知识点有：及物动词本身意义完整，后面不接宾语（动作的承受者）。考查点有：动词转换（及物动词和不及物动词的转换）；与介词的搭配（比如listen to music）；被动语态（不及物动词无被动语态）；以及五大简单句（主谓结构）","① 常见题型：单选题，填空题，句型转换，完形填空，语法填空，首字母填空，短文填空
② 题干关键词：/（动词后无直接名词/代词，或动词后出现介词（如 look at, listen to, wait for, depend on）再接宾语；典型动词标记：come, go, arrive, happen, sleep, cry, laugh, swim, sit, stand, lie (躺), rise, appear, disappear 等，题干中出现这些词且后面没有直接宾语时考查不及物用法。
③ 涉及考查知识点有：及物动词本身意义完整，后面不接宾语（动作的承受者）。考查点有：动词转换（及物动词和不及物动词的转换）；与介词的搭配（比如listen to music）；被动语态（不及物动词无被动语态）；以及五大简单句（主谓结构）",否,,,,,梦迪,,,,,,,,,,,,,,,,,,,,,,,,,,,,,,,,
知识点->词法->动词->系动词->be动词,"① 常见题型：单选题，填空题，句型转换，完形填空，语法填空，首字母填空，短文填空
② 题干关键词：/（be动词后跟 形容词（如happy, tall）、名词（如a teacher）、介词短语（如in the room）、副词（如here, there）、不定式（如to do）等。）
③ 涉及考查知识点有：be动词的形式包括：现在式 am/is/are，过去式 was/were，现在分词 being，过去分词 been。需要根据主语人称、数和时态正确选用；也会放在五大简单句-主系表结构中考查","① 常见题型：单选题，填空题，句型转换，完形填空，语法填空，首字母填空，短文填空
② 题干关键词：/（be动词后跟 形容词（如happy, tall）、名词（如a teacher）、介词短语（如in the room）、副词（如here, there）、不定式（如to do）等。）
③ 涉及考查知识点有：be动词的形式包括：现在式 am/is/are，过去式 was/were，现在分词 being，过去分词 been。需要根据主语人称、数和时态正确选用；也会放在五大简单句-主系表结构中考查",否,,,,,梦迪,,,,,,,,,,,,,,,,,,,,,,,,,,,,,,,,
知识点->词法->动词->系动词->感官系动词,"① 常见题型：单选题，填空题，句型转换，完形填空，语法填空，首字母填空，短文填空
② 题干关键词：/（感官系动词后常跟形容词（如happy, tall）、名词（如 It sounds like a good idea.）
③ 涉及考查知识点有：感官系动词表示人的感官感知，后接形容词作表语，说明主语的特征或状态。常见的有：包括look（看起来）、sound（听起来）、smell（闻起来）、taste（尝起来）、feel（摸起来/感觉）。；感官动词不用于被动语态","① 常见题型：单选题，填空题，句型转换，完形填空，语法填空，首字母填空，短文填空
② 题干关键词：/（感官系动词后常跟形容词（如happy, tall）、名词（如 It sounds like a good idea.）
③ 涉及考查知识点有：感官系动词表示人的感官感知，后接形容词作表语，说明主语的特征或状态。常见的有：包括look（看起来）、sound（听起来）、smell（闻起来）、taste（尝起来）、feel（摸起来/感觉）。；感官动词不用于被动语态",否,,,,,梦迪,,,,,,,,,,,,,,,,,,,,,,,,,,,,,,,,
知识点->词法->动词->系动词->其他系动词,"① 常见题型：单选题，填空题，句型转换，完形填空，语法填空，首字母填空，短文填空
② 题干关键词：/（其他系动词后常跟形容词（如happy, tall）、名词等做表语）
③ 涉及考查知识点有：其他系动词包括变化类：become, get, turn, go, grow, come, fall（后面接形容词，表示进入某种状态）。
保持类：keep, stay, remain, continue（表示状态持续）。
似乎类：seem, appear（表示“看起来好像”）。
结果类：prove, turn out","① 常见题型：单选题，填空题，句型转换，完形填空，语法填空，首字母填空，短文填空
② 题干关键词：/（其他系动词后常跟形容词（如happy, tall）、名词等做表语）
③ 涉及考查知识点有：其他系动词包括变化类：become, get, turn, go, grow, come, fall（后面接形容词，表示进入某种状态）。
保持类：keep, stay, remain, continue（表示状态持续）。
似乎类：seem, appear（表示“看起来好像”）。
结果类：prove, turn out",否,,,,,梦迪,,,,,,,,,,,,,,,,,,,,,,,,,,,,,,,,
知识点->词法->动词->助动词->be动词作助动词,"① 常见题型：单选题，填空题，句型转换，完形填空，语法填空，首字母填空，短文填空
② 题干关键词：现在进行时：now, at the moment, Look!, Listen!, right now，以及上下文暗示动作正在发生。；过去进行时：at this time yesterday, when/while 引导的时间状语从句；被动语态：be+done(过去分词)
③ 涉及考查知识点有：构成进行时态：现在进行时：am/is/are + 现在分词，表示此刻或现阶段正在进行的动作；过去进行时：was/were + 现在分词，表示过去某个时刻正在进行的动作。注意：进行时的be动词是助动词，本身无意义，只帮助构成时态。构成被动语态：一般现在时被动：am/is/are + 过去分词；一般过去时被动：was/were + 过去分词；其他时态被动（如现在完成时被动 have/has been + done）中的 been 也是be的过去分词形式，仍属于助动词。
注意和系动词be作区分","① 常见题型：单选题，填空题，句型转换，完形填空，语法填空，首字母填空，短文填空
② 题干关键词：现在进行时：now, at the moment, Look!, Listen!, right now，以及上下文暗示动作正在发生。；过去进行时：at this time yesterday, when/while 引导的时间状语从句；被动语态：be+done(过去分词)
③ 涉及考查知识点有：构成进行时态：现在进行时：am/is/are + 现在分词，表示此刻或现阶段正在进行的动作；过去进行时：was/were + 现在分词，表示过去某个时刻正在进行的动作。注意：进行时的be动词是助动词，本身无意义，只帮助构成时态。构成被动语态：一般现在时被动：am/is/are + 过去分词；一般过去时被动：was/were + 过去分词；其他时态被动（如现在完成时被动 have/has been + done）中的 been 也是be的过去分词形式，仍属于助动词。
注意和系动词be作区分",否,,,,,梦迪,,,,,,,,,,,,,,,,,,,,,,,,,,,,,,,,
知识点->词法->动词->助动词->do/does/did作助动词,"① 常见题型：单选题，填空题，句型转换，完形填空，语法填空，首字母填空，短文填空
② 题干关键词：常出现在含有实义动词的否定句和疑问句中
③ 涉及考查知识点有：功能一：构成否定句：一般现在时否定：主语 + don't/doesn't + 动词原形 + 其他；一般过去时否定：主语 + didn't + 动词原形 + 其他。功能二：构成疑问句
一般疑问句：Do/Does/Did + 主语 + 动词原形 + 其他？特殊疑问句：疑问词 + do/does/did + 主语 + 动词原形 + 其他？功能三：构成强调句：结构：do/does/did + 动词原形，用于肯定句，强调动作的真实性。","① 常见题型：单选题，填空题，句型转换，完形填空，语法填空，首字母填空，短文填空
② 题干关键词：常出现在含有实义动词的否定句和疑问句中
③ 涉及考查知识点有：功能一：构成否定句：一般现在时否定：主语 + don't/doesn't + 动词原形 + 其他；一般过去时否定：主语 + didn't + 动词原形 + 其他。功能二：构成疑问句
一般疑问句：Do/Does/Did + 主语 + 动词原形 + 其他？特殊疑问句：疑问词 + do/does/did + 主语 + 动词原形 + 其他？功能三：构成强调句：结构：do/does/did + 动词原形，用于肯定句，强调动作的真实性。",否,,,,,梦迪,,,,,,,,,,,,,,,,,,,,,,,,,,,,,,,,
知识点->词法->动词->助动词->其他助动词,"① 常见题型：单选题，填空题，句型转换，完形填空，语法填空，首字母填空，短文填空
② 题干关键词：完成时助动词 have/has/had 提示词：时间状语：already, yet, ever, never, just, since, for + 一段时间, so far, recently, in the past few years。结构标志：主语 + have/has/had + 过去分词（即动词的 -ed 形式或不规则变化）。将来时助动词 will/shall 提示词：时间状语：tomorrow, next week, in the future, soon, from now on。结构标志：主语 + will/shall + 动词原形。初中常考 will，shall 主要用于第一人称疑问句（Shall we...?）。
③ 涉及考查知识点有：其他助动词包括：完成时助动词：have / has / had；将来时助动词：will / shall；会在现在完成时（have/has + 过去分词），过去完成时（had + 过去分词），一般将来时（will/shall+动词原形）中考查",第三轮：最终的高密度结构化释义。① 常见题型：单选题，填空题，句型转换，完形填空，语法填空，首字母填空，短文填空② 题干关键词：have/has/had、already、yet、ever、never、just、since、for + 一段时间、so far、recently、in the past few years、主语 + have/has/had + 过去分词、will/shall、tomorrow、next week、in the future、soon、from now on、主语 + will/shall + 动词原形③ 涉及考查知识点有：完成时助动词have/has/had、将来时助动词will/shall、现在完成时结构、过去完成时结构、一般将来时结构注意：shall主要用于第一人称疑问句（Shall we...?），无明确“不打此标签”的排他性规则、易混淆点说明,否,,,,,梦迪,,,,,,,,,,,,,,,,,,,,,,,,,,,,,,,,
知识点->词法->动词->使役动词->使役动词have,"① 常见题型：单选题，填空题，句型转换，完形填空，语法填空，首字母填空，短文填空
② 题干关键词：结构标志：
have + 人/物 + 动词原形（使/让某人做某事）
have + 物/人 + 现在分词（使……一直做/让……持续进行）
have + 物 + 过去分词（让某物被……；或遭遇某事）
③ 涉及考查知识点有：使役动词 have 表示“让、使、叫、允许”某人做某事，或“让某事物被（别人）处理”。常见搭配参考上条","① 常见题型：单选题，填空题，句型转换，完形填空，语法填空，首字母填空，短文填空
② 题干关键词：结构标志：
have + 人/物 + 动词原形（使/让某人做某事）
have + 物/人 + 现在分词（使……一直做/让……持续进行）
have + 物 + 过去分词（让某物被……；或遭遇某事）
③ 涉及考查知识点有：使役动词 have 表示“让、使、叫、允许”某人做某事，或“让某事物被（别人）处理”。常见搭配参考上条",否,,,,,梦迪,,,,,,,,,,,,,,,,,,,,,,,,,,,,,,,,
知识点->词法->动词->使役动词->使役动词let,"① 常见题型：单选题，填空题，句型转换，完形填空，语法填空，首字母填空，短文填空
② 题干关键词：结构标志：
let + 宾语 + 动词原形（无 to）
Let's + 动词原形（包括说话者）
Let us + 动词原形（不包括听话者，正式）
Don't let + 宾语 + 动词原形（否定祈使）
③ 涉及考查知识点有：使役动词 let 表示“让、允许、使”，主语使宾语做某事，宾补用 动词原形（不带 to）。常见搭配参考上条","① 常见题型：单选题，填空题，句型转换，完形填空，语法填空，首字母填空，短文填空
② 题干关键词：结构标志：
let + 宾语 + 动词原形（无 to）
Let's + 动词原形（包括说话者）
Let us + 动词原形（不包括听话者，正式）
Don't let + 宾语 + 动词原形（否定祈使）
③ 涉及考查知识点有：使役动词 let 表示“让、允许、使”，主语使宾语做某事，宾补用 动词原形（不带 to）。常见搭配参考上条",否,,,,,梦迪,,,,,,,,,,,,,,,,,,,,,,,,,,,,,,,,
知识点->词法->动词->使役动词->使役动词make,"① 常见题型：单选题，填空题，句型转换，完形填空，语法填空，首字母填空，短文填空
② 题干关键词：结构标志：
make + 宾语 + 动词原形（迫使/让某人做某事）
make + 宾语 + 形容词（使某人/物变得……）
make + 宾语 + 名词（使某人/物成为……）
make + 宾语 + 过去分词（使某事被做，如 make oneself heard）
③ 涉及考查知识点有：使役动词 make 表示“使、让、迫使”，主语使宾语处于某种状态或执行某个动作。常见搭配参考上条","① 常见题型：单选题，填空题，句型转换，完形填空，语法填空，首字母填空，短文填空
② 题干关键词：结构标志：
make + 宾语 + 动词原形（迫使/让某人做某事）
make + 宾语 + 形容词（使某人/物变得……）
make + 宾语 + 名词（使某人/物成为……）
make + 宾语 + 过去分词（使某事被做，如 make oneself heard）
③ 涉及考查知识点有：使役动词 make 表示“使、让、迫使”，主语使宾语处于某种状态或执行某个动作。常见搭配参考上条",否,,,,,梦迪,,,,,,,,,,,,,,,,,,,,,,,,,,,,,,,,
知识点->词法->动词->使役动词->其他使役动词,"① 常见题型：单选题，填空题，句型转换，完形填空，语法填空，首字母填空，短文填空
② 题干关键词：结构标志：
get + 宾语 + to do（让某人做某事）
get + 宾语 + done（使某事被做 / 让别人做）
keep + 宾语 + 形容词/现在分词/过去分词（使保持……）
③ 涉及考查知识点有：这些动词都带有“使/让/令”的意义。常见搭配参考上条","① 常见题型：单选题，填空题，句型转换，完形填空，语法填空，首字母填空，短文填空
② 题干关键词：结构标志：
get + 宾语 + to do（让某人做某事）
get + 宾语 + done（使某事被做 / 让别人做）
keep + 宾语 + 形容词/现在分词/过去分词（使保持……）
③ 涉及考查知识点有：这些动词都带有“使/让/令”的意义。常见搭配参考上条",否,,,,,梦迪,,,,,,,,,,,,,,,,,,,,,,,,,,,,,,,,
知识点->词法->动词->情态动词->情态动词的定义和基本用法,"① 常见题型：单选题，填空题，完形填空，语法填空，首字母填空，短文填空
② 题干关键词：情态动词本身（can, could, may, might, must, shall, should, will, would, need, dare, ought to）；结构标志：情态动词后直接跟动词原型
③ 涉及考查知识点有：情态动词本身有词义，但不能单独作谓语，必须后接 动词原形 一起构成谓语；常见情态动词：can, could, may, might, must, shall, should, will, would, need, dare, ought to；情态动词无人称和数的变化；情态动词后必须跟动词原形；情态动词的否定形式是直接在情态动词后加not","① 常见题型：单选题，填空题，完形填空，语法填空，首字母填空，短文填空
② 题干关键词：情态动词本身（can, could, may, might, must, shall, should, will, would, need, dare, ought to）；结构标志：情态动词后直接跟动词原型
③ 涉及考查知识点有：情态动词本身有词义，但不能单独作谓语，必须后接 动词原形 一起构成谓语；常见情态动词：can, could, may, might, must, shall, should, will, would, need, dare, ought to；情态动词无人称和数的变化；情态动词后必须跟动词原形；情态动词的否定形式是直接在情态动词后加not",否,,,,,梦迪,,,,,,,,,,,,,,,,,,,,,,,,,,,,,,,,
知识点->词法->动词->情态动词->can->can表示能力/能够,"① 常见题型：单选题，填空题，完形填空，语法填空，首字母填空，短文填空
② 题干关键词：直接提示词：can, can't
③ 涉及考查知识点有：基本含义：can 表示 能力（ability），意为“会、能、能够”，指体力、智力、技能或客观可能性上的能力。肯定句结构：主语 + can + 动词原形 + 其他.
否定句结构：主语 + cannot / can't + 动词原形 + 其他. 一般疑问句结构：Can + 主语 + 动词原形 + 其他? 肯定回答：Yes, 主语 + can. 否定回答：No, 主语 + can't. 特殊疑问句：What can + 主语 + 动词原形? 与 be able to 的区别等","① 常见题型：单选题，填空题，完形填空，语法填空，首字母填空，短文填空
② 题干关键词：直接提示词：can, can't
③ 涉及考查知识点有：基本含义：can 表示 能力（ability），意为“会、能、能够”，指体力、智力、技能或客观可能性上的能力。肯定句结构：主语 + can + 动词原形 + 其他.
否定句结构：主语 + cannot / can't + 动词原形 + 其他. 一般疑问句结构：Can + 主语 + 动词原形 + 其他? 肯定回答：Yes, 主语 + can. 否定回答：No, 主语 + can't. 特殊疑问句：What can + 主语 + 动词原形? 与 be able to 的区别等",否,,,,,梦迪,,,,,,,,,,,,,,,,,,,,,,,,,,,,,,,,
知识点->词法->动词->情态动词->can->can表示请求/许可,"① 常见题型：单选题，填空题，完形填空，语法填空，补全对话
② 题干关键词：直接提示词：can, can't
③ 涉及考查知识点有：基本含义：can 用于 请求对方允许自己做某事（Can I...?）或 给予/拒绝许可（You can... / You can't...），也可用于 请求对方做某事（Can you...?）。答语注意：对 Can I...? 的肯定回答常用 Yes, you can. 或 Sure. / Certainly.，否定回答 No, you can't. 或 I'm afraid not. 对 Can you...? 的肯定回答常用 Yes, I can. / Sure.，否定回答 Sorry, I can't.","① 常见题型：单选题，填空题，完形填空，语法填空，补全对话
② 题干关键词：直接提示词：can, can't
③ 涉及考查知识点有：基本含义：can 用于 请求对方允许自己做某事（Can I...?）或 给予/拒绝许可（You can... / You can't...），也可用于 请求对方做某事（Can you...?）。答语注意：对 Can I...? 的肯定回答常用 Yes, you can. 或 Sure. / Certainly.，否定回答 No, you can't. 或 I'm afraid not. 对 Can you...? 的肯定回答常用 Yes, I can. / Sure.，否定回答 Sorry, I can't.",否,,,,,梦迪,,,,,,,,,,,,,,,,,,,,,,,,,,,,,,,,
知识点->词法->动词->情态动词->can->can't表示否定推测,"① 常见题型：单选题，填空题，完形填空，语法填空
② 题干关键词：直接提示词：can't
③ 涉及考查知识点有：can't 用于 否定推测，表示说话人根据已有事实或逻辑推断某事 几乎不可能 是真的或不可能发生，相当于“一定不”、“不可能”。","① 常见题型：单选题，填空题，完形填空，语法填空
② 题干关键词：直接提示词：can't
③ 涉及考查知识点有：can't 用于 否定推测，表示说话人根据已有事实或逻辑推断某事 几乎不可能 是真的或不可能发生，相当于“一定不”、“不可能”。",否,,,,,梦迪,,,,,,,,,,,,,,,,,,,,,,,,,,,,,,,,
知识点->词法->动词->情态动词->could->could表示能力/能够,"① 常见题型：单选题，填空题，完形填空，语法填空
② 题干关键词：直接提示词：could，couldn't，could not
③ 涉及考查知识点有：could 是 can 的过去式，表示 过去的能力（past ability），意为“过去会、过去能、过去能够”。肯定句结构：主语 + could + 动词原形 + 其他. 否定句结构：主语 + could not / couldn't + 动词原形 + 其他. 一般疑问句结构：Could + 主语 + 动词原形 + 其他? 肯定回答：Yes, 主语 + could. 否定回答：No, 主语 + couldn't. 与 was/were able to 的区别
注意和could其他标签区分","① 常见题型：单选题，填空题，完形填空，语法填空
② 题干关键词：直接提示词：could，couldn't，could not
③ 涉及考查知识点有：could 是 can 的过去式，表示 过去的能力（past ability），意为“过去会、过去能、过去能够”。肯定句结构：主语 + could + 动词原形 + 其他. 否定句结构：主语 + could not / couldn't + 动词原形 + 其他. 一般疑问句结构：Could + 主语 + 动词原形 + 其他? 肯定回答：Yes, 主语 + could. 否定回答：No, 主语 + couldn't. 与 was/were able to 的区别
注意和could其他标签区分",否,,,,,梦迪,,,,,,,,,,,,,,,,,,,,,,,,,,,,,,,,
知识点->词法->动词->情态动词->could->could表示委婉语气,"① 常见题型：单选题，填空题，完形填空，语法填空，补全对话
② 题干关键词：问句提示：could，Could I...?, Could you...?, Could we...? 答语提示：肯定答语常用 Sure., Of course., Certainly., Yes, you can.（注意不用 could 回答，用 can 或 may）；否定答语 Sorry, I can't. / I'm afraid not.
③ 涉及考查知识点有：could 用于 现在时间，表达 委婉、礼貌、客气 的语气，常用于请求、建议、询问、邀请等交际功能。它不表示过去时，也不表示能力，而是 can 的委婉替代形式。提问和答语见上条
注意和could其他标签区分","① 常见题型：单选题，填空题，完形填空，语法填空，补全对话
② 题干关键词：问句提示：could，Could I...?, Could you...?, Could we...? 答语提示：肯定答语常用 Sure., Of course., Certainly., Yes, you can.（注意不用 could 回答，用 can 或 may）；否定答语 Sorry, I can't. / I'm afraid not.
③ 涉及考查知识点有：could 用于 现在时间，表达 委婉、礼貌、客气 的语气，常用于请求、建议、询问、邀请等交际功能。它不表示过去时，也不表示能力，而是 can 的委婉替代形式。提问和答语见上条
注意和could其他标签区分",否,,,,,梦迪,,,,,,,,,,,,,,,,,,,,,,,,,,,,,,,,
知识点->词法->动词->情态动词->could->could表示推测,"① 常见题型：单选题，填空题，完形填空，语法填空，首字母填空，短文填空
② 题干关键词：could, 语境线索：缺乏确凿证据
③ 涉及考查知识点有：could 可用于 肯定句、否定句、疑问句 中表示推测，指说话人认为某事 有可能 发生或存在，但不确定性较高。相当于“可能、也许”。对现在/未来的推测：could + 动词原形（或 could be + 形容词/名词）。对正在进行的推测：could + be + doing（He could be sleeping now.）
注意和could其他标签区分","① 常见题型：单选题，填空题，完形填空，语法填空，首字母填空，短文填空
② 题干关键词：could, 语境线索：缺乏确凿证据
③ 涉及考查知识点有：could 可用于 肯定句、否定句、疑问句 中表示推测，指说话人认为某事 有可能 发生或存在，但不确定性较高。相当于“可能、也许”。对现在/未来的推测：could + 动词原形（或 could be + 形容词/名词）。对正在进行的推测：could + be + doing（He could be sleeping now.）
注意和could其他标签区分",否,,,,,梦迪,,,,,,,,,,,,,,,,,,,,,,,,,,,,,,,,
知识点->词法->动词->情态动词->may ->may表示请求/许可,"① 常见题型：单选题，填空题，完形填空，语法填空，补全对话，首字母填空，短文填空
② 题干关键词：May I...?, May we...?
③ 涉及考查知识点有：基本含义：may 用于 正式、礼貌地请求许可（May I...?）或 给予/拒绝许可（You may... / You may not...）。请求许可：May + I/we + 动词原形 + 其他?（如 May I borrow your pen?）给予许可：Yes, you may. / You may + 动词原形.（如 You may go now.） 拒绝许可：No, you may not. / You may not + 动词原形.（如 You may not leave early.）
注意和may其他标签区分","① 常见题型：单选题，填空题，完形填空，语法填空，补全对话，首字母填空，短文填空
② 题干关键词：May I...?, May we...?
③ 涉及考查知识点有：基本含义：may 用于 正式、礼貌地请求许可（May I...?）或 给予/拒绝许可（You may... / You may not...）。请求许可：May + I/we + 动词原形 + 其他?（如 May I borrow your pen?）给予许可：Yes, you may. / You may + 动词原形.（如 You may go now.） 拒绝许可：No, you may not. / You may not + 动词原形.（如 You may not leave early.）
注意和may其他标签区分",否,,,,,梦迪,,,,,,,,,,,,,,,,,,,,,,,,,,,,,,,,
知识点->词法->动词->情态动词->may ->may表示推测,"① 常见题型：单选题，填空题，完形填空，语法填空，补全对话，首字母填空，短文填空
② 题干关键词：may, may not
③ 涉及考查知识点有：基本含义：may 用于 肯定句和否定句 中表示 推测，指说话人认为某事 有可能 发生或存在，但 不确定性中等（约50%把握）。相当于“可能、也许”。对现在/未来的推测：may + 动词原形（或 may be + 形容词/名词）。
对正在进行的推测：may + be + doing（He may be sleeping now.）
对过去的推测（初中中高年级）：may + have + 过去分词（She may have missed the bus. 她可能错过了公交车）
注意和may其他标签区分","① 常见题型：单选题，填空题，完形填空，语法填空，补全对话，首字母填空，短文填空
② 题干关键词：may, may not
③ 涉及考查知识点有：基本含义：may 用于 肯定句和否定句 中表示 推测，指说话人认为某事 有可能 发生或存在，但 不确定性中等（约50%把握）。相当于“可能、也许”。对现在/未来的推测：may + 动词原形（或 may be + 形容词/名词）。
对正在进行的推测：may + be + doing（He may be sleeping now.）
对过去的推测（初中中高年级）：may + have + 过去分词（She may have missed the bus. 她可能错过了公交车）
注意和may其他标签区分",否,,,,,梦迪,,,,,,,,,,,,,,,,,,,,,,,,,,,,,,,,
知识点->词法->动词->情态动词->may ->may表示祝愿,"① 常见题型：单选题，填空题，完形填空，语法填空，补全对话，首字母填空，短文填空
② 题干关键词：May 位于句首，首字母大写（常考），后接主语（通常是 you 或 we）和动词原形。语境常见于节日祝福，送别和对他人未来的美好期望
③ 涉及考查知识点有：基本含义：may 置于句首，表示 祝愿、祝福，意为“祝……、愿……”。结构：May + 主语 + 动词原形 + 其他！
注意和may其他标签区分","① 常见题型：单选题，填空题，完形填空，语法填空，补全对话，首字母填空，短文填空
② 题干关键词：May 位于句首，首字母大写（常考），后接主语（通常是 you 或 we）和动词原形。语境常见于节日祝福，送别和对他人未来的美好期望
③ 涉及考查知识点有：基本含义：may 置于句首，表示 祝愿、祝福，意为“祝……、愿……”。结构：May + 主语 + 动词原形 + 其他！
注意和may其他标签区分",否,,,,,梦迪,,,,,,,,,,,,,,,,,,,,,,,,,,,,,,,,
知识点->词法->动词->情态动词->might,"① 常见题型：单选题，填空题，完形填空，语法填空，补全对话，首字母填空，短文填空
② 题干关键词：might，might not
③ 涉及考查知识点有：基本含义：might 表示 可能性很小、非常不确定的推测，意为“也许、说不定”。把握程度约30%，低于 may（50%）和 could（30-50%）。可用于可能性很小的推测；委婉建议和请求（You might + 动词原形（表示“你也许应该……”））；用于虚拟语气（表示与现在或过去事实相反的结果。例：If I were you, I might accept the offer.）","① 常见题型：单选题，填空题，完形填空，语法填空，补全对话，首字母填空，短文填空
② 题干关键词：might，might not
③ 涉及考查知识点有：基本含义：might 表示 可能性很小、非常不确定的推测，意为“也许、说不定”。把握程度约30%，低于 may（50%）和 could（30-50%）。可用于可能性很小的推测；委婉建议和请求（You might + 动词原形（表示“你也许应该……”））；用于虚拟语气（表示与现在或过去事实相反的结果。例：If I were you, I might accept the offer.）",否,,,,,梦迪,,,,,,,,,,,,,,,,,,,,,,,,,,,,,,,,
知识点->词法->动词->情态动词->must->must表示必须,"① 常见题型：单选题，填空题，完形填空，语法填空，补全对话，首字母填空，短文填空
② 题干关键词：must（后接动词原形）。
③ 涉及考查知识点有：must 表示 主观上的义务、必要或强制，意为“必须、一定要”。
Must I hand in the homework tomorrow?（我必须明天交作业吗？）
肯定回答：Yes, you must.
否定回答：No, you needn’t. / No, you don’t have to.（不能用 No, you mustn’t.）与have to的区别是： must 强调主观意愿 / 命令，have to 强调客观需要 / 规定","① 常见题型：单选题，填空题，完形填空，语法填空，补全对话，首字母填空，短文填空
② 题干关键词：must（后接动词原形）。
③ 涉及考查知识点有：must 表示 主观上的义务、必要或强制，意为“必须、一定要”。
Must I hand in the homework tomorrow?（我必须明天交作业吗？）
肯定回答：Yes, you must.
否定回答：No, you needn’t. / No, you don’t have to.（不能用 No, you mustn’t.）与have to的区别是： must 强调主观意愿 / 命令，have to 强调客观需要 / 规定",否,,,,,梦迪,,,,,,,,,,,,,,,,,,,,,,,,,,,,,,,,
知识点->词法->动词->情态动词->must->mustn't表示禁止,"① 常见题型：单选题，填空题，完形填空，语法填空，补全对话，首字母填空，短文填空
② 题干关键词：mustn’t, must not（后接动词原形）。
③ 涉及考查知识点有：must的否定形式：must not / mustn’t 表示 禁止；疑问句以及答语：
Must I hand in the homework tomorrow?（我必须明天交作业吗？）
肯定回答：Yes, you must.
否定回答：No, you needn’t. / No, you don’t have to.（不能用 No, you mustn’t.）","① 常见题型：单选题，填空题，完形填空，语法填空，补全对话，首字母填空，短文填空
② 题干关键词：mustn’t, must not（后接动词原形）。
③ 涉及考查知识点有：must的否定形式：must not / mustn’t 表示 禁止；疑问句以及答语：
Must I hand in the homework tomorrow?（我必须明天交作业吗？）
肯定回答：Yes, you must.
否定回答：No, you needn’t. / No, you don’t have to.（不能用 No, you mustn’t.）",否,,,,,梦迪,,,,,,,,,,,,,,,,,,,,,,,,,,,,,,,,
知识点->词法->动词->情态动词->must->must表示推测,"① 常见题型：单选题，填空题，完形填空，语法填空，补全对话，首字母填空，短文填空
② 题干关键词：must（后接动词原形）。
③ 涉及考查知识点有：must 用于 肯定推测，表示说话人根据已有证据或逻辑，认为某事 极有可能 是真的，意为“一定、肯定、准是”。否定形式：must 的否定推测 不用 mustn't（mustn't 表示“禁止”）。否定推测用 can't 或 couldn't，意为“不可能”。","① 常见题型：单选题，填空题，完形填空，语法填空，补全对话，首字母填空，短文填空
② 题干关键词：must（后接动词原形）。
③ 涉及考查知识点有：must 用于 肯定推测，表示说话人根据已有证据或逻辑，认为某事 极有可能 是真的，意为“一定、肯定、准是”。否定形式：must 的否定推测 不用 mustn't（mustn't 表示“禁止”）。否定推测用 can't 或 couldn't，意为“不可能”。",否,,,,,梦迪,,,,,,,,,,,,,,,,,,,,,,,,,,,,,,,,
知识点->词法->动词->情态动词->shall,"① 常见题型：单选题，填空题，完形填空，语法填空，补全对话，首字母填空，短文填空
② 题干关键词：shall，Shall I...?, Shall we...?（后接动词原形）
③ 涉及考查知识点有：征求意见 / 提出建议：Shall I / we + 动词原形?，意为“（我/我们）……好吗？反意疑问句中的 shall we：Let's start, shall we?（我们开始吧，好吗？）这是固定用法，shall we 用于 Let's 开头的祈使句后，表示征求同意。","① 常见题型：单选题，填空题，完形填空，语法填空，补全对话，首字母填空，短文填空
② 题干关键词：shall，Shall I...?, Shall we...?（后接动词原形）
③ 涉及考查知识点有：征求意见 / 提出建议：Shall I / we + 动词原形?，意为“（我/我们）……好吗？反意疑问句中的 shall we：Let's start, shall we?（我们开始吧，好吗？）这是固定用法，shall we 用于 Let's 开头的祈使句后，表示征求同意。",否,,,,,梦迪,,,,,,,,,,,,,,,,,,,,,,,,,,,,,,,,
知识点->词法->动词->情态动词->should,"① 常见题型：单选题，填空题，完形填空，语法填空，补全对话，首字母填空，短文填空
② 题干关键词：should, shouldn’t, should not（后接动词原形）。
③ 涉及考查知识点有：基本含义：should 表示 义务、建议、劝告，意为“应该”，用法有：表示建议、义务、责任（“应该”）；表示推测或预期（“按理应该”、“估计会”）；用于虚拟语气（在 suggest, insist, recommend, demand 等动词后的 that 从句中，should + 动词原形 表示建议或要求）","① 常见题型：单选题，填空题，完形填空，语法填空，补全对话，首字母填空，短文填空
② 题干关键词：should, shouldn’t, should not（后接动词原形）。
③ 涉及考查知识点有：基本含义：should 表示 义务、建议、劝告，意为“应该”，用法有：表示建议、义务、责任（“应该”）；表示推测或预期（“按理应该”、“估计会”）；用于虚拟语气（在 suggest, insist, recommend, demand 等动词后的 that 从句中，should + 动词原形 表示建议或要求）",否,,,,,梦迪,,,,,,,,,,,,,,,,,,,,,,,,,,,,,,,,
知识点->词法->动词->情态动词->will,"① 常见题型：单选题，填空题，完形填空，语法填空，补全对话，首字母填空，短文填空
② 题干关键词：will, won’t = will not（后接动词原形）
③ 涉及考查知识点有：will 表示 将来发生的动作或状态， 强调主观意愿、即兴决定 或 客观预测；will 表示 说话时的即兴决定、主动提供、承诺、拒绝；结构：Will you + 动词原形? 用于 请求对方做某事 或 发出邀请","① 常见题型：单选题，填空题，完形填空，语法填空，补全对话，首字母填空，短文填空
② 题干关键词：will, won’t = will not（后接动词原形）
③ 涉及考查知识点有：will 表示 将来发生的动作或状态， 强调主观意愿、即兴决定 或 客观预测；will 表示 说话时的即兴决定、主动提供、承诺、拒绝；结构：Will you + 动词原形? 用于 请求对方做某事 或 发出邀请",否,,,,,梦迪,,,,,,,,,,,,,,,,,,,,,,,,,,,,,,,,
知识点->词法->动词->情态动词->would,"① 常见题型：单选题，填空题，完形填空，语法填空，补全对话，首字母填空，短文填空
② 题干关键词：would, wouldn’t = would not（后接动词原形）；Would you...?（Would you please...?, Would you like...?, Would you mind...?），Would you like to...? 表示礼貌邀请。
③ 涉及考查知识点有： 表示过去将来（间接引语）例如：He said he would call me later.（他说他晚些会打电话给我。）表示委婉请求、邀请、建议（现在/将来时间）例如 Would you please open the window?（请你打开窗户好吗？）表示虚拟语气，例如 If I were you, I would say sorry.（如果我是你，我会道歉。）","① 常见题型：单选题，填空题，完形填空，语法填空，补全对话，首字母填空，短文填空
② 题干关键词：would, wouldn’t = would not（后接动词原形）；Would you...?（Would you please...?, Would you like...?, Would you mind...?），Would you like to...? 表示礼貌邀请。
③ 涉及考查知识点有： 表示过去将来（间接引语）例如：He said he would call me later.（他说他晚些会打电话给我。）表示委婉请求、邀请、建议（现在/将来时间）例如 Would you please open the window?（请你打开窗户好吗？）表示虚拟语气，例如 If I were you, I would say sorry.（如果我是你，我会道歉。）",否,,,,,梦迪,,,,,,,,,,,,,,,,,,,,,,,,,,,,,,,,
知识点->词法->动词->情态动词->have to,"① 常见题型：单选题，填空题，完形填空，语法填空，补全对话，首字母填空，短文填空
② 题干关键词： has to / had to / don’t have to / doesn’t have to / didn’t have to
③ 涉及考查知识点有： have to 表示”不得不“；一般现在时形式为have/has to; 一般过去时形式为had to; 否定结构：don’t/doesn’t/didn’t + have to（表示 “不必”）:疑问结构：Do/Does/Did + 主语 + have to…?与must的区别是： must 强调主观意愿 / 命令，have to 强调客观需要 / 规定","① 常见题型：单选题，填空题，完形填空，语法填空，补全对话，首字母填空，短文填空
② 题干关键词： has to / had to / don’t have to / doesn’t have to / didn’t have to
③ 涉及考查知识点有： have to 表示”不得不“；一般现在时形式为have/has to; 一般过去时形式为had to; 否定结构：don’t/doesn’t/didn’t + have to（表示 “不必”）:疑问结构：Do/Does/Did + 主语 + have to…?与must的区别是： must 强调主观意愿 / 命令，have to 强调客观需要 / 规定",否,,,,,梦迪,,,,,,,,,,,,,,,,,,,,,,,,,,,,,,,,
知识点->词法->动词->情态动词->had better,"① 常见题型：单选题，填空题，完形填空，语法填空，补全对话，首字母填空，短文填空
② 题干关键词： had better / 'd better / had better not
③ 涉及考查知识点有： 基本含义：表示劝告、建议，意为 “最好……”肯定句结构：had better + 动词原形；否定句结构：had better not + 动词原形","① 常见题型：单选题，填空题，完形填空，语法填空，补全对话，首字母填空，短文填空
② 题干关键词： had better / 'd better / had better not
③ 涉及考查知识点有： 基本含义：表示劝告、建议，意为 “最好……”肯定句结构：had better + 动词原形；否定句结构：had better not + 动词原形",否,,,,,梦迪,,,,,,,,,,,,,,,,,,,,,,,,,,,,,,,,
知识点->词法->动词->情态动词->ought to,"① 常见题型：单选题，填空题，完形填空，语法填空，补全对话，首字母填空，短文填空
② 题干关键词：ought to / ought not to / oughtn’t to
③ 涉及考查知识点有： 基本含义：表示 “应该、理应”，侧重责任、义务、合乎情理或按道理推测；肯定句结构：ought to + 动词原形；否定句结构：ought not to /oughtn’t to + 动词原形；ought to无人称、时态、数的变化,所有人称统一用 ought to，不随主语变化","① 常见题型：单选题，填空题，完形填空，语法填空，补全对话，首字母填空，短文填空
② 题干关键词：ought to / ought not to / oughtn’t to
③ 涉及考查知识点有： 基本含义：表示 “应该、理应”，侧重责任、义务、合乎情理或按道理推测；肯定句结构：ought to + 动词原形；否定句结构：ought not to /oughtn’t to + 动词原形；ought to无人称、时态、数的变化,所有人称统一用 ought to，不随主语变化",否,,,,,梦迪,,,,,,,,,,,,,,,,,,,,,,,,,,,,,,,,
知识点->词法->动词->既作实义动词又作情态动词的动词->need,"① 常见题型：单选题，填空题，完形填空，语法填空，补全对话，首字母填空，短文填空
② 题干关键词：need / needn’t / don’t need to / doesn’t need to / didn’t need to
③ 涉及考查知识点有：need既可以做情态动词，也可以做实义动词：做情态动词时，need / needn't +动词原形,注意need无人称和时态变化；做实义动词时，肯定句为need to do，否定句为 don’t/doesn’t/didn’t need to do
原则上题干和正确答案只要涉及到need的考题直接打这个标签即可","① 常见题型：单选题，填空题，完形填空，语法填空，补全对话，首字母填空，短文填空
② 题干关键词：need / needn’t / don’t need to / doesn’t need to / didn’t need to
③ 涉及考查知识点有：need既可以做情态动词，也可以做实义动词：做情态动词时，need / needn't +动词原形,注意need无人称和时态变化；做实义动词时，肯定句为need to do，否定句为 don’t/doesn’t/didn’t need to do
原则上题干和正确答案只要涉及到need的考题直接打这个标签即可",否,,,,,梦迪,,,,,,,,,,,,,,,,,,,,,,,,,,,,,,,,
知识点->词法->动词->既作实义动词又作情态动词的动词->dare,"① 常见题型：单选题，填空题，完形填空，语法填空，补全对话，首字母填空，短文填空
② 题干关键词：dare（敢，敢于），daren’t，don’t / doesn’t / didn’t dare to
③ 涉及考查知识点有：dare既可以做情态动词，也可以做实义动词：做情态动词时，dare / daren’t +动词原形,注意dare无人称和时态变化；做实义动词时，肯定句为dare to do，否定句为 don’t/doesn’t/didn’t dare to do
原则上题干和正确答案只要涉及到dare的考题直接打这个标签即可","① 常见题型：单选题，填空题，完形填空，语法填空，补全对话，首字母填空，短文填空
② 题干关键词：dare（敢，敢于），daren’t，don’t / doesn’t / didn’t dare to
③ 涉及考查知识点有：dare既可以做情态动词，也可以做实义动词：做情态动词时，dare / daren’t +动词原形,注意dare无人称和时态变化；做实义动词时，肯定句为dare to do，否定句为 don’t/doesn’t/didn’t dare to do
原则上题干和正确答案只要涉及到dare的考题直接打这个标签即可",否,,,,,梦迪,,,,,,,,,,,,,,,,,,,,,,,,,,,,,,,,
知识点->词法->非谓语动词->动词不定式->动词不定式的结构->动词不定式的一般式,"① 常见题型：单选题，语法选择，语法填空，首字母填空，短文填空，句型转换
② 题干关键词：结构为to+动词原形；want /hope/decide /agree/refuse /learn/plan 等后接不定式；ask /tell/want /allow/invite 等后接宾补+不定式；句型It’s + adj. + to do
③ 涉及考查知识点有：作主语：To learn English well is important.（常用 It 作形式主语：It is important to learn English well.）
作宾语：I want to go home.（及物动词后作宾语）
作宾语补足语：He asked me to help him.（注意感官/使役动词后省略 to）
作定语：I have a lot of work to do.（修饰名词，通常表示未发生的动作）
作状语：
目的状语：He came to borrow my bike.（为了……）
结果状语：He is too young to go to school.（太……而不能……）
作表语：My dream is to become a doctor.
与疑问词连用：I don’t know what to do.",第三轮最终高密度结构化释义：① 常见题型：单选题，语法选择，语法填空，首字母填空，短文填空，句型转换；② 题干关键词：to+动词原形；want、hope、decide、agree、refuse、learn、plan；ask、tell、want、allow、invite；It’s + adj. + to do；③ 涉及考查知识点有：动词不定式作主语（含it作形式主语句型）、动词不定式作宾语、动词不定式作宾语补足语、动词不定式作定语、动词不定式作目的状语、动词不定式作结果状语、动词不定式作表语、动词不定式与疑问词连用；注意：易混淆点为感官/使役动词后接不定式作宾补时省略to，无明确排他性“不打此标签”的具体条件,"① 常见题型：单选题，语法选择，语法填空，首字母填空，短文填空，句型转换
② 题干关键词：结构为to+动词原形；want /hope/decide /agree/refuse /learn/plan 等后接不定式；ask /tell/want /allow/invite 等后接宾补+不定式；句型It’s + adj. + to do
③ 涉及考查知识点有：作主语：To learn English well is important.（常用 It 作形式主语：It is important to learn English well.）
作宾语：I want to go home.（及物动词后作宾语）
作宾语补足语：He asked me to help him.（注意感官/使役动词后省略 to）
作定语：I have a lot of work to do.（修饰名词，通常表示未发生的动作）
作状语：
目的状语：He came to borrow my bike.（为了……）
结果状语：He is too young to go to school.（太……而不能……）
作表语：My dream is to become a doctor.
",,,,,梦迪,,,,,,,,,,,,,,,,,,,,,,,,,,,,,,,,
知识点->词法->非谓语动词->动词不定式->动词不定式的结构->动词不定式的否定式,"① 常见题型：单选题，语法选择，语法填空，首字母填空，短文填空，句型转换
② 题干关键词：结构为not to + 动词原形；want /hope/decide /agree/refuse /learn/plan 等后接不定式；ask /tell/want /allow/invite 等后接宾补+不定式；句型It’s + adj. + to do
③ 涉及考查知识点有：基本结构：不定式的否定式是在 to 前面直接加 not，构成 not to do。
作主语：Not to study hard is a mistake.（常用 It 形式主语：It’s a mistake not to study hard.）
作宾语：I promise not to be late again.
作宾补：She told me not to wait for her.
作定语：He has a decision not to travel alone.（较少，初中不常见）
作状语：
目的状语（否定）：He left early in order not to miss the bus. / so as not to...
结果状语（否定）：He was too tired to go any further.（too...to 结构本身含否定，但并非直接 not to do）
作表语：His plan is not to give up.",第三轮：最终的高密度结构化释义：① 常见题型：单选题，语法选择，语法填空，首字母填空，短文填空，句型转换；② 题干关键词：not to + 动词原形，want、hope、decide、agree、refuse、learn、plan、ask、tell、allow、invite，It’s + adj. + to do，in order not to，so as not to，too...to；③ 涉及考查知识点有：动词不定式否定式基本结构，动词不定式否定式作主语（含it形式主语句型）、作宾语、作宾补、作定语、作状语（含目的状语、结果状语）、作表语的用法；注意：1. 初中阶段动词不定式否定式作定语考查频率极低；2. too...to结构本身含否定语义，不属于直接加not构成的not to do类考点,否,,,,,梦迪,,,,,,,,,,,,,,,,,,,,,,,,,,,,,,,,
知识点->词法->非谓语动词->动词不定式->动词不定式的结构->动词不定式的被动式,"① 常见题型：单选题，语法选择，语法填空，首字母填空，短文填空，句型转换
② 题干关键词：结构为to be + 过去分词（如 to be done, to be built, to be invited）。
③ 涉及考查知识点有：不定式被动式 to be done 表示 被动意义，即不定式的逻辑主语是动作的承受者。
作主语（较少，常用 It 形式主语）：To be respected is important.（被人尊重很重要。）
作宾语：He hopes to be sent abroad.（他希望被派往国外。——及物动词后）
作宾语补足语：She asked the letter to be posted at once.（她要求信马上被寄出。）
作定语：The bridge to be built next year will be very long.（明年将要修建的桥会很长。——修饰 bridge，表示未来的被动动作）
作状语（目的/结果，较少）：He went to the hospital to be examined.（他去医院接受检查。——目的）
作表语：The plan is to be carried out tomorrow.（计划将在明天被执行。）
用于 there be 结构：There are many trees to be planted.（有许多树要种。）",第三轮：最终的高密度结构化释义。①常见题型：单选题，语法选择，语法填空，首字母填空，短文填空，句型转换；②题干关键词：to be + 过去分词，to be done，to be built，to be invited；③涉及考查知识点有：不定式被动式to be done（表被动，不定式逻辑主语为动作承受者），不定式被动式作主语（常用it作形式主语）、作宾语、作宾语补足语、作定语（表未来被动动作）、作状语（多表目的/结果）、作表语、用于there be结构；注意：无明确说明,否,,,,,梦迪,,,,,,,,,,,,,,,,,,,,,,,,,,,,,,,,
知识点->词法->非谓语动词->动词不定式->动词不定式的结构->省略to的动词不定式,"① 常见题型：单选题，语法选择，语法填空，首字母填空，短文填空，句型转换
② 题干关键词：省略 to 的不定式即不带 to 的动词原形，感官动词，使役动词等后面要跟省略to 的不定式
③ 涉及考查知识点有：主要使用情景有：情态动词之后，感官动词 + 宾语 + 动词原形，使役动词 + 宾语 + 动词原形，had better (not) + 动词原形，would rather (not) + 动词原形，Why not + 动词原形?（表示建议）","① 常见题型：单选题，语法选择，语法填空，首字母填空，短文填空，句型转换
② 题干关键词：省略 to 的不定式即不带 to 的动词原形，感官动词，使役动词等后面要跟省略to 的不定式
③ 涉及考查知识点有：主要使用情景有：情态动词之后，感官动词 + 宾语 + 动词原形，使役动词 + 宾语 + 动词原形，had better (not) + 动词原形，would rather (not) + 动词原形，Why not + 动词原形?（表示建议）",否,,,,,梦迪,,,,,,,,,,,,,,,,,,,,,,,,,,,,,,,,
知识点->词法->非谓语动词->动词不定式->动词不定式的句法功能->不定式作主语,"① 常见题型：单选题，语法选择，语法填空，首字母填空，短文填空，句型转换
② 题干关键词：To + 动词原形 位于句首作主语，或 It 作形式主语 + to do 放在句尾。
③ 涉及考查知识点有：不定式（短语）可以放在句首作句子的 主语，表示一个动作、行为或事实；不定式短语作主语时，谓语动词用 单数第三人称 形式；为避免句子头重脚轻，常用 it 作形式主语，将真正的主语（不定式）后置。结构为：It + be + 形容词/名词 + (for/of sb.) + to do sth.","① 常见题型：单选题，语法选择，语法填空，首字母填空，短文填空，句型转换
② 题干关键词：To + 动词原形 位于句首作主语，或 It 作形式主语 + to do 放在句尾。
③ 涉及考查知识点有：不定式（短语）可以放在句首作句子的 主语，表示一个动作、行为或事实；不定式短语作主语时，谓语动词用 单数第三人称 形式；为避免句子头重脚轻，常用 it 作形式主语，将真正的主语（不定式）后置。结构为：It + be + 形容词/名词 + (for/of sb.) + to do sth.",否,,,,,梦迪,,,,,,,,,,,,,,,,,,,,,,,,,,,,,,,,
知识点->词法->非谓语动词->动词不定式->动词不定式的句法功能->不定式作宾语,"① 常见题型：单选题，语法选择，语法填空，首字母填空，短文填空，句型转换
② 题干关键词：动词搭配标志（后跟不定式作宾语）：want, hope, wish, expect, would like, decide, plan, learn, agree, refuse, offer, promise, choose, manage, fail, pretend, afford, prepare, happen, seem, appear 等。
③ 涉及考查知识点有：某些及物动词后只能跟不定式（或可跟不定式）作 宾语，构成 动词 + to do 结构。常见的动词有：意愿/计划类：want, would like, wish, hope, expect, plan, decide, choose, prepare
态度类：agree, refuse, offer, promise, manage, fail, pretend, afford
其他：learn, happen, seem, appear（这些动词常接不定式，如 He seems to be happy.）","① 常见题型：单选题，语法选择，语法填空，首字母填空，短文填空，句型转换
② 题干关键词：动词搭配标志（后跟不定式作宾语）：want, hope, wish, expect, would like, decide, plan, learn, agree, refuse, offer, promise, choose, manage, fail, pretend, afford, prepare, happen, seem, appear 等。
③ 涉及考查知识点有：某些及物动词后只能跟不定式（或可跟不定式）作 宾语，构成 动词 + to do 结构。常见的动词有：意愿/计划类：want, would like, wish, hope, expect, plan, decide, choose, prepare
态度类：agree, refuse, offer, promise, manage, fail, pretend, afford
其他：learn, happen, seem, appear（这些动词常接不定式，如 He seems to be happy.）",否,,,,,梦迪,,,,,,,,,,,,,,,,,,,,,,,,,,,,,,,,
知识点->词法->非谓语动词->动词不定式->动词不定式的句法功能->不定式作表语,"① 常见题型：单选题，语法选择，语法填空，首字母填空，短文填空，句型转换
② 题干关键词：主语 + 系动词 + to do（系动词包括 be, seem, appear, remain, prove 等，初中以 be 为主）。不定式作表语说明主语的具体内容、目的、计划、愿望等。系动词提示：is, am, are, was, were, seems, appears 等后跟 to do。
③ 涉及考查知识点有：主语为表示“目标、愿望、计划、任务、责任”的名词时，常用不定式作表语，说明具体要做的事。如：His plan is to study abroad. 主语为 what 引导的名词性从句：What he wants to do is to travel around the world.","① 常见题型：单选题，语法选择，语法填空，首字母填空，短文填空，句型转换
② 题干关键词：主语 + 系动词 + to do（系动词包括 be, seem, appear, remain, prove 等，初中以 be 为主）。不定式作表语说明主语的具体内容、目的、计划、愿望等。系动词提示：is, am, are, was, were, seems, appears 等后跟 to do。
③ 涉及考查知识点有：主语为表示“目标、愿望、计划、任务、责任”的名词时，常用不定式作表语，说明具体要做的事。如：His plan is to study abroad. 主语为 what 引导的名词性从句：What he wants to do is to travel around the world.",否,,,,,梦迪,,,,,,,,,,,,,,,,,,,,,,,,,,,,,,,,
知识点->词法->非谓语动词->动词不定式->动词不定式的句法功能->不定式作定语,"① 常见题型：单选题，语法选择，语法填空，首字母填空，短文填空，句型转换
② 题干关键词：名词/代词 + 不定式短语（不定式修饰前面的名词或代词，作后置定语）。常见被修饰名词：抽象名词：way, time, chance等；序数词/最高级修饰的名词：the first, the last, the next, the only, the best 等后跟名词 + 不定式。
③ 涉及考查知识点有：不定式的动作由被修饰的名词发出；被修饰的名词是不定式动作的承受者（最常见）；不定式说明被修饰名词的具体内容。","① 常见题型：单选题，语法选择，语法填空，首字母填空，短文填空，句型转换
② 题干关键词：名词/代词 + 不定式短语（不定式修饰前面的名词或代词，作后置定语）。常见被修饰名词：抽象名词：way, time, chance等；序数词/最高级修饰的名词：the first, the last, the next, the only, the best 等后跟名词 + 不定式。
③ 涉及考查知识点有：不定式的动作由被修饰的名词发出；被修饰的名词是不定式动作的承受者（最常见）；不定式说明被修饰名词的具体内容。",否,,,,,梦迪,,,,,,,,,,,,,,,,,,,,,,,,,,,,,,,,
知识点->词法->非谓语动词->动词不定式->动词不定式的句法功能->不定式作补语,"① 常见题型：单选题，语法选择，语法填空，首字母填空，短文填空，句型转换
② 题干关键词：动词 + 宾语 + 不定式（不定式补充说明宾语的动作或状态）。其中，不定式可以带 to 或省略 to。带 to 的不定式作宾补的动词：
要求/命令类：ask, tell, order, command, require
意愿/建议类：want, wish, would like, expect, prefer, advise, encourage, allow, permit, forbid
帮助类：help（可带 to 也可省略）
其他：teach, invite, warn, remind, force
省略 to 的不定式作宾补的动词：
感官动词：see, watch, notice, observe, hear, listen to, feel
使役动词：make, let, have（使役用法）
③ 涉及考查知识点有：不定式可以在某些及物动词后作宾语补足语","① 常见题型：单选题，语法选择，语法填空，首字母填空，短文填空，句型转换
② 题干关键词：动词 + 宾语 + 不定式（不定式补充说明宾语的动作或状态）。其中，不定式可以带 to 或省略 to。带 to 的不定式作宾补的动词：
要求/命令类：ask, tell, order, command, require
意愿/建议类：want, wish, would like, expect, prefer, advise, encourage, allow, permit, forbid
帮助类：help（可带 to 也可省略）
其他：teach, invite, warn, remind, force
省略 to 的不定式作宾补的动词：
感官动词：see, watch, notice, observe, hear, listen to, feel
使役动词：make, let, have（使役用法）
③ 涉及考查知识点有：不定式可以在某些及物动词后作宾语补足语",否,,,,,梦迪,,,,,,,,,,,,,,,,,,,,,,,,,,,,,,,,
知识点->词法->非谓语动词->动词不定式->动词不定式的句法功能->不定式作状语,"① 常见题型：单选题，语法选择，语法填空，首字母填空，短文填空，句型转换
② 题干关键词：不定式短语（to do / in order to do / so as to do）位于句首、句中或句末
③ 涉及考查知识点有：不定式（短语）可以修饰动词、形容词或整个句子，表示 目的、结果、原因、条件 等状语关系。
作目的状语：结构：to do, in order to do, so as to do。否定：in order not to do, so as not to do
例：He ran fast to catch the bus.（为了赶上公交车）
位置：可放在句首（强调目的）或句末。句首时常用逗号隔开。
与 so that / in order that 从句的转换：He got up early so that he could catch the bus. → He got up early to catch the bus.
注意：so as to 不能放在句首；in order to 可以放在句首或句末。
作结果状语：too...to... 结构：too + 形容词/副词 + to do，意为“太……以至于不能……”，本身含有否定意义。
例：The box is too heavy to carry.（箱子太重搬不动。）
enough to... 结构：形容词/副词 + enough + to do，意为“足够……以至于能……”。
例：He is old enough to go to school.（他够大能上学了。）
only to do：表示意想不到的或不愉快的结果。
例：He hurried to the station, only to find the train had left.（结果却发现火车已经开走了。）
作原因状语：用在表示情绪的形容词（happy, glad, sorry, surprised, disappointed, proud, lucky 等）后，说明产生该情绪的原因。
例：I'm sorry to hear that.（听到那件事我很难过。）","① 常见题型：单选题，语法选择，语法填空，首字母填空，短文填空，句型转换
② 题干关键词：to do、in order to do、so as to do、in order not to do、so as not to do、so that、in order that、too...to...、enough to...、only to do
③ 涉及考查知识点有：不定式（短语）作目的、结果、原因、条件状语的用法，不定式作目的状语的肯定/否定结构规则，不定式作目的状语与so that/in order that引导的目的状语从句的转换规则
注意：1. so as to、so as not to不可放在句首，in order to、in order not to可放在句首或句末；2. too...to...结构本身自带否定含义；3. only to do用于表示意想不到或不愉快的结果；4. 不定式作原因状语仅可修饰情绪类形容词",否,,,,,梦迪,,,,,,,,,,,,,,,,,,,,,,,,,,,,,,,,
知识点->词法->非谓语动词->动名词->动名词的结构->动名词的一般式,"① 常见题型：单选题，语法选择，语法填空，首字母填空，短文填空，句型转换
② 题干关键词：动词 + -ing 形式
③ 涉及考查知识点有：动词原形 + -ing（如 go → going, write → writing, run → running, lie → lying）。
作主语：Swimming is fun.（谓语用单数）
作宾语：
动词宾语：I enjoy reading.
介词宾语：He is good at drawing.
作表语：My job is teaching.（说明主语的内容或性质，可与主语互换位置）
作定语：a walking stick（表示用途，相当于 a stick for walking），注意与现在分词作定语（主动、进行）区分。","① 常见题型：单选题，语法选择，语法填空，首字母填空，短文填空，句型转换
② 题干关键词：动词 + -ing 形式
③ 涉及考查知识点有：动词原形 + -ing（如 go → going, write → writing, run → running, lie → lying）。
作主语：Swimming is fun.（谓语用单数）
作宾语：
动词宾语：I enjoy reading.
介词宾语：He is good at drawing.
作表语：My job is teaching.（说明主语的内容或性质，可与主语互换位置）
作定语：a walking stick（表示用途，相当于 a stick for walking），注意与现在分词作定语（主动、进行）区分。",否,,,,,梦迪,,,,,,,,,,,,,,,,,,,,,,,,,,,,,,,,
知识点->词法->非谓语动词->动名词->动名词的结构->动名词的否定式,"① 常见题型：单选题，语法选择，语法填空，首字母填空，短文填空，句型转换
② 题干关键词：not + doing（否定词 not 直接放在动名词之前，not 不能放在 -ing 之后）。
③ 涉及考查知识点有：动名词否定式可以担任动名词的所有句法功能，只是动作意义被否定。
作主语：Not studying hard leads to failure.（常用形式主语 It 较少，更常见带逻辑主语：His not studying hard led to failure.）
作宾语：
动词宾语：He admitted not telling the truth.
介词宾语：She apologized for not coming on time.
作表语：The worst thing is not trying at all.","① 常见题型：单选题，语法选择，语法填空，首字母填空，短文填空，句型转换
② 题干关键词：not + doing（否定词 not 直接放在动名词之前，not 不能放在 -ing 之后）。
③ 涉及考查知识点有：动名词否定式可以担任动名词的所有句法功能，只是动作意义被否定。
作主语：Not studying hard leads to failure.（常用形式主语 It 较少，更常见带逻辑主语：His not studying hard led to failure.）
作宾语：
动词宾语：He admitted not telling the truth.
介词宾语：She apologized for not coming on time.
作表语：The worst thing is not trying at all.",否,,,,,梦迪,,,,,,,,,,,,,,,,,,,,,,,,,,,,,,,,
知识点->词法->非谓语动词->动名词->动名词的结构->动名词的被动式,"① 常见题型：单选题，语法选择，语法填空，首字母填空，短文填空，句型转换
② 题干关键词：being + 过去分词（如 being done, being built, being invited）
③ 涉及考查知识点有：动名词被动式 being done 表示 被动意义。
作主语：Being laughed at in public is embarrassing.
作宾语：
动词宾语：He hates being interrupted.
介词宾语：She is afraid of being abandoned.
作表语：The problem is being solved.","① 常见题型：单选题，语法选择，语法填空，首字母填空，短文填空，句型转换
② 题干关键词：being + 过去分词（如 being done, being built, being invited）
③ 涉及考查知识点有：动名词被动式 being done 表示 被动意义。
作主语：Being laughed at in public is embarrassing.
作宾语：
动词宾语：He hates being interrupted.
介词宾语：She is afraid of being abandoned.
作表语：The problem is being solved.",否,,,,,梦迪,,,,,,,,,,,,,,,,,,,,,,,,,,,,,,,,
知识点->词法->非谓语动词->动名词->动名词的句法功能->动名词作主语,"① 常见题型：单选题，语法选择，语法填空，首字母填空，短文填空，句型转换
② 题干关键词：Doing / 动词-ing 短语 位于句首
③ 涉及考查知识点有：
名词短语作主语时，谓语动词一律用 单数第三人称 形式
注意：此标签可以与动名词的一般式/否定式同时打","① 常见题型：单选题，语法选择，语法填空，首字母填空，短文填空，句型转换
② 题干关键词：Doing / 动词-ing 短语 位于句首
③ 涉及考查知识点有：
名词短语作主语时，谓语动词一律用 单数第三人称 形式
注意：此标签可以与动名词的一般式/否定式同时打",否,,,,,梦迪,,,,,,,,,,,,,,,,,,,,,,,,,,,,,,,,
知识点->词法->非谓语动词->动名词->动名词的句法功能->动名词作宾语,"① 常见题型：单选题，语法选择，语法填空，首字母填空，短文填空，句型转换
② 题干关键词：动词 + doing 或 介词 + doing（动名词作宾语）。
③ 涉及考查知识点有：
只能接动名词作宾语的常见动词：
enjoy, finish, mind, practice, avoid, consider, suggest, imagine, keep, miss, risk, admit, deny, delay, escape, excuse, forgive, prevent, resist, appreciate, dislike, hate
介词后必须用动名词：任何介词（in, on, at, for, of, about, without, by, after, before, from, with, through 等）后面的动词必须变成动名词形式。","① 常见题型：单选题，语法选择，语法填空，首字母填空，短文填空，句型转换
② 题干关键词：动词 + doing 或 介词 + doing（动名词作宾语）。
③ 涉及考查知识点有：
只能接动名词作宾语的常见动词：
enjoy, finish, mind, practice, avoid, consider, suggest, imagine, keep, miss, risk, admit, deny, delay, escape, excuse, forgive, prevent, resist, appreciate, dislike, hate
介词后必须用动名词：任何介词（in, on, at, for, of, about, without, by, after, before, from, with, through 等）后面的动词必须变成动名词形式。",否,,,,,梦迪,,,,,,,,,,,,,,,,,,,,,,,,,,,,,,,,
知识点->词法->非谓语动词->动名词->动名词的句法功能->动名词作定语,"① 常见题型：单选题，语法选择，语法填空，首字母填空，短文填空，句型转换
② 题干关键词：动名词 + 名词（动名词位于名词前，修饰该名词，表示该名词的 用途或功能）。
③ 涉及考查知识点有：动名词可以放在名词前作 定语，表示该名词的 用途或功能（即“用来……的”）。相当于一个介词短语 ... for doing。
例：a swimming pool = a pool for swimming（游泳池）
a reading lamp = a lamp for reading（阅读灯）","① 常见题型：单选题，语法选择，语法填空，首字母填空，短文填空，句型转换
② 题干关键词：动名词 + 名词（动名词位于名词前，修饰该名词，表示该名词的 用途或功能）。
③ 涉及考查知识点有：动名词可以放在名词前作 定语，表示该名词的 用途或功能（即“用来……的”）。相当于一个介词短语 ... for doing。
例：a swimming pool = a pool for swimming（游泳池）
a reading lamp = a lamp for reading（阅读灯）",否,,,,,梦迪,,,,,,,,,,,,,,,,,,,,,,,,,,,,,,,,
知识点->词法->非谓语动词->动名词->动名词的句法功能->动名词作表语,"① 常见题型：单选题，语法选择，语法填空，首字母填空，短文填空，句型转换
② 题干关键词：
结构标志：主语 + 系动词 + 动名词。系动词主要为 be（am/is/are/was/were），有时 seem, remain 等。
主语类型：常为表示 抽象概念、职业、爱好、活动 的名词或代词，如 hobby, job, work, task, duty, habit, dream, goal, what I like, the most important thing 等。
③ 涉及考查知识点有：动名词放在系动词（主要是 be）之后作 表语，用来 说明主语的具体内容、身份、性质或活动。主语和表语通常可以互换位置，且意义基本不变。
例：My job is teaching English.（我的工作是教英语。）","① 常见题型：单选题，语法选择，语法填空，首字母填空，短文填空，句型转换
② 题干关键词：
结构标志：主语 + 系动词 + 动名词。系动词主要为 be（am/is/are/was/were），有时 seem, remain 等。
主语类型：常为表示 抽象概念、职业、爱好、活动 的名词或代词，如 hobby, job, work, task, duty, habit, dream, goal, what I like, the most important thing 等。
③ 涉及考查知识点有：动名词放在系动词（主要是 be）之后作 表语，用来 说明主语的具体内容、身份、性质或活动。主语和表语通常可以互换位置，且意义基本不变。
例：My job is teaching English.（我的工作是教英语。）",否,,,,,梦迪,,,,,,,,,,,,,,,,,,,,,,,,,,,,,,,,
知识点->词法->非谓语动词->分词->现在分词,"① 常见题型：单选题，语法选择，语法填空，首字母填空，短文填空，句型转换
② 题干关键词：动词 + -ing 形式，具有形容词性或副词性，不作名词（区别于动名词）。
③ 涉及考查知识点有：现在分词是非谓语动词的一种形式，表示 主动 或 进行 的动作或状态。它不能单独作谓语，但可充当多种句子成分。
作定语（前置或后置）：
单个分词前置：a developing country（发展中国家）
短语后置：the girl standing there（站在那里的女孩）
作状语：
时间：Walking in the park, I met an old friend.（当我在公园散步时）
原因：Being tired, he went to bed early.（因为累了）
伴随：She sat at the desk reading a book.（一边坐着一边读书）
结果：The bus broke down, causing a long delay.（导致）
条件：Working hard, you will succeed.（如果努力）
作宾语补足语：
感官动词：see/watch/hear/notice/feel + 宾语 + doing（看到/听到正在做）
使役动词：have/get + 宾语 + doing（让……一直做，如 I'll have the car running.）
作表语：说明主语的特征（主语多为物），意为“令人……的”。如 exciting, interesting, boring, surprising。
注意：与“动名词”的区别：形式相同（-ing），但功能不同。动名词作主语/宾语/表语（名词性）；现在分词作定语、状语、补语（形容词/副词性）。判断方法：若 -ing 词在句首作主语，或跟在动词/介词后作宾语，则为动名词；若修饰名词（且表示主动进行）、作状语、作宾补，则为现在分词。",第三轮：最终的高密度结构化释义。① 常见题型：单选题，语法选择，语法填空，首字母填空，短文填空，句型转换② 题干关键词：动词 + -ing 形式，具有形容词性或副词性，不作名词③ 涉及考查知识点有：非谓语动词之现在分词；现在分词表主动或进行的动作/状态，不可单独作谓语，可作前置/后置定语、时间/原因/伴随/结果/条件状语、感官动词/使役动词后的宾语补足语、表语（说明主语特征，主语多为物）注意：与动名词的排他区分规则：二者形式均为-ing，动名词作主语/宾语/名词性表语；现在分词作定语、状语、补语、形容词性表语；若-ing词在句首作主语、跟在动词/介词后作宾语则为动名词，不打本标签。,"① 常见题型：单选题，语法选择，语法填空，首字母填空，短文填空，句型转换
② 题干关键词：动词 + -ing 形式，具有形容词性或副词性，不作名词（区别于动名词）。
③ 涉及考查知识点有：现在分词是非谓语动词的一种形式，表示 主动 或 进行 的动作或状态。它不能单独作谓语，但可充当多种句子成分。
作定语（前置或后置）：
单个分词前置：a developing country（发展中国家）
短语后置：the girl standing there（站在那里的女孩）
作状语：
时间：Walking in the park, I met an old friend.（当我在公园散步时）
原因：Being tired, he went to bed early.（因为累了）
伴随：She sat at the desk reading a book.（一边坐着一边读书）
结果：The bus broke down, causing a long delay.（导致）
条件：Working hard, you will succeed.（如果努力）
注意：与“动名词”的区别：形式相同（-ing），但功能不同。动名词作主语/宾语/表语（名词性）；现在分词作定语、状语、补语（形容词/副词性）。判断方法：若 -ing 词在句首作主语，或跟在动词/介词后作宾语，则为动名词；若修饰名词（且表示主动进行）、作状语、作宾补，则为现在分词。",,,,,梦迪,,,,,,,,,,,,,,,,,,,,,,,,,,,,,,,,
知识点->词法->非谓语动词->分词->过去分词,"① 常见题型：单选题，语法选择，语法填空，首字母填空，短文填空，句型转换
② 题干关键词：规则动词 + -ed，或不规则变化（如 done, seen, built, written）。具有形容词性或副词性。
③ 涉及考查知识点有：过去分词是非谓语动词的一种形式，表示 被动 或 完成 的动作或状态。它不能单独作谓语，但可充当多种句子成分。
作定语：
前置：a broken cup, a lost child（迷路的孩子，完成/被动）
后置：the book written by Lu Xun（鲁迅写的书）
作状语：
时间：Seen from the hill, the town is small.（当被从山上看到时）
原因：Exhausted by work, he fell asleep quickly.（因为工作累）
条件：Given more time, I would do it better.（如果被给更多时间）
让步：Defeated, he didn't lose heart.（虽然被击败）
伴随：He walked down the street, followed by a dog.（被一只狗跟着）
作宾语补足语：
have/get sth. done：让别人做某事（或遭遇）。例：I had my bike repaired.
find/see/hear + 宾语 + done：发现/看到/听到某事被做。例：He found his wallet stolen.
want/wish/order + 宾语 + done：希望/命令某事被做。例：The manager ordered the work done by Friday.
作表语：
表示主语的状态或感受：interested, excited, tired, frightened, surprised, worried 等。主语通常是人。",第三轮：最终的高密度结构化释义：① 常见题型：单选题，语法选择，语法填空，首字母填空，短文填空，句型转换② 题干关键词：规则动词 + -ed，done，seen，built，written，具有形容词性或副词性的过去分词③ 涉及考查知识点有：过去分词的定义（非谓语动词的一种形式，表被动或完成的动作/状态，不可单独作谓语），过去分词作定语用法，过去分词作状语用法，过去分词作宾语补足语用法，过去分词作表语用法注意：无明确说明,否,,,,,梦迪,,,,,,,,,,,,,,,,,,,,,,,,,,,,,,,,
知识点->词法->动词时态->一般现在时->一般现在时的定义/判定,"① 常见题型：单选题，语法选择，语法填空，首字母填空，短文填空，句型转换
② 题干关键词：
频度副词：always, usually, often, sometimes, hardly ever, rarely, never, every day/week/month/year, once a week, twice a month 等。
表示习惯或规律的短语：on Sundays, at weekends, in the morning (表示日常), every morning。
客观事实/真理：The sun rises in the east., Water boils at 100°C., Light travels faster than sound. 等，常出现在科普或常识句中。
③ 涉及考查知识点有：一般现在时表示 经常发生的动作、习惯性的行为、现在的状态、客观事实或普遍真理。也可以用在时间、条件状语从句中表示将来。
表示习惯性、反复发生的动作：常与频度副词连用。例：I often go to school by bike.
表示现在的状态、特征或感受：例：She likes music. / He is tall.
表示客观事实、科学真理、格言：例：The earth goes around the sun. / Pride goes before a fall.
表示按规定、计划将要发生的动作（限于某些动词如 come, go, leave, start, arrive, begin 等）：例：The train leaves at 6 pm.
在时间、条件状语从句中表示将来：例：If it rains tomorrow, we will stay at home.
用于引用、说明或解说：例：The teacher says, ""Practice makes perfect.""","第三轮最终结构化释义：① 常见题型：单选题，语法选择，语法填空，首字母填空，短文填空，句型转换② 题干关键词：always, usually, often, sometimes, hardly ever, rarely, never, every day/week/month/year, once a week, twice a month, on Sundays, at weekends, 表日常含义的in the morning, every morning, 客观事实/真理性表述③ 涉及考查知识点有：一般现在时表经常性动作、习惯性行为、当前状态、客观事实/普遍真理；一般现在时表按规定/计划发生的将来动作（适用动词：come、go、leave、start、arrive、begin）；一般现在时在时间/条件状语从句中表将来；一般现在时用于引用、说明、解说注意：无明确说明",否,,,,,梦迪,,,,,,,,,,,,,,,,,,,,,,,,,,,,,,,,
知识点->词法->动词时态->一般现在时->动词“三单”形式的变化规则,"① 常见题型：单选题，语法选择，语法填空，首字母填空，短文填空，句型转换
② 题干关键词：第三人称单数作主语（包括人称代词：he, she, it；单个人名/称呼：Tom, my father；单个事物/动物：the dog, the car, water, money（不可数名词）；不定代词：everyone等；单数可数名词前有 a/an 或 this/that：a student, this book；动名词/不定式作主语）
③ 涉及考查知识点有：在一般现在时中，当主语是 第三人称单数 时，谓语动词（实义动词）要加 -s 或 -es，称为动词的“三单形式”。变化规则：
一般情况：在动词原形后直接加 -s。
例：work → works, come → comes, play → plays。
以 s, x, sh, ch, o 结尾的动词：加 -es。
例：pass → passes, fix → fixes, wash → washes, watch → watches, go → goes, do → does。
以“辅音字母 + y”结尾的动词：变 y 为 i，再加 -es。
例：study → studies, cry → cries, fly → flies。
注意：以“元音字母 + y”结尾的直接加 s：play → plays, say → says（says 发音特殊但规则不变）。
特殊变化：have → has。","第三轮：最终的高密度结构化释义。
① 常见题型：单选题，语法选择，语法填空，首字母填空，短文填空，句型转换
② 题干关键词：第三人称单数作主语，he, she, it，单个人名/称呼，单个事物/动物，不可数名词，不定代词everyone，a/an/this/that修饰的单数可数名词，动名词/不定式作主语
③ 涉及考查知识点有：一般现在时第三人称单数主语对应实义动词三单形式变化规则：一般情况动词原形后直接加-s；以s、x、sh、ch、o结尾的动词加-es；以辅音字母+y结尾的动词变y为i再加-es；特殊变化have→has
注意：以元音字母+y结尾的动词直接加s；非一般现在时语境、主语非第三人称单数的题目不打此标签",否,,,,,梦迪,,,,,,,,,,,,,,,,,,,,,,,,,,,,,,,,
知识点->词法->动词时态->一般现在时->一般现在时的肯否疑,"① 常见题型：单选题，语法选择，语法填空，首字母填空，短文填空，句型转换
② 题干关键词：句型转换题目中，题干中直接有“改为肯定句/否定句/疑问句”的字样；其他题型需要通过题干中的信号词判断：否定句标志：don't, doesn't, aren't, isn't, am not 等缩略形式；一般疑问句标志：助动词 Do/Does 或 Am/Is/Are 位于句首，句尾问号；答语 Yes, ... do/does/am/is/are. 或 No, ... don't/doesn't/am not/isn't/aren't. 特殊疑问句标志：疑问词（What, Where, When, Why, How 等）+ 一般疑问句语序（do/does/is/are 提前）。
③ 涉及考查知识点有：
肯定句结构：
实义动词：主语 + 动词原形/三单 + 其他.（如 I like tea. / She likes tea.）
系动词 be：主语 + am/is/are + 表语.（如 He is a student.）
否定句结构：
实义动词：主语 + do not / don't + 动词原形（非三单主语）；主语 + does not / doesn't + 动词原形（三单主语）。
例：They don't play football. / He doesn't play football.
系动词 be：主语 + am/is/are + not + 表语.（如 I am not tired. / She isn't happy.）
注意：am not 没有常用缩略形式（amn't 不用）。
一般疑问句结构：
实义动词：Do/Does + 主语 + 动词原形 + 其他?
肯定答：Yes, 主语 + do/does.；否定答：No, 主语 + don't/doesn't.
例：Do you like coffee? / Does he play the piano?
系动词 be：Am/Is/Are + 主语 + 表语?
答：Yes, 主语 + am/is/are. / No, 主语 + am not/isn't/aren't.
例：Is she a doctor?
特殊疑问句结构：疑问词 + 一般疑问句语序?（对主语提问时例外：Who likes apples? 直接用 likes 无需助动词）","第三轮：最终的高密度结构化释义：①常见题型：单选题，语法选择，语法填空，首字母填空，短文填空，句型转换；②题干关键词：改为肯定句/否定句/疑问句，don't, doesn't, aren't, isn't, am not，Do, Does, Am, Is, Are, Yes, No, What, Where, When, Why, How；③涉及考查知识点有：实义动词（区分三单/非三单主语）肯定句结构、实义动词否定句结构、实义动词一般疑问句结构及答语规则，系动词be（区分am/is/are）肯定句结构、系动词be否定句结构、系动词be一般疑问句结构及答语规则，特殊疑问句结构；注意：am not无常用缩略形式，amn't不可使用；特殊疑问句对主语提问为例外，无需提前助动词",否,,,,,梦迪,,,,,,,,,,,,,,,,,,,,,,,,,,,,,,,,
知识点->词法->动词时态->一般过去时->一般过去时的定义/判定,"① 常见题型：单选题，语法选择，语法填空，首字母填空，短文填空，句型转换
② 题干关键词：句中出现明确的过去时间状语：
yesterday, yesterday morning/afternoon/evening
last night/week/month/year/Sunday
... ago（two days ago, a week ago, long ago）
in 2010, in the past, in the old days
just now, the other day, at that time, at that moment
when I was young/5 years old, when I was a child
上下文暗示：描述过去发生的动作或状态，无明确时间词但通过叙事顺序（如讲故事、回忆录）体现过去。
③ 涉及考查知识点有：一般过去时表示 过去某个时间发生的动作或存在的状态，也可以表示 过去经常或反复发生的动作。它强调动作或状态发生在过去，与现在没有直接联系。
表示过去一次性完成的动作：I met him yesterday.
表示过去存在的状态：She was a teacher five years ago.
表示过去习惯性或反复发生的动作：When I was a child, I often played in the park.（也可用 used to）
用于虚拟语气（if I were... 等）。","① 常见题型：单选题，语法选择，语法填空，首字母填空，短文填空，句型转换
② 题干关键词：yesterday, yesterday morning/afternoon/evening, last night/week/month/year/Sunday, ... ago, in 2010, in the past, in the old days, just now, the other day, at that time, at that moment, when I was young/5 years old, when I was a child，无明确时间词但通过叙事顺序（讲故事、回忆录等）体现过去场景
③ 涉及考查知识点有：一般过去时的定义（表过去某个时间发生的动作或存在的状态、表过去经常或反复发生的动作，强调动作/状态发生在过去，与现在无直接联系）；一般过去时的适用场景（表过去一次性完成的动作、表过去存在的状态、表过去习惯性或反复发生的动作、用于虚拟语气）
注意：无明确说明",否,,,,,梦迪,,,,,,,,,,,,,,,,,,,,,,,,,,,,,,,,
知识点->词法->动词时态->一般过去时->动词过去式变化规则,"① 常见题型：单选题，语法选择，语法填空，首字母填空，短文填空，句型转换
② 题干关键词：句中出现明确的过去时间状语：
yesterday, yesterday morning/afternoon/evening
last night/week/month/year/Sunday
... ago（two days ago, a week ago, long ago）
in 2010, in the past, in the old days
just now, the other day, at that time, at that moment
when I was young/5 years old, when I was a child
上下文暗示：描述过去发生的动作或状态，无明确时间词但通过叙事顺序（如讲故事、回忆录）体现过去。
③ 涉及考查知识点有：
一般情况：直接加 -ed。
例：work → worked, play → played, want → wanted。
以不发音的 e 结尾：只加 -d。
例：live → lived, like → liked, hope → hoped。
以“辅音字母 + y”结尾：变 y 为 i，再加 -ed。
例：study → studied, cry → cried, carry → carried。
注意：以“元音字母 + y”结尾的直接加 -ed：play → played, stay → stayed。
以重读闭音节结尾，末尾只有一个辅音字母：双写该辅音字母，再加 -ed。
例：stop → stopped, plan → planned, prefer → preferred（注意重音位置）。
不规则动词过去式","第三轮：最终的高密度结构化释义。①常见题型：单选题，语法选择，语法填空，首字母填空，短文填空，句型转换；②题干关键词：yesterday, yesterday morning/afternoon/evening, last night/week/month/year/Sunday, ...ago, in 2010, in the past, in the old days, just now, the other day, at that time, at that moment, when I was young/5 years old, when I was a child，无明确时间词但上下文为过去叙事；③涉及考查知识点有：规则动词过去式变化规则，不规则动词过去式；注意：以元音字母+y结尾的动词过去式直接加ed，无需变y为i；重读闭音节结尾双写末尾辅音字母需符合重音要求，不符合上述条件的不打此标签",否,,,,,梦迪,,,,,,,,,,,,,,,,,,,,,,,,,,,,,,,,
知识点->词法->动词时态->一般过去时->一般过去时的肯否疑,"① 常见题型：单选题，语法选择，语法填空，首字母填空，短文填空，句型转换
② 题干关键词：句型转换题目中，题干中直接有“改为肯定句/否定句/疑问句”的字样；其他题型需要通过题干中的信号词判断：过去时间状语：yesterday, last night, two days ago 等提示时态。助动词提示：did 用于实义动词的否定和疑问；was/were 用于系动词。
③ 涉及考查知识点有：
肯定句结构：
实义动词：主语 + 动词过去式 + 其他.（所有人称相同）例：I went home. / She ate an apple.
系动词 be：主语 + was/were + 表语. 例：He was happy. / They were students.
否定句结构：
实义动词：主语 + did not / didn't + 动词原形 + 其他. 例：They didn't come.
系动词 be：主语 + was/were + not + 表语. 例：I was not (wasn't) late. / We were not (weren't) there.
注意：didn't 后动词必须用原形，不能用过去式。
一般疑问句结构：
实义动词：Did + 主语 + 动词原形 + 其他? 例：Did you see the movie?
系动词 be：Was/Were + 主语 + 表语? 例：Was she at home?
答语：肯定 Yes, 主语 + did/was/were.；否定 No, 主语 + didn't/wasn't/weren't.
特殊疑问句结构：
对非主语提问：疑问词 + 一般疑问句语序? 例：What did you do yesterday?
对主语提问：疑问词 + 动词过去式 + 其他?（不加 did）例：Who broke the window? / What happened?","第三轮：最终的高密度结构化释义。① 常见题型：单选题，语法选择，语法填空，首字母填空，短文填空，句型转换；② 题干关键词：改为肯定句/否定句/疑问句，yesterday, last night, two days ago, did, was, were；③ 涉及考查知识点有：一般过去时肯定句结构（实义动词/be动词两类）、一般过去时否定句结构（实义动词/be动词两类）、一般过去时一般疑问句结构（实义动词/be动词两类）、一般过去时特殊疑问句结构（对主语提问/对非主语提问两类）、一般过去时问答规则；注意：didn't后必须接动词原形，对一般过去时句子的主语提问时无需加did，直接用「疑问词+动词过去式+其他」结构，无明确「不打此标签」的具体条件",否,,,,,梦迪,,,,,,,,,,,,,,,,,,,,,,,,,,,,,,,,
知识点->词法->动词时态->一般将来时->一般将来时的定义/判定->be going to,"① 常见题型：单选题，语法选择，语法填空，首字母填空，短文填空，句型转换
② 题干关键词：时间状语：tomorrow, next week, in the future, this evening 等将来时间词。结构标志：be (am/is/are) + going to + 动词原形。
③ 涉及考查知识点有：
基本含义：
表示 计划、打算（主语为人）：I am going to visit my grandparents this weekend.
表示 根据迹象推测将要发生（主语可为物）：It's going to rain.（看到乌云）
there be 句型的将来时：There is/are going to be + 名词","① 常见题型：单选题，语法选择，语法填空，首字母填空，短文填空，句型转换
② 题干关键词：时间状语：tomorrow, next week, in the future, this evening 等将来时间词。结构标志：be (am/is/are) + going to + 动词原形。
③ 涉及考查知识点有：
基本含义：
表示 计划、打算（主语为人）：I am going to visit my grandparents this weekend.
表示 根据迹象推测将要发生（主语可为物）：It's going to rain.（看到乌云）
there be 句型的将来时：There is/are going to be + 名词",否,,,,,梦迪,,,,,,,,,,,,,,,,,,,,,,,,,,,,,,,,
知识点->词法->动词时态->一般将来时->一般将来时的定义/判定->will/shall do结构,"① 常见题型：单选题，语法选择，语法填空，首字母填空，短文填空，句型转换
② 题干关键词：时间状语：tomorrow, next week, in the future, this evening 等将来时间词。结构标志：will + 动词原形；shall + 动词原形。
③ 涉及考查知识点有：
基本含义：
表示将来发生的动作或状态（无计划、无迹象的预测）：It will be sunny tomorrow.
表示即兴决定：A: The phone is ringing. B: I'll get it.
表示承诺、意愿：I will help you.
表示请求、邀请：Will you marry me?
在时间/条件状语从句中：从句用一般现在时表将来，主句用 will","① 常见题型：单选题，语法选择，语法填空，首字母填空，短文填空，句型转换
② 题干关键词：时间状语：tomorrow, next week, in the future, this evening 等将来时间词。结构标志：will + 动词原形；shall + 动词原形。
③ 涉及考查知识点有：
基本含义：
表示将来发生的动作或状态（无计划、无迹象的预测）：It will be sunny tomorrow.
表示即兴决定：A: The phone is ringing. B: I'll get it.
表示承诺、意愿：I will help you.
表示请求、邀请：Will you marry me?
在时间/条件状语从句中：从句用一般现在时表将来，主句用 will",否,,,,,梦迪,,,,,,,,,,,,,,,,,,,,,,,,,,,,,,,,
知识点->词法->动词时态->一般将来时->一般将来时的定义/判定->其他结构,"① 常见题型：单选题，语法选择，语法填空，首字母填空，短文填空，句型转换
② 题干关键词：时间状语：tomorrow, next week, in the future, this evening 等将来时间词。结构标志：am/is/are + doing；be about to do；be to do
③ 涉及考查知识点有：
现在进行时表将来：结构：am/is/are + doing，表示按计划或安排将要发生的动作，动词为位移动词：come, go, leave, arrive, return, start, begin, fly, drive, travel 等。
be about to do：表示“即将、正要”，强调眼下很快发生，不能与具体时间状语（如 tomorrow）连用。
be to do：表示按计划、职责、命令必须做，较正式。","① 常见题型：单选题，语法选择，语法填空，首字母填空，短文填空，句型转换
② 题干关键词：时间状语：tomorrow, next week, in the future, this evening 等将来时间词。结构标志：am/is/are + doing；be about to do；be to do
③ 涉及考查知识点有：
现在进行时表将来：结构：am/is/are + doing，表示按计划或安排将要发生的动作，动词为位移动词：come, go, leave, arrive, return, start, begin, fly, drive, travel 等。
be about to do：表示“即将、正要”，强调眼下很快发生，不能与具体时间状语（如 tomorrow）连用。
be to do：表示按计划、职责、命令必须做，较正式。",否,,,,,梦迪,,,,,,,,,,,,,,,,,,,,,,,,,,,,,,,,
知识点->词法->动词时态->一般将来时->一般将来时的肯否疑,"① 常见题型：单选题，语法选择，语法填空，首字母填空，短文填空，句型转换
② 题干关键词：句型转换题目中，题干中直接有“改为肯定句/否定句/疑问句”的字样；时间状语：tomorrow, next week, in the future, this evening 等将来时间词。结构标志：will、shall、am/is/are + going to、am/is/are + doing、be about to do、be to do
③ 涉及考查知识点有：
will 结构的肯否疑：
肯定：I will (I'll) go. / He will (He'll) come.
否定：I will not (won't) go. / He will not (won't) come.
一般疑问：Will you go? / Will he come?
特殊疑问：What will you do? / Where will they go?
对主语提问：Who will go?（不加 do）
be going to 结构的肯否疑：
肯定：I am going to (I'm going to) read. / She is going to read.
否定：I am not going to read. / She isn't going to read.
一般疑问：Are you going to read? / Is she going to read?
there be 句型的将来时：
There will be 或 There is/are going to be。
否定：There won't be / There isn't going to be / There aren't going to be。
疑问：Will there be...? / Is there going to be...? / Are there going to be...?",第三轮：最终的高密度结构化释义：① 常见题型：单选题，语法选择，语法填空，首字母填空，短文填空，句型转换② 题干关键词：改为肯定句/否定句/疑问句，tomorrow，next week，in the future，this evening，will，shall，am/is/are + going to，am/is/are + doing，be about to do，be to do③ 涉及考查知识点有：will结构肯否疑、特殊疑问、对主语提问变形规则；be going to结构肯否疑变形规则；there be句型将来时肯否疑变形规则④ 注意：无明确说明,否,,,,,梦迪,,,,,,,,,,,,,,,,,,,,,,,,,,,,,,,,
知识点->词法->动词时态->现在进行时->现在进行时的定义/判定,"① 常见题型：单选题，语法选择，语法填空，首字母填空，短文填空，句型转换
② 题干关键词：
明确的时间状语：now, right now, at the moment, at present；Look!, Listen!, Watch!（感叹词提示正在发生）；these days, this week/month, today
上下文暗示：描述照片或画面中的人物动作；电话或对话中询问当下行为（What are you doing?）。
③ 涉及考查知识点有：
表示此刻正在进行的动作：常与 now, at the moment, Look!, Listen! 等连用。
例：She is reading a book now. / Listen! Someone is singing.
表示现阶段正在进行的动作（此刻不一定进行）：常与 these days, this week, today 等连用。
例：I am studying for an exam this week.
表示按计划将要发生的动作（仅限位移动词等）：He is leaving tomorrow.（见一般将来时标签）
表示反复发生的动作，带有感情色彩（常与 always, constantly, forever 连用，表示抱怨或赞赏）","第三轮：最终的高密度结构化释义。① 常见题型：单选题，语法选择，语法填空，首字母填空，短文填空，句型转换；② 题干关键词：now, right now, at the moment, at present, Look!, Listen!, Watch!, these days, this week, this month, today, always, constantly, forever，照片/画面人物动作描述，询问当下行为的对话表述；③ 涉及考查知识点有：现在进行时表此刻正在进行的动作、现在进行时表现阶段正在进行的动作、现在进行时表按计划将要发生的位移动词动作、现在进行时表带有感情色彩的反复发生动作；注意：表按计划将要发生的位移动词用法不打当前标签，应标注“一般将来时”标签。",否,,,,,梦迪,,,,,,,,,,,,,,,,,,,,,,,,,,,,,,,,
知识点->词法->动词时态->现在进行时->现在分词变化规则,"① 常见题型：单选题，语法选择，语法填空，首字母填空，短文填空，句型转换
② 题干关键词：
明确的时间状语：now, right now, at the moment, at present；Look!, Listen!, Watch!（感叹词提示正在发生）；these days, this week/month, today
上下文暗示：描述照片或画面中的人物动作；电话或对话中询问当下行为（What are you doing?）。
③ 涉及考查知识点有：
一般情况：直接加 -ing。
例：do → doing, play → playing, go → going, see → seeing（注意 see 不去 e）。
以不发音的 e 结尾：去 e 加 -ing。
例：write → writing, take → taking, make → making, live → living, dance → dancing。
以重读闭音节结尾，末尾只有一个辅音字母：双写该辅音字母，再加 -ing。
条件：① 末尾三个字母为“辅音+元音+辅音”；② 该音节重读。
例：stop → stopping, run → running, swim → swimming, begin → beginning, prefer → preferring（重音在第二个音节），travel → travelling（英式重音在第一个音节但仍双写，初中常按双写处理）。
以 -ie 结尾：变 ie 为 y，再加 -ing。
例：die → dying, lie → lying, tie → tying。","第三轮：最终的高密度结构化释义。① 常见题型：单选题，语法选择，语法填空，首字母填空，短文填空，句型转换② 题干关键词：now, right now, at the moment, at present，Look!, Listen!, Watch!，these days, this week/month, today，描述照片/画面中人物动作的表述、询问当下行为的对话表述③ 涉及考查知识点有：现在进行时语境判定、现在分词构成规则④ 注意：无明确说明",否,,,,,梦迪,,,,,,,,,,,,,,,,,,,,,,,,,,,,,,,,
知识点->词法->动词时态->现在进行时->现在进行时的肯否疑,"① 常见题型：单选题，语法选择，语法填空，首字母填空，短文填空，句型转换
② 题干关键词：句型转换题目中，题干中直接有“改为肯定句/否定句/疑问句”的字样；
明确的时间状语：now, right now, at the moment, at present；Look!, Listen!, Watch!（感叹词提示正在发生）；these days, this week/month, today
上下文暗示：描述照片或画面中的人物动作；电话或对话中询问当下行为（What are you doing?）。
③ 涉及考查知识点有：
肯定句结构：
I am + doing（I'm reading.）
He/She/It + is + doing（She is cooking.）
You/We/They + are + doing（We are playing.）
否定句结构：
在 am/is/are 后直接加 not。
缩写：is not = isn't, are not = aren't, am not 无标准缩写（I'm not 是 I am not 的缩写，但 amn't 不用）。
例：He isn't working. / I am not joking. / They aren't listening.
一般疑问句结构：
Am/Is/Are + 主语 + 现在分词?
答语：肯定用 Yes, 主语 + 代词 + am/is/are.；否定用 No, 主语 + 代词 + am not/isn't/aren't.
注意：问句主语是 you，答语用 I 或 we；问句主语是 he，答语用 he。
例：Is she coming? → Yes, she is. / No, she isn't.
特殊疑问句结构：
对非主语提问：疑问词 + am/is/are + 主语 + 现在分词?
例：What are you doing? / Where is she going?
对主语提问：疑问词 + is/are + 现在分词?（不加主语，因为主语已被疑问词替代）",第三轮：最终高密度结构化释义：① 常见题型：单选题，语法选择，语法填空，首字母填空，短文填空，句型转换；② 题干关键词：改为肯定句/否定句/疑问句，now，right now，at the moment，at present，Look!，Listen!，Watch!，these days，this week/month，today，What are you doing?，照片/画面人物动作描述，电话/对话中当下行为询问表述；③ 涉及考查知识点有：现在进行时肯定句结构、现在进行时否定句结构、be动词否定缩写规则、现在进行时一般疑问句结构及答语规则、现在进行时特殊疑问句结构；注意：am not无标准缩写amn't；现在进行时对主语提问的特殊疑问句无需额外加主语；一般疑问句答语主语需匹配问句主语调整（如问句主语为you时答语用I/we）；无明确不打此标签的排他性规则,否,,,,,梦迪,,,,,,,,,,,,,,,,,,,,,,,,,,,,,,,,
知识点->词法->动词时态->过去进行时->过去进行时的定义/判定,"① 常见题型：单选题，语法选择，语法填空，首字母填空，短文填空，句型转换
② 题干关键词：明确的过去时间点：
at + 时刻 + yesterday/last night（如 at 8 pm yesterday, at this time yesterday）
at that time, at that moment, then（指过去某个时间点）
from + 时间 + to + 时间 + yesterday（如 from 7 to 9 last night）
上下文暗示（动作的持续性/背景）：描述过去某个动作为另一动作提供背景（I was reading when he came in.）。
连词提示：when, while, as 引导的时间状语从句中，常与过去进行时搭配。
③ 涉及考查知识点有：
表示过去某一时刻正在进行的动作：常与 at that time, at 8 pm yesterday, this time yesterday 等连用。
例：What were you doing at 10 last night? / I was having dinner.
表示过去某一段时间内持续进行的动作：可带 from...to..., all day yesterday 等。
例：They were building a bridge from 2010 to 2012.（但注意：一般过去时也可用，强调完成；过去进行时强调持续过程）
用于主从复合句中：
长动作（过去进行时）被短动作（一般过去时）打断：I was watching TV when the phone rang.
两个长动作同时进行：While I was cooking, my sister was cleaning the room.
表示过去的习惯或反复动作（带有感情色彩）：He was always losing his keys when he was young.（表示厌烦）
例：What are you doing? / Where is she going?",第三轮：最终的高密度结构化释义：① 常见题型：单选题，语法选择，语法填空，首字母填空，短文填空，句型转换；② 题干关键词：at + 时刻 + yesterday/last night、at this time yesterday、at that time、at that moment、then（指过去某个时间点）、from + 时间 + to + 时间 + yesterday、when、while、as、暗含过去动作持续性/背景的上下文表述；③ 涉及考查知识点有：过去进行时表过去某一时刻正在进行的动作、过去进行时表过去某段时间持续进行的动作、过去进行时在主从复合句中表被短动作打断的长动作用法、过去进行时表两个过去长动作同时进行的用法、过去进行时表带感情色彩的过去习惯/反复动作的用法；注意：过去某段时间的动作若强调完成需用一般过去时，此类情况不打本标签；无过去时间相关提示、表现在进行动作的情况不打本标签。,否,,,,,梦迪,,,,,,,,,,,,,,,,,,,,,,,,,,,,,,,,
知识点->词法->动词时态->过去进行时->过去进行时的肯否疑,"① 常见题型：单选题，语法选择，语法填空，首字母填空，短文填空，句型转换
② 题干关键词：句型转换题目中，题干中直接有“改为肯定句/否定句/疑问句”的字样；明确的过去时间点：
at + 时刻 + yesterday/last night（如 at 8 pm yesterday, at this time yesterday）
at that time, at that moment, then（指过去某个时间点）
from + 时间 + to + 时间 + yesterday（如 from 7 to 9 last night）
上下文暗示（动作的持续性/背景）：描述过去某个动作为另一动作提供背景（I was reading when he came in.）。
连词提示：when, while, as 引导的时间状语从句中，常与过去进行时搭配。
③ 涉及考查知识点有：
肯定句结构：
I/He/She/It + was + doing（She was reading.）
You/We/They + were + doing（We were playing.）
否定句结构：
在 was/were 后直接加 not。
缩写：was not = wasn't, were not = weren't。
例：He wasn't sleeping. / I wasn't joking. / They weren't listening.
一般疑问句结构：
Was/Were + 主语 + 现在分词?
答语：肯定用 Yes, 主语 + was/were.；否定用 No, 主语 + wasn't/weren't.
注意：问句主语是 you，答语用 I 或 we；问句主语是 he，答语用 he。
例：Was she coming? → Yes, she was. / No, she wasn't.
特殊疑问句结构：
对非主语提问：疑问词 + was/were + 主语 + 现在分词?
例：What were you doing at 8 pm? / Where was she going?
对主语提问：疑问词 + was/were + 现在分词?（不加主语）
例：Who was singing? / What was happening?（what 作主语，用 was）",第三轮：最终的高密度结构化释义。① 常见题型：单选题，语法选择，语法填空，首字母填空，短文填空，句型转换② 题干关键词：改为肯定句/否定句/疑问句，at + 时刻 + yesterday/last night、at that time、at that moment、then、from + 时间 + to + 时间 + yesterday、when、while、as，过去持续性动作背景上下文暗示③ 涉及考查知识点有：过去进行时肯定句结构、过去进行时否定句结构、过去进行时一般疑问句结构及答语规则、过去进行时特殊疑问句结构、was not=wasn't、were not=weren't缩写规则注意：无明确说明,否,,,,,梦迪,,,,,,,,,,,,,,,,,,,,,,,,,,,,,,,,
知识点->词法->动词时态->现在完成时->现在完成时的定义/判定,"① 常见题型：单选题，语法选择，语法填空，首字母填空，短文填空，句型转换
② 题干关键词：表示“到目前（不）曾……”：ever, never, before, yet, already, just, recently, lately, so far, up to now, till now, by now。表示“最近……”：in the past/last few days/weeks/years, over the years。表示“从过去持续到现在”：for + 时间段（for two years），since + 时间点（since 2010 或 since I was young）。
③ 涉及考查知识点有：
表示过去动作对现在的影响或结果（常与 already, yet, just, ever, never, before 连用）。
例：I have already finished my homework.（现在不用做了）/ Have you ever been to Beijing?（问经历）
表示动作从过去持续到现在，常与 for + 时间段 或 since + 时间点/从句 连用。
例：He has lived here for ten years.（可能继续住）/ She has worked since 2015.
表示“第几次做某事”或“最高级+名词”结构。
例：This is the first time I have visited the city.","第三轮：最终的高密度结构化释义：① 常见题型：单选题，语法选择，语法填空，首字母填空，短文填空，句型转换；② 题干关键词：ever, never, before, yet, already, just, recently, lately, so far, up to now, till now, by now, in the past/last few days/weeks/years, over the years, for + 时间段，since + 时间点/从句；③ 涉及考查知识点有：现在完成时表过去动作对现在的影响或结果、现在完成时表动作从过去持续到现在、现在完成时用于“第几次做某事”结构、现在完成时用于“最高级+名词”结构；注意：无明确说明",否,,,,,梦迪,,,,,,,,,,,,,,,,,,,,,,,,,,,,,,,,
知识点->词法->动词时态->现在完成时->过去分词变化规则,"① 常见题型：单选题，语法选择，语法填空，首字母填空，短文填空，句型转换
② 题干关键词：表示“到目前（不）曾……”：ever, never, before, yet, already, just, recently, lately, so far, up to now, till now, by now。表示“最近……”：in the past/last few days/weeks/years, over the years。表示“从过去持续到现在”：for + 时间段（for two years），since + 时间点（since 2010 或 since I was young）。
③ 涉及考查知识点有：
规则动词过去分词变化规则（与过去式完全相同）：
一般情况加 -ed：work→worked, play→played。
以不发音 e 结尾加 -d：live→lived, hope→hoped。
以“辅音字母 + y”结尾，变 y 为 i 加 -ed：study→studied, cry→cried。
以重读闭音节结尾，末尾只有一个辅音字母，双写该字母加 -ed：stop→stopped, plan→planned, prefer→preferred。
不规则动词过去分词：例如cut→cut→cut","第三轮：最终的高密度结构化释义：① 常见题型：单选题，语法选择，语法填空，首字母填空，短文填空，句型转换；② 题干关键词：ever, never, before, yet, already, just, recently, lately, so far, up to now, till now, by now, in the past/last few days/weeks/years, over the years, for + 时间段，since + 时间点；③ 涉及考查知识点有：规则动词过去分词变化规则（一般情况加-ed、以不发音e结尾加-d、以辅音字母+y结尾变y为i加-ed、以重读闭音节结尾末尾仅1个辅音字母双写该字母加-ed），不规则动词过去分词；注意：无明确说明",否,,,,,梦迪,,,,,,,,,,,,,,,,,,,,,,,,,,,,,,,,
知识点->词法->动词时态->现在完成时->现在完成时的肯否疑,"① 常见题型：单选题，语法选择，语法填空，首字母填空，短文填空，句型转换
② 题干关键词：表示“到目前（不）曾……”：ever, never, before, yet, already, just, recently, lately, so far, up to now, till now, by now。表示“最近……”：in the past/last few days/weeks/years, over the years。表示“从过去持续到现在”：for + 时间段（for two years），since + 时间点（since 2010 或 since I was young）。
③ 涉及考查知识点有：
肯定句结构：
I/You/We/They + have + 过去分词（I have seen it.）
He/She/It + has + 过去分词（She has gone.）
否定句结构：
在 have/has 后加 not，缩写为 haven't / hasn't。
例：I haven't finished yet. / He hasn't arrived.
一般疑问句结构：
Have/Has + 主语 + 过去分词?
答语：肯定 Yes, 主语 + have/has.；否定 No, 主语 + haven't/hasn't.
注意：问句主语为 you，答语用 I 或 we。
特殊疑问句结构：
对非主语提问：疑问词 + have/has + 主语 + 过去分词?
例：What have you done? / How long has she lived here?
对主语提问：疑问词 + has + 过去分词?（不加主语）
例：Who has taken my book? / What has happened?","第三轮：最终的高密度结构化释义。① 常见题型：单选题，语法选择，语法填空，首字母填空，短文填空，句型转换；② 题干关键词：ever, never, before, yet, already, just, recently, lately, so far, up to now, till now, by now, in the past/last few days/weeks/years, over the years, for + 时间段, since + 时间点；③ 涉及考查知识点有：现在完成时肯定句主谓一致结构、现在完成时否定句变形结构、现在完成时一般疑问句结构及答语规则、现在完成时特殊疑问句（对非主语提问/对主语提问）结构；注意：现在完成时特殊疑问句对主语提问时不加主语；现在完成时一般疑问句主语为you时答语主语换为I/we；无明确不打此标签的排他条件",否,,,,,梦迪,,,,,,,,,,,,,,,,,,,,,,,,,,,,,,,,
知识点->词法->动词时态->现在完成时->have been to (或in) /have gone to 的区别,"① 常见题型：单选题，语法选择，语法填空，首字母填空，短文填空，句型转换
② 题干关键词：表示“到目前（不）曾……”：ever, never, before, yet, already, just, recently, lately, so far, up to now, till now, by now。表示“最近……”：in the past/last few days/weeks/years, over the years。表示“从过去持续到现在”：for + 时间段（for two years），since + 时间点（since 2010 或 since I was young）。
③ 涉及考查知识点有：
have/has been to：表示 经历：说话人曾经去过某地，但现在已不在那里。可接次数（once, twice, many times）或与 ever, never, before 连用。
have/has gone to：表示 动作的完成：某人去了某地，在说话时尚未回来，可能还在路上或已到达。常用于回答 Where is...? 或描述某人不在现场。当主语是 I 或 you 时一般不使用（除非在叙述故事或间接引语中）。
have/has been in：表示 在某地持续一段时间，强调从过去到现在一直待在某地。必须与 for + 时间段 或 since + 时间点 连用，也可与 all one's life 等连用。","第三轮：最终的高密度结构化释义。① 常见题型：单选题，语法选择，语法填空，首字母填空，短文填空，句型转换；② 题干关键词：ever, never, before, yet, already, just, recently, lately, so far, up to now, till now, by now, in the past/last few days/weeks/years, over the years, for + 时间段, since + 时间点；③ 涉及考查知识点有：have/has been to用法，have/has gone to用法，have/has been in用法；注意：have/has been to表已返回的出行经历，可接次数或ever/never/before；have/has gone to表未返回的出行状态，用于描述人不在说话现场，主语为I/you时一般不使用（叙述故事或间接引语场景除外）；have/has been in表在某地持续停留，必须搭配for+时间段/since+时间点/all one's life等表持续时长的状语；三者为现在完成时专属结构，易混需区分，勿与其他时态结构混用",否,,,,,梦迪,,,,,,,,,,,,,,,,,,,,,,,,,,,,,,,,
知识点->词法->动词时态->现在完成时->延续性动词与非延续性动词,"① 常见题型：单选题，语法选择，语法填空，首字母填空，短文填空，句型转换
② 题干关键词：表示“到目前（不）曾……”：ever, never, before, yet, already, just, recently, lately, so far, up to now, till now, by now。表示“最近……”：in the past/last few days/weeks/years, over the years。表示“从过去持续到现在”：for + 时间段（for two years），since + 时间点（since 2010 或 since I was young）。
③ 涉及考查知识点有：
延续性动词：动作或状态可以持续一段时间，没有明确终点。如 be, have, live, work, know, stay, sleep, wait, keep, study, teach 等。
非延续性动词（瞬间动词）：动作在瞬间完成，不能持续。如 come, go, die, buy, join, leave, begin, stop, marry, borrow, lend, arrive, reach, get up, fall asleep, catch a cold 等。
规则：
在现在完成时的 肯定句 中，非延续性动词 不能 与 for + 时间段 或 since + 时间点 连用，必须将非延续性动词 转换为相应的延续性动词（或延续性状态表达）。","第三轮：最终的高密度结构化释义：① 常见题型：单选题，语法选择，语法填空，首字母填空，短文填空，句型转换；② 题干关键词：ever, never, before, yet, already, just, recently, lately, so far, up to now, till now, by now, in the past/last few days/weeks/years, over the years, for + 时间段, since + 时间点；③ 涉及考查知识点有：延续性动词、非延续性动词（瞬间动词）、现在完成时肯定句动词与时间状语搭配规则；注意：现在完成时肯定句中，非延续性动词不能与for + 时间段或since + 时间点连用，必须转换为相应的延续性动词或延续性状态表达。",否,,,,,梦迪,,,,,,,,,,,,,,,,,,,,,,,,,,,,,,,,
知识点->词法->动词时态->过去完成时,"① 常见题型：单选题，语法选择，语法填空，首字母填空，短文填空，句型转换
② 题干关键词：表示“过去的过去”的时间状语/连词：
by the time + 一般过去时从句（By the time I got there, he had left.）
before + 一般过去时从句（She had finished homework before her mother came back.）
after + 过去完成时从句（After he had eaten, he went out. ——主句一般过去时）
when 引导的从句（主句用过去完成时，从句用一般过去时表示“当……时，已经……”）
already, just, never, ever, yet（在过去语境中表示“到那时已经……”）
for + 时间段, since + 时间点/从句（表示到过去某个时间为止持续的动作）
宾语从句：主句为一般过去时，从句动作发生在主句动作之前，从句用过去完成时（如 He said that he had seen the movie.）
虚拟语气：I wish I had done... 或 If I had done...
③ 涉及考查知识点有：
定义：过去完成时表示 在过去某一时间或动作之前已经发生或完成的动作，即“过去的过去”。
基本结构：主语 + had + 过去分词（所有人称相同）。否定式：had not / hadn't + 过去分词。疑问式：Had + 主语 + 过去分词?
核心用法：
表示在过去某一时间或动作之前已经完成的动作（常与 by the time, before, when, after, already, just, never 等连用）。
表示从过去某一时间开始一直持续到过去另一时间的动作或状态（常与 for + 时间段, since + 时间点/从句 连用）。
用于宾语从句中，主句为一般过去时，从句动作发生在主句动作之前。
用于 It was the first/second time that... 句型。",第三轮：最终的高密度结构化释义：① 常见题型：单选题，语法选择，语法填空，首字母填空，短文填空，句型转换② 题干关键词：by the time、before、after、when、already、just、never、ever、yet、for、since、I wish I had done...、If I had done...、表示“过去的过去”的时间状语/连词、主句为一般过去时的宾语从句③ 涉及考查知识点有：过去完成时定义、过去完成时基本结构（肯定式/否定式/疑问式）、过去完成时核心用法（表过去某时间/动作前已完成的动作、表过去某时点持续到另一过去时点的动作或状态、主句为一般过去时且动作先于主句的宾语从句用法、It was the first/second time that...句型用法）④ 注意：无明确说明,否,,,,,梦迪,,,,,,,,,,,,,,,,,,,,,,,,,,,,,,,,
知识点->词法->动词时态->过去将来时,"① 常见题型：单选题，语法选择，语法填空，首字母填空，短文填空，句型转换
② 题干关键词：He said, She told me, I thought, They believed, It was said, We knew 等表示过去引述或想法的短语。
③ 涉及考查知识点有：
定义：过去将来时表示 从过去某一时间看将来要发生的动作或存在的状态。
基本结构：
would + 动词原形（最常用，相当于 will 的过去式）
was/were going to + 动词原形（表示过去计划或根据迹象推测将要发生）
was/were about to + 动词原形（表示过去正要做某事，常与 when 连用）
was/were to + 动词原形
核心用法：
在宾语从句/间接引语中：主句为过去时，从句的动作相对于主句是将来。
表示过去预测或设想：I thought you would like it. / Nobody knew what would happen next.
表示过去计划或打算（was/were going to 强调计划，有时暗示未实现）：I was going to call you, but I forgot.
表示过去将来某时间正在进行的动作（过去将来进行时，初中不要求）：He said he would be sleeping at 10 pm.
用于虚拟条件句的主句中（与现在事实相反）：If I were you, I would accept the offer.（此用法中的 would 也属于过去将来形式，但功能是虚拟语气）","第三轮：最终的高密度结构化释义。① 常见题型：单选题，语法选择，语法填空，首字母填空，短文填空，句型转换② 题干关键词：He said, She told me, I thought, They believed, It was said, We knew等表示过去引述或想法的短语③ 涉及考查知识点有：过去将来时定义、过去将来时4种基本结构、过去将来时核心用法（宾语从句/间接引语用法、过去预测设想用法、过去计划打算用法、虚拟条件句主句用法）注意：初中阶段不考查过去将来进行时；虚拟条件句中的would虽属于过去将来形式，但功能归为虚拟语气，不单独打本标签",否,,,,,梦迪,,,,,,,,,,,,,,,,,,,,,,,,,,,,,,,,
知识点->词法->动词时态->其他时态,"原则上，不属于以上时态的，都可以打这个标签
包括：现在完成进行时（结构：have/has been + 现在分词）；将来进行时（结构：will be + 现在分词）；将来完成时（结构：will have + 过去分词）","原则上，不属于以上时态的，都可以打这个标签
包括：现在完成进行时（结构：have/has been + 现在分词）；将来进行时（结构：will be + 现在分词）；将来完成时（结构：will have + 过去分词）",否,,,,,梦迪,,,,,,,,,,,,,,,,,,,,,,,,,,,,,,,,
知识点->词法->动词时态->时态辨析->一般现在时与现在进行时的区别,"① 常见题型：单选题，语法选择
② 题干关键词：一般现在时标志：频度副词：always, usually, often, sometimes, seldom, never, every day/week/month, on Sundays, at weekends, once a week 等。
表示习惯、规律、客观事实、普遍真理。
静态动词：like, love, hate, know, believe, want, need, see, hear 等（通常用一般现在时，不用于进行时）。
现在进行时标志：时间状语：now, right now, at the moment, at present。
感叹词：Look!, Listen!, Watch!（提示动作正在发生）。
上下文语境：电话中询问 What are you doing?；描述图片或现场情景。
表示现阶段持续（但此刻不一定进行）：these days, this week, today（与一般现在时习惯对比）。
③ 涉及考查知识点有：
用法区别：一般现在时表示习惯性、反复发生的动作；客观事实；现在的状态。现在进行时表示此刻正在进行的动作；现阶段持续的动作（不一定是此刻）
谓语动词：一般现在时用动词原形/三单；现在进行时用am/is/are + doing","第三轮：最终的高密度结构化释义。① 常见题型：单选题，语法选择；② 题干关键词：always, usually, often, sometimes, seldom, never, every day/week/month, on Sundays, at weekends, once a week, like, love, hate, know, believe, want, need, see, hear, now, right now, at the moment, at present, Look!, Listen!, Watch!, What are you doing?, these days, this week, today, 表习惯/规律/客观事实/普遍真理表述、描述图片/现场情景提示；③ 涉及考查知识点有：一般现在时用法、现在进行时用法、一般现在时与现在进行时用法辨析、一般现在时谓语动词变形规则、现在进行时谓语动词结构规则；注意：静态动词通常用一般现在时，不用于进行时；无明确时间标志时需结合语境判断时态；these days/this week/today表现阶段持续（此刻不一定进行）时，需与一般现在时表习惯的用法做区分",否,,,,,梦迪,,,,,,,,,,,,,,,,,,,,,,,,,,,,,,,,
知识点->词法->动词时态->时态辨析->一般过去时与过去进行时的区别,"① 常见题型：单选题，语法选择
② 题干关键词：一般过去时标志：过去时间状语：yesterday, last night, two days ago, in 2010, just now。过去进行时标志：过去具体时间点：at 8 pm yesterday, at this time last night, from 7 to 9 last night。
连词 when（后跟一般过去时，表示短动作打断长动作）或 while（后跟过去进行时，表示两个长动作同时发生）。
上下文暗示背景动作：描述过去某个场景下正在进行的活动
③ 涉及考查知识点有：
用法区别：一般过去时表示过去 完成的动作； 先后顺序（先发生的先表达，或借助连词）；过去习惯。过去进行时表示过去 某一时刻或某段时间正在进行的动作；为另一动作提供 背景；强调动作的 持续性 和 未完成性
谓语动词：一般过去时用动词过去式；过去进行时用was/were + doing","① 常见题型：单选题，语法选择
② 题干关键词：一般过去时标志：过去时间状语：yesterday, last night, two days ago, in 2010, just now。过去进行时标志：过去具体时间点：at 8 pm yesterday, at this time last night, from 7 to 9 last night。
连词 when（后跟一般过去时，表示短动作打断长动作）或 while（后跟过去进行时，表示两个长动作同时发生）。
上下文暗示背景动作：描述过去某个场景下正在进行的活动
③ 涉及考查知识点有：
用法区别：一般过去时表示过去 完成的动作； 先后顺序（先发生的先表达，或借助连词）；过去习惯。过去进行时表示过去 某一时刻或某段时间正在进行的动作；为另一动作提供 背景；强调动作的 持续性 和 未完成性
谓语动词：一般过去时用动词过去式；过去进行时用was/were + doing",否,,,,,梦迪,,,,,,,,,,,,,,,,,,,,,,,,,,,,,,,,
知识点->词法->动词时态->时态辨析->现在完成时与一般过去时的区别,"① 常见题型：单选题，语法选择
② 题干关键词：现在完成时标志：already, yet, just, ever, never, before, so far, up to now, recently, lately, in the past few years；for/since等；一般过去时标志：过去时间状语：yesterday, last night, two days ago, in 2010, just now。
③ 涉及考查知识点有：
用法区别：现在完成时表示过去动作对 现在的影响或结果；经历；持续到现在的动作。一般过去时表示过去发生的 事实，与现在无必然联系
谓语动词：一般过去时用动词过去式；现在完成时用have/has+ 过去分词","① 常见题型：单选题，语法选择
② 题干关键词：现在完成时标志：already, yet, just, ever, never, before, so far, up to now, recently, lately, in the past few years；for/since等；一般过去时标志：过去时间状语：yesterday, last night, two days ago, in 2010, just now。
③ 涉及考查知识点有：
用法区别：现在完成时表示过去动作对 现在的影响或结果；经历；持续到现在的动作。一般过去时表示过去发生的 事实，与现在无必然联系
谓语动词：一般过去时用动词过去式；现在完成时用have/has+ 过去分词",否,,,,,梦迪,,,,,,,,,,,,,,,,,,,,,,,,,,,,,,,,
知识点->词法->动词时态->时态辨析->现在完成时与过去完成时的区别,"① 常见题型：单选题，语法选择
② 题干关键词：现在完成时标志：already, yet, just, ever, never, before, so far, up to now, recently, lately, in the past few years；for/since等；过去完成时标志：by then, by that time, by the end of last year, before + 过去时间/动作。
③ 涉及考查知识点有：
用法区别：现在完成时表示过去动作对 现在的影响或结果；经历；或持续到现在的动作。过去完成时表示动作在 过去的过去 已完成；或持续到过去某时的动作
谓语动词：现在完成时用have/has+ 过去分词；过去完成时用had+ 过去分词","① 常见题型：单选题，语法选择
② 题干关键词：现在完成时标志：already, yet, just, ever, never, before, so far, up to now, recently, lately, in the past few years；for/since等；过去完成时标志：by then, by that time, by the end of last year, before + 过去时间/动作。
③ 涉及考查知识点有：
用法区别：现在完成时表示过去动作对 现在的影响或结果；经历；或持续到现在的动作。过去完成时表示动作在 过去的过去 已完成；或持续到过去某时的动作
谓语动词：现在完成时用have/has+ 过去分词；过去完成时用had+ 过去分词",否,,,,,梦迪,,,,,,,,,,,,,,,,,,,,,,,,,,,,,,,,
知识点->词法->被动语态->一般现在时的被动语态,"① 常见题型：单选题，语法选择，语法填空，首字母填空，短文填空，句型转换
② 题干关键词：结构标志：am/is/are + 过去分词；时间状语（一般现在时）：every day, often, usually, always, sometimes, never, once a week 等，表示习惯性或一般性动作。另外，句子的主语是动作的接受者，而非执行者。
③ 涉及考查知识点有：
基本结构：
肯定：主语 + am/is/are + 过去分词 (+ by 执行者).
否定：主语 + am/is/are + not + 过去分词 (+ by 执行者).
疑问：Am/Is/Are + 主语 + 过去分词 (+ by 执行者)?
特殊疑问句：疑问词 + am/is/are + 主语 + 过去分词?（对主语提问例外）","① 常见题型：单选题，语法选择，语法填空，首字母填空，短文填空，句型转换
② 题干关键词：结构标志：am/is/are + 过去分词；时间状语（一般现在时）：every day, often, usually, always, sometimes, never, once a week 等，表示习惯性或一般性动作。另外，句子的主语是动作的接受者，而非执行者。
③ 涉及考查知识点有：
基本结构：
肯定：主语 + am/is/are + 过去分词 (+ by 执行者).
否定：主语 + am/is/are + not + 过去分词 (+ by 执行者).
疑问：Am/Is/Are + 主语 + 过去分词 (+ by 执行者)?
特殊疑问句：疑问词 + am/is/are + 主语 + 过去分词?（对主语提问例外）",否,,,,,梦迪,,,,,,,,,,,,,,,,,,,,,,,,,,,,,,,,
知识点->词法->被动语态->一般过去时的被动语态,"① 常见题型：单选题，语法选择，语法填空，首字母填空，短文填空，句型转换
② 题干关键词：结构标志：was/were + 过去分词；时间状语（一般过去时）：yesterday, last night/week/year, ... ago, in 1990, just now, at that time, when I was young 等，表示过去发生的被动动作。
③ 涉及考查知识点有：
基本结构：
肯定：主语 + was/were + 过去分词 (+ by 执行者).
否定：主语 + was/were + not + 过去分词 (+ by 执行者).
疑问：Was/Were + 主语 + 过去分词 (+ by 执行者)?
特殊疑问句：疑问词 + was/were + 主语 + 过去分词?（对主语提问例外）","① 常见题型：单选题，语法选择，语法填空，首字母填空，短文填空，句型转换
② 题干关键词：结构标志：was/were + 过去分词；时间状语（一般过去时）：yesterday, last night/week/year, ... ago, in 1990, just now, at that time, when I was young 等，表示过去发生的被动动作。
③ 涉及考查知识点有：
基本结构：
肯定：主语 + was/were + 过去分词 (+ by 执行者).
否定：主语 + was/were + not + 过去分词 (+ by 执行者).
疑问：Was/Were + 主语 + 过去分词 (+ by 执行者)?
特殊疑问句：疑问词 + was/were + 主语 + 过去分词?（对主语提问例外）",否,,,,,梦迪,,,,,,,,,,,,,,,,,,,,,,,,,,,,,,,,
知识点->词法->被动语态->一般将来时的被动语态,"① 常见题型：单选题，语法选择，语法填空，首字母填空，短文填空，句型转换
② 题干关键词：结构标志：will be + 过去分词（最常用）；am/is/are going to be + 过去分词；将来时间状语：tomorrow, next week/month/year, in the future, soon, later, in 2030, the day after tomorrow 等。
③ 涉及考查知识点有：
基本结构：
will be + 过去分词
am/is/are going to be + 过去分词","① 常见题型：单选题，语法选择，语法填空，首字母填空，短文填空，句型转换
② 题干关键词：结构标志：will be + 过去分词（最常用）；am/is/are going to be + 过去分词；将来时间状语：tomorrow, next week/month/year, in the future, soon, later, in 2030, the day after tomorrow 等。
③ 涉及考查知识点有：
基本结构：
will be + 过去分词
am/is/are going to be + 过去分词",否,,,,,梦迪,,,,,,,,,,,,,,,,,,,,,,,,,,,,,,,,
知识点->词法->被动语态->现在进行时的被动语态,"① 常见题型：单选题，语法选择，语法填空，首字母填空，短文填空，句型转换
② 题干关键词：结构标志：am/is/are being + 过去分词；现在进行时的时间状语：now, right now, at the moment, at present, currently, today, this week
③ 涉及考查知识点有：
基本结构：
肯定：主语 + am/is/are + being + 过去分词 (+ by 执行者).
否定：主语 + am/is/are + not + being + 过去分词 (+ by 执行者).
疑问：Am/Is/Are + 主语 + being + 过去分词 (+ by 执行者)?
特殊疑问句：疑问词 + am/is/are + 主语 + being + 过去分词?（对主语提问例外）","① 常见题型：单选题，语法选择，语法填空，首字母填空，短文填空，句型转换
② 题干关键词：结构标志：am/is/are being + 过去分词；现在进行时的时间状语：now, right now, at the moment, at present, currently, today, this week
③ 涉及考查知识点有：
基本结构：
肯定：主语 + am/is/are + being + 过去分词 (+ by 执行者).
否定：主语 + am/is/are + not + being + 过去分词 (+ by 执行者).
疑问：Am/Is/Are + 主语 + being + 过去分词 (+ by 执行者)?
特殊疑问句：疑问词 + am/is/are + 主语 + being + 过去分词?（对主语提问例外）",否,,,,,梦迪,,,,,,,,,,,,,,,,,,,,,,,,,,,,,,,,
知识点->词法->被动语态->过去进行时的被动语态,"① 常见题型：单选题，语法选择，语法填空，首字母填空，短文填空，句型转换
② 题干关键词：结构标志：was/were being + 过去分词；过去进行时的时间状语：具体过去时间点：at 8 pm yesterday, at this time last night, at that time, at that moment。过去时间段：from 7 to 9 last night, all day yesterday。时间状语从句：when I arrived, while I was sleeping（主句用过去进行时被动）。
③ 涉及考查知识点有：
基本结构：
肯定：主语 + was/were + being + 过去分词 (+ by 执行者).
否定：主语 + was/were + not + being + 过去分词 (+ by 执行者).
疑问：Was/Were + 主语 + being + 过去分词 (+ by 执行者)?
特殊疑问句：疑问词 + was/were + 主语 + being + 过去分词?（对主语提问例外）","① 常见题型：单选题，语法选择，语法填空，首字母填空，短文填空，句型转换
② 题干关键词：结构标志：was/were being + 过去分词；过去进行时的时间状语：具体过去时间点：at 8 pm yesterday, at this time last night, at that time, at that moment。过去时间段：from 7 to 9 last night, all day yesterday。时间状语从句：when I arrived, while I was sleeping（主句用过去进行时被动）。
③ 涉及考查知识点有：
基本结构：
肯定：主语 + was/were + being + 过去分词 (+ by 执行者).
否定：主语 + was/were + not + being + 过去分词 (+ by 执行者).
疑问：Was/Were + 主语 + being + 过去分词 (+ by 执行者)?
特殊疑问句：疑问词 + was/were + 主语 + being + 过去分词?（对主语提问例外）",否,,,,,梦迪,,,,,,,,,,,,,,,,,,,,,,,,,,,,,,,,
知识点->词法->被动语态->现在完成时的被动语态,"① 常见题型：单选题，语法选择，语法填空，首字母填空，短文填空，句型转换
② 题干关键词：结构标志：have/has been + 过去分词；现在完成时时的时间状语：already, yet, just, ever, never, before, recently, lately，so far, up to now, till now, by now，for + 时间段, since + 时间点/从句，in the past/last few days/weeks/years
③ 涉及考查知识点有：
基本结构：
肯定：主语 + was/were + being + 过去分词 (+ by 执行者).
否定：主语 + was/were + not + being + 过去分词 (+ by 执行者).
疑问：Was/Were + 主语 + being + 过去分词 (+ by 执行者)?
特殊疑问句：疑问词 + was/were + 主语 + being + 过去分词?（对主语提问例外）","① 常见题型：单选题，语法选择，语法填空，首字母填空，短文填空，句型转换
② 题干关键词：结构标志：have/has been + 过去分词；现在完成时时的时间状语：already, yet, just, ever, never, before, recently, lately，so far, up to now, till now, by now，for + 时间段, since + 时间点/从句，in the past/last few days/weeks/years
③ 涉及考查知识点有：
基本结构：
肯定：主语 + was/were + being + 过去分词 (+ by 执行者).
否定：主语 + was/were + not + being + 过去分词 (+ by 执行者).
疑问：Was/Were + 主语 + being + 过去分词 (+ by 执行者)?
特殊疑问句：疑问词 + was/were + 主语 + being + 过去分词?（对主语提问例外）",否,,,,,梦迪,,,,,,,,,,,,,,,,,,,,,,,,,,,,,,,,
知识点->词法->被动语态->含情态动词的被动语态,"① 常见题型：单选题，语法选择，语法填空，首字母填空，短文填空，句型转换
② 题干关键词：结构标志：情态动词 + be + 过去分词（情态动词包括 can, could, may, might, must, shall, should, will, would, need（情态用法）, dare（情态用法）等
③ 涉及考查知识点有：
主语是动作的接受者，且带有情态意义（能力、许可、推测、义务等）。
基本结构：
肯定：主语 + 情态动词 + be + 过去分词 (+ by 执行者).
否定：主语 + 情态动词 + not + be + 过去分词 (+ by 执行者).
疑问：情态动词 + 主语 + be + 过去分词 (+ by 执行者)?
特殊疑问句：疑问词 + 情态动词 + 主语 + be + 过去分词?（对主语提问例外）","① 常见题型：单选题，语法选择，语法填空，首字母填空，短文填空，句型转换
② 题干关键词：结构标志：情态动词 + be + 过去分词（情态动词包括 can, could, may, might, must, shall, should, will, would, need（情态用法）, dare（情态用法）等
③ 涉及考查知识点有：
主语是动作的接受者，且带有情态意义（能力、许可、推测、义务等）。
基本结构：
肯定：主语 + 情态动词 + be + 过去分词 (+ by 执行者).
否定：主语 + 情态动词 + not + be + 过去分词 (+ by 执行者).
疑问：情态动词 + 主语 + be + 过去分词 (+ by 执行者)?
特殊疑问句：疑问词 + 情态动词 + 主语 + be + 过去分词?（对主语提问例外）",否,,,,,梦迪,,,,,,,,,,,,,,,,,,,,,,,,,,,,,,,,
知识点->词法->被动语态->主动表被动/无被动情况,"① 常见题型：单选题，语法选择，语法填空，首字母填空，短文填空，句型转换
② 题干关键词：某些动词（如 sell, read, write, wash, clean, cook, lock, shut, open, cut, wear, last 等）+ 状语（如 well, easily, smoothly, nicely）：The book sells well.（书卖得好）；need / want / require + doing；be worth + doing；不及物动词、系动词无被动语态
③ 涉及考查知识点有：
主动表被动：某些动词（多为主语本身属性的动词）+ 状语（如 well, easily, smoothly 等），主动形式表被动意义。常见动词：sell, read, write, wash, clean, cook, cut, wear, last, drive, lock, open, close 等。need / want / require + doing 结构。be worth + doing，主动的动名词表示被动意义。
无被动语态的情况：所有不及物动词，系动词",第三轮：最终的高密度结构化释义：① 常见题型：单选题，语法选择，语法填空，首字母填空，短文填空，句型转换；② 题干关键词：sell、read、write、wash、clean、cook、lock、shut、open、cut、wear、last、drive、close、well、easily、smoothly、nicely、need / want / require + doing、be worth + doing、不及物动词、系动词；③ 涉及考查知识点有：主语属性类动词加特征状语的主动表被动结构、need/want/require+doing主动表被动结构、be worth+doing主动表被动结构、不及物动词无被动语态规则、系动词无被动语态规则；注意：无明确说明,否,,,,,梦迪,,,,,,,,,,,,,,,,,,,,,,,,,,,,,,,,
知识点->词法->被动语态->主被动语态的转换,"① 常见题型：句型转换
② 题干关键词：题干明确要求“改为被动语态”、“改为主动语态”、“将下列句子变成被动句”等。
③ 涉及考查知识点有：
主动语态 → 被动语态：找出动作的承受者，将其变为被动句的主语。根据主动句谓语动词的时态（或情态动词），确定被动句中 be 动词的形式。将主动句的谓语动词变为“相应形式的 be + 过去分词”。将主动句的主语变为 by 的宾语（可省略），置于句末。其他成分（状语等） 位置不变。
被动语态 → 主动语态：确定被动句的主语（动作承受者）→ 变为主动句的宾语。确定 by 后的宾语（动作执行者）→ 变为主动句的主语。将 be + 过去分词 还原为主动句的动词形式（时态、情态不变）。调整语序：新主语 + 主动词 + 新宾语 + 其他。","① 常见题型：句型转换
② 题干关键词：题干明确要求“改为被动语态”、“改为主动语态”、“将下列句子变成被动句”等。
③ 涉及考查知识点有：
主动语态 → 被动语态：找出动作的承受者，将其变为被动句的主语。根据主动句谓语动词的时态（或情态动词），确定被动句中 be 动词的形式。将主动句的谓语动词变为“相应形式的 be + 过去分词”。将主动句的主语变为 by 的宾语（可省略），置于句末。其他成分（状语等） 位置不变。
被动语态 → 主动语态：确定被动句的主语（动作承受者）→ 变为主动句的宾语。确定 by 后的宾语（动作执行者）→ 变为主动句的主语。将 be + 过去分词 还原为主动句的动词形式（时态、情态不变）。调整语序：新主语 + 主动词 + 新宾语 + 其他。",否,,,,,梦迪,,,,,,,,,,,,,,,,,,,,,,,,,,,,,,,,
知识点->词法->被动语态->其他时态的被动语态,"① 常见题型：单选题，语法选择，语法填空，首字母填空，短文填空，句型转换
② 题干关键词：had been + 过去分词；would be + 过去分词；will be being + 过去分词；will have been + 过去分词
③ 涉及考查知识点有：本标签涵盖初中英语核心时态（一般现在、一般过去、一般将来、现在进行、过去进行、现在完成、含情态动词）之外的 其他时态的被动语态。主要包括：过去完成时的被动语态、过去将来时的被动语态，将来进行时的被动语态 和 将来完成时的被动语态。","① 常见题型：单选题，语法选择，语法填空，首字母填空，短文填空，句型转换
② 题干关键词：had been + 过去分词；would be + 过去分词；will be being + 过去分词；will have been + 过去分词
③ 涉及考查知识点有：本标签涵盖初中英语核心时态（一般现在、一般过去、一般将来、现在进行、过去进行、现在完成、含情态动词）之外的 其他时态的被动语态。主要包括：过去完成时的被动语态、过去将来时的被动语态，将来进行时的被动语态 和 将来完成时的被动语态。",否,,,,,梦迪,,,,,,,,,,,,,,,,,,,,,,,,,,,,,,,,
知识点->词法->主谓一致->就近/就远原则,"① 常见题型：单选题，语法选择，语法填空，首字母填空，短文填空
② 题干关键词：either...or... / not only...but also... / there be / with / as well as / together with 等
③ 涉及考查知识点有：
就近原则：谓语与 最近的主语 一致。适用于以下连词或结构：
either...or...
neither...nor...
not only...but also...
or（表示“或”）
nor
there be / here be 句型
就远原则：谓语与 前面的主语 一致，忽略后面由特定词引出的成分。适用于以下词或短语：
with, together with, along with
as well as
including
rather than
like, except, but（表示“除了”）
besides","① 常见题型：单选题，语法选择，语法填空，首字母填空，短文填空
② 题干关键词：either...or... / not only...but also... / there be / with / as well as / together with 等
③ 涉及考查知识点有：
就近原则：谓语与 最近的主语 一致。适用于以下连词或结构：
either...or...
neither...nor...
not only...but also...
or（表示“或”）
nor
there be / here be 句型
就远原则：谓语与 前面的主语 一致，忽略后面由特定词引出的成分。适用于以下词或短语：
with, together with, along with
as well as
including
rather than
like, except, but（表示“除了”）
besides",否,,,,,梦迪,,,,,,,,,,,,,,,,,,,,,,,,,,,,,,,,
知识点->词法->主谓一致->语法一致,"① 常见题型：单选题，语法选择，语法填空，首字母填空，短文填空
② 题干关键词：he, she, it，the boy, my mother, a car，everyone, somebody, and，both...and... many, few, both, several 等
③ 涉及考查知识点有：语法一致是指 主语和谓语在语法形式上保持一致：主语是单数（或不可数名词、动名词短语、不定式短语等视为单数）时，谓语动词用单数形式；主语是复数时，谓语动词用复数形式。
主语单数标志：
人称代词：he, she, it
单数名词：the boy, my mother, a car
不可数名词：water, money, information
不定代词：everyone, somebody, nobody, each, either, neither, nothing, everything 等（通常视为单数）
动名词短语 / 不定式短语作主语：Reading is fun. / To see is to believe.
时间、金钱、距离等作为整体概念时：Three years is a long time.
主语复数标志：
人称代词：we, you, they
复数名词：students, cars, children
由 and 连接的两个或以上名词：Tom and Jerry are friends.
both...and... 结构：Both he and I are students.
复数不定代词：many, few, both, several 等（谓语用复数）","第三轮：最终的高密度结构化释义：①常见题型：单选题，语法选择，语法填空，首字母填空，短文填空；②题干关键词：he, she, it, the boy, my mother, a car, everyone, somebody, nobody, each, either, neither, nothing, everything, and, both...and..., many, few, both, several, we, you, they；③涉及考查知识点有：主谓一致语法一致原则，单数主语判定规则，复数主语判定规则，谓语动词单复数匹配规则；注意：无明确说明","① 常见题型：单选题，语法选择，语法填空，首字母填空，短文填空
② 题干关键词：he, she, it，the boy, my mother, a car，everyone, somebody, and，both...and... many, few, both, several 等
③ 涉及考查知识点有：主谓一致：主语和谓语在语法形式上保持一致：主语是单数（或不可数名词、动名词短语、不定式短语等视为单数）时，谓语动词用单数形式；主语是复数时，谓语动词用复数形式。
主语单数标志：人称代词：he, she, it、单数名词
、不可数名词、不定代词（通常视为单数）、动名词短语 / 不定式短语作主语：Reading is fun. / To see is to believe.、时间、金钱、距离等作为整体概念时：Three years is a long time.
主语复数标志：
人称代词：we, you, they、复数名词、both...and... 结构：Both he and I are students.、复数不定代词：many, few, both, several 等（谓语用复数）","【填空】Everything ______ (be) hard in the beginning.
【填空】Everyone in her family   ______    (like) music.
【单选】A set of keys ________ on the table. It’s ________.
A.is, hers
B.are, hers
C.is, your","—What do you think of the talk show?
—Not only I but also my brother ________ interested in it.
A.is
B.am
C.are
D.were",3451756011117960000,,梦迪,,,,,,,,,,,,,,,,,,,,,,,,,,,,,,,,
知识点->词法->主谓一致->意义一致,"① 常见题型：单选题，语法填空，改错，完成句子等
② 题干关键词可能有：选项或所给单词为动词词性，主语涉及“family”“class”“team”“group”“population”“people”“police”等集体名词
③ 涉及考查知识点有：① “family”“class”“team”“group”“population”“people”“police”等集体名词作主语时，强调整体，谓语用单数，强调成员，谓语用复数；② 表示时间、金钱、距离、重量等的复数名词作主语：
视为一个整体，谓语用单数；③ 分数/百分数+of+名词作主语：谓语与of后的名词保持一致；④ the+形容词”作主语：表示一类人时，谓语用复数（如：The old are well looked after.）；表示抽象概念时，谓语用单数（如：The beautiful is not always the good.）","① 常见题型：单选题，语法填空，改错，完成句子等
② 题干关键词可能有：选项或所给单词为动词词性，主语涉及“family”“class”“team”“group”“population”“people”“police”等集体名词
③ 涉及考查知识点有：① “family”“class”“team”“group”“population”“people”“police”等集体名词作主语时，强调整体，谓语用单数，强调成员，谓语用复数；② 表示时间、金钱、距离、重量等的复数名词作主语：
视为一个整体，谓语用单数；③ 分数/百分数+of+名词作主语：谓语与of后的名词保持一致；④ the+形容词”作主语：表示一类人时，谓语用复数（如：The old are well looked after.）；表示抽象概念时，谓语用单数（如：The beautiful is not always the good.）",否,"【单选】—Look! How beautiful the mountain is!
—About 70 per cent of the mountain _______ full of flowers.
A./
B.are
C.is
D.has
【填空】The Smith family______at home. They will be back in half an hour. (not be)
【填空】Three kilometers ______ (be) not far for us to walk to the park.",/,/,/,梦迪,,,,,,,,,,,,,,,,,,,,,,,,,,,,,,,,
知识点->词法->虚拟语气,"常见题型：单选题，完成句子
题干关键词可能有：if; wish; would; as if; suggest
涉及考查知识点有：① if条件句中的虚拟语气；wish及if only后的宾语从句：② 在表示建议、命令、要求等动词（如suggest，order，demand，insist，require等）后的宾语从句中，谓语用(should) + 动词原形；","常见题型：单选题，完成句子
题干关键词可能有：if; wish; would; as if; suggest
涉及考查知识点有：① if条件句中的虚拟语气；wish及if only后的宾语从句：② 在表示建议、命令、要求等动词（如suggest，order，demand，insist，require等）后的宾语从句中，谓语用(should) + 动词原形；",否,"【单选】If I ______ you, I ______ take the job.
A. am; will
B. were; would
C. was; would
D. were; will
【单选】The VR experience made us feel as if we ________ in ancient China.
A.are
B.were
C.have been
D.will be
【翻译】如果你没有帮助我，我就不能通过考试。(完成译句)",/,/,/,梦迪,,,,,,,,,,,,,,,,,,,,,,,,,,,,,,,,
知识点->句法->句子成分->主语,"常见题型：完成句子、填空题、单选题
题干关键词可能有：空格位于句首，选项多为主格代词（I, you, he, she, it, we, they）、动名词（doing)、名词
涉及考查知识点有：① 主格代词（I, you, he, she, it, we, they）做主语；②动名词doing作主语；③动词不定式to do作主语；④动词变为名词形式作主语 ；⑤ 主语从句作主语，从句位于句首且由that、what、who等引导，结构为“引导词 + 陈述句语序”；⑥形式主语it作主语，句首使用it，真正的主语为后面的不定式、动名词或主语从句","常见题型：完成句子、填空题、单选题
题干关键词可能有：空格位于句首，选项多为主格代词（I, you, he, she, it, we, they）、动名词（doing)、名词
涉及考查知识点有：① 主格代词（I, you, he, she, it, we, they）做主语；②动名词doing作主语；③动词不定式to do作主语；④动词变为名词形式作主语 ；⑤ 主语从句作主语，从句位于句首且由that、what、who等引导，结构为“引导词 + 陈述句语序”；⑥形式主语it作主语，句首使用it，真正的主语为后面的不定式、动名词或主语从句",否,"【翻译】Working as a volunteer has taught me many practical life-saving skills.（动名词作主语）

→仿写：在做有意义的事情的同时帮助他人给我带来了快乐。
                     
【填空题】Her     was a pleasant surprise to everyone. (arrive)
【单选题】It is a good job for me. ________

A.
表语

B.
状语

C.
定语

D.
主语",/,/,/,莹莹,,,,,,,,,,,,,,,,,,,,,,,,,,,,,,,,
知识点->句法->句子成分->谓语,"常见题型：单选题、填空题、完成句子
题干关键词可能有：选项或所给单词为动词词性，空格位于主语之后、宾语或表语之前，题干涉及时态（如now、every day、yesterday）、语态（如by）、情态动词（can、may、must）或助动词（do、does、did）
涉及考查知识点有：① 谓语动词的时态变化，重点考查4种核心时态，一般现在时用do/does、一般过去时用did、一般将来时用will/be going to do、现在完成时用have/has done，做题时需结合题干中的时态标志词，准确判断动词的正确形式; ② 情态动词can/must/should/may后接动词原形do;③被动语态常与by搭配，构成为（not）be done，be动词需根据句子时态、主语的人称和单复数进行相应变化。","常见题型：单选题、填空题、完成句子
题干关键词可能有：选项或所给单词为动词词性，空格位于主语之后、宾语或表语之前，题干涉及时态（如now、every day、yesterday）、语态（如by）、情态动词（can、may、must）或助动词（do、does、did）
涉及考查知识点有：① 谓语动词的时态变化，重点考查4种核心时态，一般现在时用do/does、一般过去时用did、一般将来时用will/be going to do、现在完成时用have/has done，做题时需结合题干中的时态标志词，准确判断动词的正确形式; ② 情态动词can/must/should/may后接动词原形do;③被动语态常与by搭配，构成为（not）be done，be动词需根据句子时态、主语的人称和单复数进行相应变化。",否,"【单选题】—He     his head.

—I’m sorry to hear that.

A.
to hurt

B.
hurts

C.
hurting
【单选题】My dad is sleeping now. 以上划线部分是：________ 
A. 主语 
B. 谓语
C. 宾语
D. 表语
【填空题】Loud noises often (使害怕) my little brother and make him cry.",,,,莹莹,,,,,,,,,,,,,,,,,,,,,,,,,,,,,,,,
知识点->句法->句子成分->宾语,"常见题型：
单选题、填空题、完成句子
题干关键词可能有：
空格位于及物动词或介词之后，选项多为人称代词宾格（me, you, him, her, it, us, them）、名词、动名词（doing）、动词不定式（to do）
涉及考查知识点有：① 人称代词宾格（me, you, him, her, it, us, them）作宾语，位于及物动词或介词之后;② 名词作宾语，位于及物动词或介词之后。③ 动名词（doing）作宾语，常见于enjoy、finish、practice、mind、suggest等动词之后，以及介词之后;④ 动词不定式（to do）作宾语，常见于want、decide、hope、agree、learn等动词之后;⑤ 双宾语结构，指及物动词后接两个宾语，其中指人的是间接宾语，指物的是直接宾语，常见动词有give、show、tell、buy、teach等（如：give me a book，me为间接宾语，book为直接宾语）。","常见题型：
单选题、填空题、完成句子
题干关键词可能有：
空格位于及物动词或介词之后，选项多为人称代词宾格（me, you, him, her, it, us, them）、名词、动名词（doing）、动词不定式（to do）
涉及考查知识点有：① 人称代词宾格（me, you, him, her, it, us, them）作宾语，位于及物动词或介词之后;② 名词作宾语，位于及物动词或介词之后。③ 动名词（doing）作宾语，常见于enjoy、finish、practice、mind、suggest等动词之后，以及介词之后;④ 动词不定式（to do）作宾语，常见于want、decide、hope、agree、learn等动词之后;⑤ 双宾语结构，指及物动词后接两个宾语，其中指人的是间接宾语，指物的是直接宾语，常见动词有give、show、tell、buy、teach等（如：give me a book，me为间接宾语，book为直接宾语）。",否,"【单选题】Ask your classmates to bring us some gloves and rubbish bags please.

A.
直接宾语

B.间接宾语

C.
定语

D.
状语
【单选题】The kid often lies to his parents. 句中划线部分的句子成分是什么？

A.谓语

B.表语

C.宾语
【填空题】
写出划线部分的句子成分：They give more than food and oxygen.
",,,,莹莹,,,,,,,,,,,,,,,,,,,,,,,,,,,,,,,,
知识点->句法->句子成分->定语,"常见题型：
单选题、填空题、完形填空
题干关键词可能有：
空格位于名词之前或之后，选项多为形容词、名词所有格、代词、数词、介词短语、动名词、动词不定式、分词
涉及考查知识点有：① 形容词作定语，位于名词之前，修饰名词；② 名词作定语，用名词单数形式，位于名词之前，表示材料、用途、类别等（如：apple tree，shoe shop，coffee cup）；③ 名词所有格、形容词性物主代词（my, your, his, her, its, our, their）和指示代词（this, that, these, those）作定语，位于名词之前，表示所属关系，如Tom's book，my school，this car；④ 数词作定语，位于名词之前，表示数量或顺序；⑤ 介词短语作定语，位于名词之后，修饰名词；⑥ 动词不定式作定语，位于名词之后，修饰名词（如：something to eat，a plan to study）；⑦ 分词作定语，现在分词（doing）表示主动或正在进行，过去分词（done）表示被动或已完成（如：a sleeping boy，a broken window）。



","常见题型：
单选题、填空题、完形填空
题干关键词可能有：
空格位于名词之前或之后，选项多为形容词、名词所有格、代词、数词、介词短语、动名词、动词不定式、分词
涉及考查知识点有：① 形容词作定语，位于名词之前，修饰名词；② 名词作定语，用名词单数形式，位于名词之前，表示材料、用途、类别等（如：apple tree，shoe shop，coffee cup）；③ 名词所有格、形容词性物主代词（my, your, his, her, its, our, their）和指示代词（this, that, these, those）作定语，位于名词之前，表示所属关系，如Tom's book，my school，this car；④ 数词作定语，位于名词之前，表示数量或顺序；⑤ 介词短语作定语，位于名词之后，修饰名词；⑥ 动词不定式作定语，位于名词之后，修饰名词（如：something to eat，a plan to study）；⑦ 分词作定语，现在分词（doing）表示主动或正在进行，过去分词（done）表示被动或已完成（如：a sleeping boy，a broken window）。",否,"【单选题】—What kind of dumplings would you like?

—I’d like some     dumplings.

A.
cabbage
B.
carrots
C.onions
D.egg
【填空题】The man standing at the window is our teacher. 
The man      at the window is our teacher.
【单选题】Money __________ from advertisements makes it possible for them to sell their newspapers at a low price and still make a profit. 
A.earn
B.
earned
C.
is earned
D.
is earning",,,,莹莹,,,,,,,,,,,,,,,,,,,,,,,,,,,,,,,,
知识点->句法->句子成分->状语,"常见题型：
完成句子、填空题、单选题
题干关键词可能有：空格位置灵活（可位于句首、句中、句尾），选项多为副词、介词短语、不定式、分词或从句

涉及考查知识点有：① 副词作状语，修饰动词、形容词或整个句子，表示时间、地点、方式、程度、频率等；② 介词短语作状语，表示时间、地点、原因、方式等（如：He arrived in the morning，She lives in Beijing）。③ 动词不定式作状语，表示目的、原因、结果等（如：He came to help me）。④ 分词作状语，现在分词表示主动或伴随，过去分词表示被动或完成（如：Hearing the news，she cried）。⑤ 状语从句作状语，由when、because、if、although等引导（如：When he arrived，we left；If it rains，we stay at home）。



","常见题型：
完成句子、填空题、单选题
题干关键词可能有：空格位置灵活（可位于句首、句中、句尾），选项多为副词、介词短语、不定式、分词或从句

涉及考查知识点有：① 副词作状语，修饰动词、形容词或整个句子，表示时间、地点、方式、程度、频率等；② 介词短语作状语，表示时间、地点、原因、方式等（如：He arrived in the morning，She lives in Beijing）。③ 动词不定式作状语，表示目的、原因、结果等（如：He came to help me）。④ 分词作状语，现在分词表示主动或伴随，过去分词表示被动或完成（如：Hearing the news，she cried）。⑤ 状语从句作状语，由when、because、if、although等引导（如：When he arrived，we left；If it rains，we stay at home）。",否,"【填空题】消防队员每天努力练习，以便随时帮助有需要的人。
Firefighters practice hard every day help people at any time.
【填空题】为了让更多人了解环保的重要性，我们计划组织一场宣传活动。



make more people realize the importance of environmental protection, we plan to organize a publicity activity.
【单选题】To make your resolutions work, you need to plan them wisely.

A.
谓语
B.
主语

C.
定语

D.
状语
【翻译题】随着人工智能的发展，机器人可能会在医疗领域发挥更重要的作用。


",,,,莹莹,,,,,,,,,,,,,,,,,,,,,,,,,,,,,,,,
知识点->句法->句子成分->补语,"常见题型：
单选题、填空题
题干关键词可能有：空格位于系动词之后，或位于宾语之后，选项多为形容词、名词、不定式、分词

涉及考查知识点有：① 主语补足语（表语），位于系动词之后，用形容词或名词说明主语的状态或特征。常见系动词有：be（am/is/are/was/were），感官动词（look、sound、smell、taste、feel），变化类（become、get、turn、grow、go），保持类（keep、stay、remain、seem、appear）；② 宾语补足语，位于宾语之后，对宾语进行补充说明，常与make、find、keep、call、name、elect、consider等动词搭配。常见固定搭配有：make + 宾语 + 形容词（make me happy），find + 宾语 + 形容词（find the book interesting），keep + 宾语 + 形容词（keep the room clean），call + 宾语 + 名词（call him Tom），let/make/have + 宾语 + 动词原形（let him go），see/watch/hear + 宾语 + do/doing（see her dance/dancing）。",第三轮：最终的高密度结构化释义。① 常见题型：单选题、填空题；② 题干关键词：空格位于系动词之后、空格位于宾语之后，选项为形容词、名词、不定式、分词；③ 涉及考查知识点有：主语补足语（表语）、宾语补足语（关联系动词：be类、look、sound、smell、taste、feel、become、get、turn、grow、go、keep、stay、remain、seem、appear；关联搭配动词：make、find、keep、call、name、elect、consider、let、have、see、watch、hear；固定结构：make+宾语+形容词、find+宾语+形容词、keep+宾语+形容词、call+宾语+名词、let/make/have+宾语+动词原形、see/watch/hear+宾语+do/doing）；注意：无明确说明,① 常见题型：单选题、填空题；② 题干关键词：空格位于系动词之后、空格位于宾语之后，选项为形容词、名词、不定式、分词；③ 涉及考查知识点有：主语补足语（表语）、宾语补足语（关联系动词：be类、look、sound、smell、taste、feel、become、get、turn、grow、go、keep、stay、remain、seem、appear；关联搭配动词：make、find、keep、call、name、elect、consider、let、have、see、watch、hear；固定结构：make+宾语+形容词、find+宾语+形容词、keep+宾语+形容词、call+宾语+名词、let/make/have+宾语+动词原形、see/watch/hear+宾语+do/doing）；,"【单选题】We should make our way of life ________.

A.green

B.
greenly
C.
bad

D.badly
【填空题】Li Yang advised me    (not drink) too much, otherwise I would have been drunk.
【填空题】这本关于团队建设的书帮助了成千上万的人打造更有凝聚力的团队。

This book on team building thousands of people more cohesive teams.
【单选题】Which of the following sentences has an Object Complement (OC)?
A.
We found the room empty.

B.
We found the place easily.

C.
We found a toy for the boy.

D.
We found rare birds on the hill.","【填空题】我发现听音乐是令人放松的。



I find to listen to music.",3513800818586280000,,莹莹,,,,,,,,,,,,,,,,,,,,,,,,,,,,,,,,
知识点->句法->句子成分->表语,"常见题型：单选题、填空题

题干关键词可能有：
空格位于系动词之后，选项多为形容词、名词、介词短语
涉及考查知识点有：① 系动词加形容词，常见系动词有be（am/is/are/was/were）、感官动词（look、sound、smell、taste、feel）、变化类（become、get、turn、grow、go）、保持类（keep、stay、remain、seem、appear）。② be动词加名词，说明主语的身份或类别（如：He is a teacher，She is my sister）。③ 介词短语作表语（如：She is in the room，The book is on the desk）。","常见题型：单选题、填空题

题干关键词可能有：
空格位于系动词之后，选项多为形容词、名词、介词短语
涉及考查知识点有：① 系动词加形容词，常见系动词有be（am/is/are/was/were）、感官动词（look、sound、smell、taste、feel）、变化类（become、get、turn、grow、go）、保持类（keep、stay、remain、seem、appear）。② be动词加名词，说明主语的身份或类别（如：He is a teacher，She is my sister）。③ 介词短语作表语（如：She is in the room，The book is on the desk）。",否,"【单选题】My grandfather is 90 years old, but he is still ________.

A.
living

B.
alive
C.
lively
D.
live
【单选题】The elephants are in danger.

A.
主语

B.状语

C.
谓语

D.
表语
【填空题】Lucy is a good singer. That means her songs sounds very     . (beauty)",,,,莹莹,,,,,,,,,,,,,,,,,,,,,,,,,,,,,,,,
知识点->句法->句子成分->插入语,"常见题型：
单选题、填空题、完成句子
题干关键词可能有：空格位于句中（通常用逗号与句子其他部分隔开），选项多为副词、介词短语、不定式短语、简短短语或从句

涉及考查知识点有：① 副词作插入语，如however、therefore、besides、moreover、meanwhile、instead、otherwise等，表示转折、递进或承接关系。② 介词短语作插入语，如in fact、in conclusion、on the contrary、by the way、for example、of course等，表示补充说明或举例。③ 不定式短语作插入语，如to tell the truth、to be honest、to be frank、to sum up、to begin with等，表示说话人的态度或评价。④ 简短短语或从句作插入语，如I think、I believe、I'm afraid、you know、that is、it seems、do you think等，表示说话人的观点或推测。插入语通常用逗号与句子隔开，删除后不影响句子的语法结构。","常见题型：
单选题、填空题、完成句子
题干关键词可能有：空格位于句中（通常用逗号与句子其他部分隔开），选项多为副词、介词短语、不定式短语、简短短语或从句

涉及考查知识点有：① 副词作插入语，如however、therefore、besides、moreover、meanwhile、instead、otherwise等，表示转折、递进或承接关系。② 介词短语作插入语，如in fact、in conclusion、on the contrary、by the way、for example、of course等，表示补充说明或举例。③ 不定式短语作插入语，如to tell the truth、to be honest、to be frank、to sum up、to begin with等，表示说话人的态度或评价。④ 简短短语或从句作插入语，如I think、I believe、I'm afraid、you know、that is、it seems、do you think等，表示说话人的观点或推测。插入语通常用逗号与句子隔开，删除后不影响句子的语法结构。",否,"【单选题】What do you think ______ good friends?

A.
make

B.
will make

C.
makes

D.
to make
【单选题】We were pleased to meet the president. We were _______ surprised that he was so short.

A.
, however,

B.
nevertheless,

C.
, but,

D.
, though
【填空题】说实话， 我从来没有意识到Johnson是个这么好的倾听者。
    ,I have never realized that Johnson was such a good listener.",,,,莹莹,,,,,,,,,,,,,,,,,,,,,,,,,,,,,,,,
知识点->句法->句子种类->陈述句->肯定句,"常见题型：
完成句子、情景题
题干关键词可能有：中文提示为肯定陈述语气，英文空格需补充完整句子，或为对一般疑问句的肯定回答

涉及考查知识点有：① 肯定句语序为主语+谓语+宾语+状语（如：He goes to school by bike every day）；② 肯定回答的语序为Yes+ 主语 + 助动词/情态动词/be动词。","常见题型：
完成句子、情景题
题干关键词可能有：中文提示为肯定陈述语气，英文空格需补充完整句子，或为对一般疑问句的肯定回答

涉及考查知识点有：① 肯定句语序为主语+谓语+宾语+状语（如：He goes to school by bike every day）；② 肯定回答的语序为Yes+ 主语 + 助动词/情态动词/be动词。",否,"【翻译题】对志愿者们来说接受培训是重要的。
【完成句子】the history of, want to, I, in different ways, get to know, the city（连词成句）
【完成句子】Does he plan to take an art lesson?（做肯定回答）
Yes,        .           ",,,,莹莹,,,,,,,,,,,,,,,,,,,,,,,,,,,,,,,,
知识点->句法->句子种类->陈述句->否定句,"常见题型：完成句子、情境题、填空题

题干关键词可能有：
中文提示含有“不”“没”“没有”等否定含义，英文空格中可能出现not、never、no、nothing、nobody等否定词
涉及考查知识点有：① 否定句语序：主语+助动词/情态动词/be动词+not+谓语+其他；② some在否定句中改为any，and在否定句中改为or；③ 否定回答的语序：No，主语+助动词/情态动词/be动词+n't（如：No, I don't；No, he isn't；No, she can't）","常见题型：完成句子、情境题、填空题

题干关键词可能有：
中文提示含有“不”“没”“没有”等否定含义，英文空格中可能出现not、never、no、nothing、nobody等否定词
涉及考查知识点有：① 否定句语序：主语+助动词/情态动词/be动词+not+谓语+其他；② some在否定句中改为any，and在否定句中改为or；③ 否定回答的语序：No，主语+助动词/情态动词/be动词+n't（如：No, I don't；No, he isn't；No, she can't）",否,"【填空题】He (not like) to live in the city because it's too noisy.
【完成句子】他直到妈妈回来才睡觉。
He go to bed his mother came back.
【完成句子】I have some nice clothes and shoes. (变为否定句)

I     have     nice clothes     shoes.","【完成句子】We will hold the environmental knowledge competition next month. (改为被动语态的否定句)



The environmental knowledge competition by us next month.",3531086675852423171,,莹莹,,,,,,,,,,,,,,,,,,,,,,,,,,,,,,,,
知识点->句法->句子种类->疑问句->一般疑问句,"常见题型：
完成句子、填空题、情境运用
题干关键词可能有：
中文提示为“吗？”“是否……？”，英文空格位于句首，选项多为助动词、情态动词或be动词
涉及考查知识点有：① 一般疑问句语序：助动词/情态动词/be动词+主语+谓语（动词原形或相应形式）+其他。② some在一般疑问句中改为any，and改为or，第一人称I/we改为第二人称you（如：I like some apples. → Do you like any apples?）。③ 肯定回答为Yes，主语+助动词/情态动词/be动词（如：Yes, I do. Yes, he is. Yes, she can.）；否定回答为No，主语+助动词/情态动词/be动词+not（如：No, I don't. No, he isn't. No, she can't.）



","常见题型：
完成句子、填空题、情境运用
题干关键词可能有：
中文提示为“吗？”“是否……？”，英文空格位于句首，选项多为助动词、情态动词或be动词
涉及考查知识点有：① 一般疑问句语序：助动词/情态动词/be动词+主语+谓语（动词原形或相应形式）+其他。② some在一般疑问句中改为any，and改为or，第一人称I/we改为第二人称you（如：I like some apples. → Do you like any apples?）。③ 肯定回答为Yes，主语+助动词/情态动词/be动词（如：Yes, I do. Yes, he is. Yes, she can.）；否定回答为No，主语+助动词/情态动词/be动词+not（如：No, I don't. No, he isn't. No, she can't.）",否,"【完成句子】I've learned something from Linn's camp experience. (改为一般疑问句)

           anything from Linn's camp experience?
【情境运用】A:            ?

B: Yes, there are some elephants in the zoo.
【单选题】—Is Bob your brother?

—____

A.
No, it isn't.

B.
Yes, he is.

C.
Yes, Bob is.

D.
No, he doesn't.",,,,莹莹,,,,,,,,,,,,,,,,,,,,,,,,,,,,,,,,
知识点->句法->句子种类->疑问句->特殊疑问句->how类特殊疑问词,"常见题型：
单选题、完成句子
题干关键词可能有：
题干中句首为how开头的特殊疑问词，空格位于疑问词之后或动词位置，选项中有how、how many、how much、how long、how often、how far、how old、how tall等
涉及考查知识点有：① how单独使用，询问方式、状态或程度（如：How do you go to school?）。② how many询问可数名词数量（How many books?）；how much询问不可数名词数量或价格（How much water? How much is it?）；how long询问时间长度或物体长度（How long did you stay? How long is the bridge?）；how often询问频率（How often do you exercise?）；how far询问距离（How far is it?）；how old询问年龄（How old is your brother?）；how tall/how high询问高度（how tall指人或物，how high指离地高度）；how soon询问多久以后，用于将来时（How soon will you come back?）。③ how类特殊疑问句的语序为“疑问词 + 一般疑问句语序”（如：How long have you lived here?）。",第三轮：最终的高密度结构化释义：①常见题型：单选题、完成句子；②题干关键词：句首为how的特殊疑问词，空格位于疑问词之后或动词位置，选项包含how、how many、how much、how long、how often、how far、how old、how tall、how high、how soon；③涉及考查知识点有：how单独询问方式、状态、程度的用法，how many询问可数名词数量、how much询问不可数名词数量/价格、how long询问时间长度/物体长度、how often询问频率、how far询问距离、how old询问年龄、how tall/how high询问高度、how soon询问将来时间的用法，how类特殊疑问句语序规则；注意：无明确说明。,①常见题型：单选题、完成句子；②题干关键词：句首为how的特殊疑问词，空格位于疑问词之后或动词位置，选项包含how、how many、how much、how long、how often、how far、how old、how tall、how high、how soon；③涉及考查知识点有：how单独询问方式、状态、程度的用法，how many询问可数名词数量、how much询问不可数名词数量/价格、how long询问时间长度/物体长度、how often询问频率、how far询问距离、how old询问年龄、how tall/how high询问高度、how soon询问将来时间的用法，how类特殊疑问句语序规则；,,,,,莹莹,,,,,,,,,,,,,,,,,,,,,,,,,,,,,,,,
知识点->句法->句子种类->疑问句->特殊疑问句->wh-类特殊疑问词,"常见题型：
单选题、完成句子
题干关键词可能有：
题干中句首为what、which、who、whom、whose、when、where、why等疑问词，空格位于疑问词之后或动词位置，选项中有what、which、who、whom、whose、when、where、why等
涉及考查知识点有：① what询问事物、活动或职业（如：What is that? What do you do?）。② which询问在特定范围内选择哪一个（如：Which color do you like?）。③ who询问谁（作主语或表语）（如：Who is that girl? Who are you?）。④ whom询问谁（作宾语）（如：Whom did you meet?）。⑤ whose询问所属关系（如：Whose book is this?）。⑥ when询问时间（如：When will you come?）。⑦ where询问地点（如：Where do you live?）。⑧ why询问原因（如：Why are you late?）。⑨ wh-类特殊疑问句的语序为“疑问词 + 一般疑问句语序”。若疑问词在句中作主语，语序为“疑问词 + 谓语 + 其他”（如：Who is singing? What happened?）。



单选题",第三轮：最终的高密度结构化释义。① 常见题型：单选题、完成句子 ② 题干关键词：what、which、who、whom、whose、when、where、why ③ 涉及考查知识点有：what询问事物/活动/职业的用法、which询问特定范围选择对象的用法、who询问人（作主语/表语）的用法、whom询问人（作宾语）的用法、whose询问所属关系的用法、when询问时间的用法、where询问地点的用法、why询问原因的用法、wh-类特殊疑问句语序规则 注意：无明确说明,① 常见题型：单选题、完成句子 ② 题干关键词：what、which、who、whom、whose、when、where、why ③ 涉及考查知识点有：what询问事物/活动/职业的用法、which询问特定范围选择对象的用法、who询问人（作主语/表语）的用法、whom询问人（作宾语）的用法、whose询问所属关系的用法、when询问时间的用法、where询问地点的用法、why询问原因的用法、wh-类特殊疑问句语序规则 ,,,,,莹莹,,,,,,,,,,,,,,,,,,,,,,,,,,,,,,,,
知识点->句法->句子种类->疑问句->选择疑问句,"常见题型：
完成句子、单选题
题干关键词可能有：
题干中包含“or”连接的两个或多个选项，中文提示为“是……还是……？”
涉及考查知识点有：① 一般疑问句语序：助动词/情态动词/be动词+主语+or+另一个选项（如：Do you like tea or coffee?）；特殊疑问句语序：特殊疑问词+一般疑问句+or+另一个选项（如：Which do you like better, tea or coffee?）。② 回答时直接选择其中一个选项作答，不用yes或no（如：Tea. / Coffee.）。③ 全部否定回答用Neither（如：Neither. / I like neither.）","常见题型：
完成句子、单选题
题干关键词可能有：
题干中包含“or”连接的两个或多个选项，中文提示为“是……还是……？”
涉及考查知识点有：① 一般疑问句语序：助动词/情态动词/be动词+主语+or+另一个选项（如：Do you like tea or coffee?）；特殊疑问句语序：特殊疑问词+一般疑问句+or+另一个选项（如：Which do you like better, tea or coffee?）。② 回答时直接选择其中一个选项作答，不用yes或no（如：Tea. / Coffee.）。③ 全部否定回答用Neither（如：Neither. / I like neither.）",否,"【单选题】—Which brand of running shoes do you like, Nike or Li Ning?

—________. I like Chinese brands.

A.
Either

B.
Neither

C.
Nike is my favorite

D.
I prefer Li Ning
【完成句子】Jim lives in Canada. (用 in England 改为选择疑问句)

    Jim live in Canada     in England?
【单选题】—Do you usually take a walk or do your homework after dinner? 
—________.
A.
Yes, I take a walk

B.
None of them

C.
No, I play with my pet

D.
Take a walk",,,,莹莹,,,,,,,,,,,,,,,,,,,,,,,,,,,,,,,,
知识点->句法->句子种类->疑问句->反意疑问句,"常见题型：
单选题、完成句子
题干关键词可能有：
题干中包含一个陈述句加一个简短的疑问部分，中文提示为“……，是吗？”“……，不是吗？”
涉及考查知识点有：① 反意疑问句的构成原则为前肯后否、前否后肯。陈述句部分有否定词（never、hardly、seldom、few、little、nothing、nobody、no）时视为否定句，疑问部分用肯定形式；② 特殊结构的反意疑问句：Let's go, shall we?；Let us go, will you?；祈使句（Open the door, will you?；Don't forget, will you?）；I am a student, aren't I?；There be句型（There is a book, isn't there?）；This/That is..., isn't it?；Everyone/Someone is here, aren't they?；Nothing/Nobody is here, is it? / are they?；③ 反意疑问句的回答根据事实判断，事实为肯定用yes，事实为否定用no，不以前后肯否形式为准。



",第三轮：最终的高密度结构化释义。① 常见题型：单选题、完成句子；② 题干关键词：……，是吗？、……，不是吗？，never、hardly、seldom、few、little、nothing、nobody、no、Let's、Let us、祈使句、I am、There be、This/That is、Everyone、Someone、Nothing、Nobody；③ 涉及考查知识点有：反意疑问句构成原则（前肯后否、前否后肯）、含否定标识的反意疑问句变形规则、特殊句式反意疑问句固定搭配规则、反意疑问句事实优先回答规则；注意：无明确说明,① 常见题型：单选题、完成句子；② 题干关键词：……，是吗？、……，不是吗？，never、hardly、seldom、few、little、nothing、nobody、no、Let's、Let us、祈使句、I am、There be、This/That is、Everyone、Someone、Nothing、Nobody；③ 涉及考查知识点有：反意疑问句构成原则（前肯后否、前否后肯）、含否定标识的反意疑问句变形规则、特殊句式反意疑问句固定搭配规则、反意疑问句事实优先回答规则；,"【单选题】— It seems almost impossible that the forest fire in the national park could be stopped, ________ it?

—________, it's not easy to stop it even with enough resources and effort.

A.
does; Yes

B.
doesn't; Yes

C.
does; No

D.
doesn't; No
【句型转换】She seldom read books about how to improve English. (改为反义疑问句)

He seldom read books about how to improve English,        ​​​​​​​?
【完成句子】Listen to others carefully in class. (改为反义疑问句)

Listen to others carefully in class, ?
【完成句子】Let's do it at once. (改为反义疑问句)
Let's do it at once, ?",,,,莹莹,,,,,,,,,,,,,,,,,,,,,,,,,,,,,,,,
知识点->句法->句子种类->祈使句->祈使句肯定形式,"常见题型：完成句子、单项选择

题干关键词可能有：中文提示为“请……”“让……”“要……”，英文空格位于句首且以动词原形开头，无主语，或者主语后有逗号

涉及考查知识点有：① 祈使句以动词原形开头，省略主语you（如：Sit down.）；② let's结构 let's后接动词原形，表示包括听话者在内的建议（如：Let's do it.）；③ if引导的条件状语从句用一般现在时，主句为祈使句，以动词原形开头。","常见题型：完成句子、单项选择

题干关键词可能有：中文提示为“请……”“让……”“要……”，英文空格位于句首且以动词原形开头，无主语，或者主语后有逗号

涉及考查知识点有：① 祈使句以动词原形开头，省略主语you（如：Sit down.）；② let's结构 let's后接动词原形，表示包括听话者在内的建议（如：Let's do it.）；③ if引导的条件状语从句用一般现在时，主句为祈使句，以动词原形开头。",否,"【完成句子】Please (弄清楚，查明白) when the train will leave.
【单项选择】Let's ________ our best to make our team stronger.

A.
try

B.
to try

C.
tryiny
D.
tries
【单项选择】If you want to keep healthy, ________ more exercise.
A.
do
B.
will do
C.
does

D.
doing
【完成句子】Mary,     (spell) the new word, please.",,,,莹莹,,,,,,,,,,,,,,,,,,,,,,,,,,,,,,,,
知识点->句法->句子种类->祈使句->祈使句否定形式,"常见题型：
单选题、完成句子
题干关键词可能有：
中文提示为“不要……”“请别……”；空格在句首，选项多是否定形式
涉及考查知识点有：① 祈使句否定形式的结构为Don't + 动词原形；② Never开头表示强烈否定，结构为Never + 动词原形（如：Never give up）；③ Let's结构的否定形式为Let's not+动词原形；④ Let me/Let him等结构的否定形式为Don't let+宾语+动词原形（如：Don't let him go）；⑤ No+动名词结构用于公共标语或提示（如：No smoking）



","常见题型：
单选题、完成句子
题干关键词可能有：
中文提示为“不要……”“请别……”；空格在句首，选项多是否定形式
涉及考查知识点有：① 祈使句否定形式的结构为Don't + 动词原形；② Never开头表示强烈否定，结构为Never + 动词原形（如：Never give up）；③ Let's结构的否定形式为Let's not+动词原形；④ Let me/Let him等结构的否定形式为Don't let+宾语+动词原形（如：Don't let him go）；⑤ No+动名词结构用于公共标语或提示（如：No smoking）",否,"【单选题】________ sleep too late. It’s not good ________ your health.

A.
Not; at

B.
No; to

C.
Don’t; for
D.
Can’t; for
【单选题】Never ______ late for school again.
A.
is

B.
being

C.
be

D.are
【句型转换】Look out of the window. (改为否定句)
",,,,莹莹,,,,,,,,,,,,,,,,,,,,,,,,,,,,,,,,
知识点->句法->句子种类->祈使句->祈使句+and/or+陈述句,"常见题型：
单选题、完成句子
题干关键词可能有：空格在祈使句和结果句之间，选项为and/or/but/so等连词

涉及考查知识点有：① 祈使句+and+陈述句，表示如果做了祈使句中的事，就会产生陈述句中的好结果（如：Work hard, and you will succeed.）；② 祈使句+or+陈述句，表示如果不做祈使句中的事，就会产生陈述句中的坏结果（如：Hurry up, or you will be late. ）；③ 该结构相当于if引导的条件状语从句，and对应if的肯定条件（If you work hard, you will succeed），or对应if的否定条件（If you don't hurry up, you will be late）。","常见题型：
单选题、完成句子
题干关键词可能有：空格在祈使句和结果句之间，选项为and/or/but/so等连词

涉及考查知识点有：① 祈使句+and+陈述句，表示如果做了祈使句中的事，就会产生陈述句中的好结果（如：Work hard, and you will succeed.）；② 祈使句+or+陈述句，表示如果不做祈使句中的事，就会产生陈述句中的坏结果（如：Hurry up, or you will be late. ）；③ 该结构相当于if引导的条件状语从句，and对应if的肯定条件（If you work hard, you will succeed），or对应if的否定条件（If you don't hurry up, you will be late）。",否,"【单项选择】Try your best, ________ you will never know how far you can go.

A.
and
B.
or
C.
but

D.
so
【单项选择】Keep doing exercise, ______ you can stay healthy.

A.
so
B.
and
C.
or

D. but
【填空】Watch out when you cook, or you (burn) yourself easily.
【完成句子】If you don't work hard, you will fall behind. （同义句改写）

hard, you will fall behind.",,,,莹莹,,,,,,,,,,,,,,,,,,,,,,,,,,,,,,,,
知识点->句法->句子种类->感叹句->what引导的感叹句,"常见题型：单选题、完成句子
题干关键词可能有：空格位于句首，选项以What或What a/an开头，空格后为名词短语
涉及考查知识点有：① What+a/an+形容词+可数名词单数+主语+谓语!（如：What a beautiful flower it is!）；② What+形容词+可数名词复数+主语+谓语!（如：What beautiful flowers they are!）。③ What+形容词+不可数名词+主语+谓语!（如：What fine weather it is!）。④ 感叹句中主语和谓语常省略（如：What a nice day!）","常见题型：单选题、完成句子
题干关键词可能有：空格位于句首，选项以What或What a/an开头，空格后为名词短语
涉及考查知识点有：① What+a/an+形容词+可数名词单数+主语+谓语!（如：What a beautiful flower it is!）；② What+形容词+可数名词复数+主语+谓语!（如：What beautiful flowers they are!）。③ What+形容词+不可数名词+主语+谓语!（如：What fine weather it is!）。④ 感叹句中主语和谓语常省略（如：What a nice day!）",否,"【单选题】________ useful advice you gave me! I finally passed the math test.

A.
What

B.
What a

C.
How
D.How a
【句型转换】It is a beautiful dress.(改成感叹句)

        beautiful dress it is!
【单选题】______ unique way it is to help us go through the difficulty.


A.
What


B.
What are


C.
What a


D.How
【单选题】________ exciting movie it is! I want to watch it again.

A.
How

B.
What
C.
What a

D.
What an",,,,莹莹,,,,,,,,,,,,,,,,,,,,,,,,,,,,,,,,
知识点->句法->句子种类->感叹句->how引导的感叹句,"常见题型：单选题、完成句子
题干关键词可能有：空格位于句首，选项以What或How开头，空格后为形容词、副词或名词短语
涉及考查知识点有：① How + 形容词 + 主语 + 谓语（如：How beautiful the flower is!）。② How + 副词 + 主语 + 谓语（如：How fast he runs!）。③ How + 主语 + 谓语（如：How I miss you! How time flies!）。④ 感叹句中主语和谓语常省略（如：How nice! How interesting!）","常见题型：单选题、完成句子
题干关键词可能有：空格位于句首，选项以What或How开头，空格后为形容词、副词或名词短语
涉及考查知识点有：① How + 形容词 + 主语 + 谓语（如：How beautiful the flower is!）。② How + 副词 + 主语 + 谓语（如：How fast he runs!）。③ How + 主语 + 谓语（如：How I miss you! How time flies!）。④ 感叹句中主语和谓语常省略（如：How nice! How interesting!）",否,"【完成句子】The city has changed a lot.（改为感叹句）
the city has changed!
【单选题】—I have never seen such amazing 3D artworks.
—________ amazing they are!

A.
What
B.
How
C.
What an

D.
How an
【单选题】— today!

—Yes. Shall we have a picnic in the open air?

A.
What fine weather is

B.
How fine weather it is

C.
What a fine weather it is

D.How fine the weather is",,,,莹莹,,,,,,,,,,,,,,,,,,,,,,,,,,,,,,,,
知识点->句法->句子种类->there be 句型,"常见题型：单选题、完成句子
题干关键词可能有：空格位于There之后，选项为be动词的不同形式；或句型转换题中要求将there be改为否定句、疑问句或同义句
涉及考查知识点有：① be动词的单复数与最近的名词保持一致（就近原则），如：There is a pen and two books on the desk.;② there be句型的不同时态：一般现在时（There is/are），一般过去时（There was/were），一般将来时（There will be / There is going to be），现在完成时（There have/has been）。③ there be句型的否定形式在be动词后加not,或加no修饰名词（如：There is not a book on the desk. There is no book on the desk）;④ there be句型的一般疑问句将be动词提至句首，肯定回答为Yes, there is/are，否定回答为No, there isn't/aren't。","常见题型：单选题、完成句子
题干关键词可能有：空格位于There之后，选项为be动词的不同形式；或句型转换题中要求将there be改为否定句、疑问句或同义句
涉及考查知识点有：① be动词的单复数与最近的名词保持一致（就近原则），如：There is a pen and two books on the desk.;② there be句型的不同时态：一般现在时（There is/are），一般过去时（There was/were），一般将来时（There will be / There is going to be），现在完成时（There have/has been）。③ there be句型的否定形式在be动词后加not,或加no修饰名词（如：There is not a book on the desk. There is no book on the desk）;④ there be句型的一般疑问句将be动词提至句首，肯定回答为Yes, there is/are，否定回答为No, there isn't/aren't。",否,"【单选题】There     a computer and some books on the student's desk.
A.am
B.is
C.are
【句型转换】There are some eggs in the box. (改为否定句)
There           eggs in the box.
【完成句子】The old house has a big garden behind it.  (改为同义句)
                    a big garden behind the old house.",,,,莹莹,,,,,,,,,,,,,,,,,,,,,,,,,,,,,,,,
知识点->句法->句子种类->特殊句式->强调句,"常见题型：单选题、完成句子
题干关键词可能有：题干中出现It is/was开头，空格位于that/who之前或之后；或要求对画线部分进行强调式提问；或中文提示中含有“的确”“真的”“确实”等强调意味的词
涉及考查知识点有：① 强调句的结构为It is/was + 被强调部分 + that/who + 其他部分，被强调部分可以是主语、宾语、状语等（如：It was Tom that/who helped me.）;② 被强调部分指人时，连接词可用that或who；被强调部分指物或时间、地点、原因等状语时，连接词只能用that；③ 强调句的一般疑问句形式将Is/Was提到句首（如：Was it Tom that helped you?）；④强调句的特殊疑问句将特殊疑问词提到句首（如：Who was it that helped you? ）；⑤ 对not...until结构进行强调时，形式为It is/was not until + 被强调部分 + that + 其他部分（如：It was not until midnight that he came back）。","常见题型：单选题、完成句子
题干关键词可能有：题干中出现It is/was开头，空格位于that/who之前或之后；或要求对画线部分进行强调式提问；或中文提示中含有“的确”“真的”“确实”等强调意味的词
涉及考查知识点有：① 强调句的结构为It is/was + 被强调部分 + that/who + 其他部分，被强调部分可以是主语、宾语、状语等（如：It was Tom that/who helped me.）;② 被强调部分指人时，连接词可用that或who；被强调部分指物或时间、地点、原因等状语时，连接词只能用that；③ 强调句的一般疑问句形式将Is/Was提到句首（如：Was it Tom that helped you?）；④强调句的特殊疑问句将特殊疑问词提到句首（如：Who was it that helped you? ）；⑤ 对not...until结构进行强调时，形式为It is/was not until + 被强调部分 + that + 其他部分（如：It was not until midnight that he came back）。",否,"【单选题】It is when they make friends and face challenges ________ students get to know ________ school life is really like.
A.that; what
B.that; how
C.before; what
D.before; how
【单选题】It was ________ midnight ________ he finished his homework.
A.when; that
B.not until; that
C.until; when
D.after; before
【完成句子】Most lions come from Africa. (对画线部分提问)
              most lions        from?
【完成句子】我们的确在聚会上玩得很高兴。
We                                at the party.","【单选题】—Since China’s reform and opening-up, great changes have taken place in our country.
—________.
A.So they have
B.So have they
C.So do they
D.So they do",,,莹莹,,,,,,,,,,,,,,,,,,,,,,,,,,,,,,,,
知识点->句法->句子种类->特殊句式->省略句,"常见题型：单选题、完成句子、填空题
题干关键词可能有：题干中空格位于连词之后且选项或所给词为doing形式；或要求将what about/how about同义句改写为why not
涉及考查知识点有：① when、while、after、before引导的状语从句，当从句主语与主句主语一致且从句谓语含有be动词时，可省略从句中的主语和be动词，将谓语动词改为现在分词形式（doing）;② what about/how about/why not + doing省略;③ 并列句中的省略，并列句中后一分句与前一分配重复的成分可省略（如She can sing and dance.）。④ 感叹句的省略（What a day! How nice! What a shame! So beautiful!），日常口语（Sounds great,, No problem, So do I, I hope so）","常见题型：单选题、完成句子、填空题
题干关键词可能有：题干中空格位于连词之后且选项或所给词为doing形式；或要求将what about/how about同义句改写为why not
涉及考查知识点有：① when、while、after、before引导的状语从句，当从句主语与主句主语一致且从句谓语含有be动词时，可省略从句中的主语和be动词，将谓语动词改为现在分词形式（doing）;② what about/how about/why not + doing省略;③ 并列句中的省略，并列句中后一分句与前一分配重复的成分可省略（如She can sing and dance.）。④ 感叹句的省略（What a day! How nice! What a shame! So beautiful!），日常口语（Sounds great,, No problem, So do I, I hope so）",否,"【填空】He        (fall) seriously ill while         (do) field work last year.
【完成句子】What about drinking more hot water? (改为同义句)
                drink more hot water?
【单选题】—I want to be a wildlife photographer and take pictures of animals in nature.
—________ interesting! You can travel to many exciting places.
A.It sound
B.Sound
C.That sound
D.Sounds
【完成句子】如果可能的话，我想采访樊振东。
         , I’d like to interview Fan Zhendong.",,,,莹莹,,,,,,,,,,,,,,,,,,,,,,,,,,,,,,,,
知识点->句法->句子种类->特殊句式->倒装句,"常见题型：单选题、完成句子
题干关键词可能有：题干中出现so/neither/nor位于句首表示“也/也不”；或方位词/地点状语（如In front of...）位于句首；或only when位于句首；或here/there位于句首
涉及考查知识点有：① neither/nor/so引导的倒装句，表示“也”或“也不”，结构为neither/nor/so+助动词/情态动词/be动词+主语（如So do I；Neither can she；So am I）;② only when引导的时间状语从句位于句首时，主句部分倒装，结构为only when+从句+助动词/情态动词/be动词+主语+谓语（如：Only when he comes will we start.）;③ here/there位于句首且主语为名词时，句子完全倒装，结构为Here/There + 谓语 + 主语（如：Here comes the bus.）。注意主语为代词时不用倒装（如：Here you are.）;④ 方位词（in/out/up/down/away/off等）位于句首且主语为名词时，句子完全倒装，结构为方位词+谓语+主语（如：Away flew the bird）。主语为代词时不用倒装（如：Away he went.）;⑤ 否定词（never/hardly/seldom/little/not until/not only等）位于句首时，主句部分倒装（如：Never have I seen such a film；Not only did he come, but he also helped）。",第三轮：最终的高密度结构化释义。①常见题型：单选题、完成句子；②题干关键词：so、neither、nor、方位词、地点状语、only when、here、there、never、hardly、seldom、little、not until、not only；③涉及考查知识点有：neither/nor/so引导的部分倒装结构、only when引导状语从句位于句首的主句部分倒装结构、here/there位于句首的完全倒装结构、方位副词位于句首的完全倒装结构、否定副词/否定短语位于句首的主句部分倒装结构；注意：here/there、方位副词位于句首时，主语为代词无需倒装；only when引导状语从句位于句首时仅主句倒装、从句不倒装；否定词位于句首时仅主句倒装。,否,"【完成句子】—给您菜单。您想喝点什么，鱼汤还是蔬菜汤？—我想要鱼汤。
—      is a       for you. What would you like to have,               or               ?
—              fish soup.
【单选题】—We have never been to Mexico, what about Jeff?
—________. He hopes to visit it some day.
A.So has he
B.So does he
C.Neither has he
D.Neither does he
【单选题】In front of these old houses ________ a river, which is not wide or deep but clean.
A.stand
B.stands
C.run
D.runs
【完成句子】只有考试不及格时我才意识到努力的重要性。
Only when I failed the exam                             the importance of hard work.",,,,莹莹,,,,,,,,,,,,,,,,,,,,,,,,,,,,,,,,
知识点->句法->简单句->主+谓,"常见题型：单选题、完成句子
题干关键词可能有：题干要求判断句子结构类型，或要求找出与所给句子结构相同的选项，或要求将肯定句改为否定句后注明基本句型，或选项中谓语动词为不及物动词且主语后无宾语
涉及考查知识点有：① 主谓结构中的谓语动词为不及物动词，本身意义完整，不需要接宾语（如：He runs.）;② 谓语动词需与主语保持人称和数的一致，主语为第三人称单数时一般现在时加s或es（如：He runs fast.）;③ 谓语动词需根据语境选择正确的时态，包括一般现在时、一般过去时、一般将来时、现在进行时、现在完成时等（如：He arrived yesterday，She will come tomorrow，They are playing now）。④ 谓语动词的否定形式在助动词或be动词后加not（如：He doesn't run.）。⑤ 谓语动词的一般疑问句形式将助动词或be动词提至主语前（如：Does he run? ）。","常见题型：单选题、完成句子
题干关键词可能有：题干要求判断句子结构类型，或要求找出与所给句子结构相同的选项，或要求将肯定句改为否定句后注明基本句型，或选项中谓语动词为不及物动词且主语后无宾语
涉及考查知识点有：① 主谓结构中的谓语动词为不及物动词，本身意义完整，不需要接宾语（如：He runs.）;② 谓语动词需与主语保持人称和数的一致，主语为第三人称单数时一般现在时加s或es（如：He runs fast.）;③ 谓语动词需根据语境选择正确的时态，包括一般现在时、一般过去时、一般将来时、现在进行时、现在完成时等（如：He arrived yesterday，She will come tomorrow，They are playing now）。④ 谓语动词的否定形式在助动词或be动词后加not（如：He doesn't run.）。⑤ 谓语动词的一般疑问句形式将助动词或be动词提至主语前（如：Does he run? ）。",否,"【完成句子】My computer freezes. （改为否定句并注明改写后的句子属于哪种基本句型)
【单选题】What's the structure of the sentence""Millie is sitting under the shade of the trees""?
A.S+V+O
B.S+V
C.S+V+P
D.S+V+IO+DO
【单选题】Which of the following sentences has the same structure as"" The temperature drops after summer.""
A.It suddenly rained.
B.She asked me a question.
C.The little girl is very happy.
D.He found a key in the garden.
【单选题】Every child __________ two and two make four.
A.know
B.knows
C.is knowing
D.are knowing",,,,莹莹,,,,,,,,,,,,,,,,,,,,,,,,,,,,,,,,
知识点->句法->简单句->主+系+表,"常见题型：单选题、完成句子
题干关键词可能有：题干要求判断句子结构类型，或对划线部分提问后注明基本句型，或选项中包含系动词且后接形容词、名词或介词短语
涉及考查知识点有：① 系动词包括be动词（am/is/are/was/were）、感官动词（look、sound、smell、taste、feel）、变化类（become、get、turn、grow、go）、保持类（keep、stay、remain、seem、appear）。② 形容词作表语，说明主语的特征或状态（如：She is beautiful.）。③ 名词作表语，说明主语的身份或类别（如：He is a teacher，She became a doctor）。④ 介词短语作表语，说明主语的位置或状态（如：She is in the room.）。","常见题型：单选题、完成句子
题干关键词可能有：题干要求判断句子结构类型，或对划线部分提问后注明基本句型，或选项中包含系动词且后接形容词、名词或介词短语
涉及考查知识点有：① 系动词包括be动词（am/is/are/was/were）、感官动词（look、sound、smell、taste、feel）、变化类（become、get、turn、grow、go）、保持类（keep、stay、remain、seem、appear）。② 形容词作表语，说明主语的特征或状态（如：She is beautiful.）。③ 名词作表语，说明主语的身份或类别（如：He is a teacher，She became a doctor）。④ 介词短语作表语，说明主语的位置或状态（如：She is in the room.）。",否,"【单选题】Which of the following sentences has the same structure as ""Reading is a great way to learn""?
A.Students who read widely will have a richer vocabulary.
B.Reading brings you a chance to explore new worlds.
C.You can enjoy the stories while reading.
D.Starting an exercise habit sounds wonderful.
【单选题】下列句子是“主语+系动词+表语”结构的是________。
A.I like English.
B.Linda swims well.
C.I am healthy.
D.Look at that man.
【完成句子】Teleshopping is shopping on a telephone or television. （对划线部分提问并注明改写后的句子属于哪种基本句型）",,,,莹莹,,,,,,,,,,,,,,,,,,,,,,,,,,,,,,,,
知识点->句法->简单句->主+谓+宾,"常见题型：单选题、完成句子
题干关键词可能有：题干要求判断句子结构类型，或要求找出与所给句子结构相同的选项，选项中包含及物动词且后接名词、代词、动名词或不定式作宾语
涉及考查知识点有：① 主谓宾结构中的谓语动词为及物动词，必须接宾语才能表达完整意义。常见的及物动词包括like、love、hate、eat、drink、buy、sell、give、show、tell、teach、lend、borrow、make、cook、get、find、want、hope、enjoy、finish、practice、mind；② 可以作宾语的有名词（如：I like apples）、代词宾格（如：I like him）、动名词（如：I enjoy reading）、动词不定式（如：I want to go）。","常见题型：单选题、完成句子
题干关键词可能有：题干要求判断句子结构类型，或要求找出与所给句子结构相同的选项，选项中包含及物动词且后接名词、代词、动名词或不定式作宾语
涉及考查知识点有：① 主谓宾结构中的谓语动词为及物动词，必须接宾语才能表达完整意义。常见的及物动词包括like、love、hate、eat、drink、buy、sell、give、show、tell、teach、lend、borrow、make、cook、get、find、want、hope、enjoy、finish、practice、mind；② 可以作宾语的有名词（如：I like apples）、代词宾格（如：I like him）、动名词（如：I enjoy reading）、动词不定式（如：I want to go）。",否,"【选择题】Which of the following sentences has the structure of “S+V+O”?
A.It is an ideal place for picnics.
B.The dolphin is swimming freely in the ocean.
C.I found the panda very cute.
D.The bear can climb the tree.
【选择题】Which of the following sentences has the structure ""S+V+O""?
A.Amy always helps her friends.
B.She seems a little angry.
C.The baby is crying loudly.
D.They played in the playground.
【单选题】Which of the following has the same sentence structure as “Millie is flying a kite in the park.”?
A.The snow is falling heavily.
B.Wolves hunt small animals in the forest.
C.The sun gives ocean animals light and heat.
D.They call the ocean the""heart""of the earth.",,,,莹莹,,,,,,,,,,,,,,,,,,,,,,,,,,,,,,,,
知识点->句法->简单句->主+谓+宾+宾,"常见题型：单选题、填空题
题干关键词可能有：题干要求判断句子结构类型，或要求找出与所给句子结构相同的选项，或要求将双宾语结构转换为“主语+谓语+直接宾语+to/for+间接宾语”形式
涉及考查知识点有：① 动词give、send、show、tell、teach、lend、offer、pass、bring、write、buy、make、cook、get、find、choose、order等需要接双宾语；② 双宾语结构可以转换为“主语+谓语+直接宾语+to/for+间接宾语”，动词后接to的有give、send、show、tell、lend、offer、pass、bring、write，动词后接for的有buy、make、cook、get、find、choose、order","常见题型：单选题、填空题
题干关键词可能有：题干要求判断句子结构类型，或要求找出与所给句子结构相同的选项，或要求将双宾语结构转换为“主语+谓语+直接宾语+to/for+间接宾语”形式
涉及考查知识点有：① 动词give、send、show、tell、teach、lend、offer、pass、bring、write、buy、make、cook、get、find、choose、order等需要接双宾语；② 双宾语结构可以转换为“主语+谓语+直接宾语+to/for+间接宾语”，动词后接to的有give、send、show、tell、lend、offer、pass、bring、write，动词后接for的有buy、make、cook、get、find、choose、order",否,"【单选题】Which of the following has the same sentence structure as the one below?It is fair to give Anna the prize in the painting competition.
A.A healthy baby usually weighs 6lbs or more.
B.The ceremony helps a teenager become an adult.
C.Our teachers always offer us some useful advice.
D.We stayed home for dinner to celebrate my birthday.
【单选题】Which of the sentences follows the structure “S+V+O+O”?
A.The temperature drops.
B.He got hurt in an accident.
C.My parents bought me a nice gift.
D.I saw some kids kicking the ball.
【句型转换】I tell you a story.
= I tell a story     you.",,,,莹莹,,,,,,,,,,,,,,,,,,,,,,,,,,,,,,,,
知识点->句法->简单句->主+谓+宾+宾补,"常见题型：单选题、完成句子
题干关键词可能有：题干要求判断句子结构类型，或要求找出与所给句子结构相同的选项，或选项中包含make、call、find等可接宾补的动词且后接宾语加形容词或名词
涉及考查知识点有：① 接形容词作宾补的常见动词有make、keep、find、think、consider、get、paint、cut等；② 接名词作宾补的常见动词有make、call、name、choose、elect、consider等，注意宾语与补足语之间存在逻辑上的主谓关系，双宾语中直接宾语和间接宾语之间没有逻辑主谓关系；③ 接不定式作宾补的常见动词有ask、tell、want、would like、invite、teach、allow、encourage等；④ 感官动词（see、watch、hear、notice、feel）和使役动词（make、let、have）后接省略to的不定式作宾补（如：see him dance）；感官动词后也可接现在分词作宾补表示动作正在进行（如：see him dancing）。","常见题型：单选题、完成句子
题干关键词可能有：题干要求判断句子结构类型，或要求找出与所给句子结构相同的选项，或选项中包含make、call、find等可接宾补的动词且后接宾语加形容词或名词
涉及考查知识点有：① 接形容词作宾补的常见动词有make、keep、find、think、consider、get、paint、cut等；② 接名词作宾补的常见动词有make、call、name、choose、elect、consider等，注意宾语与补足语之间存在逻辑上的主谓关系，双宾语中直接宾语和间接宾语之间没有逻辑主谓关系；③ 接不定式作宾补的常见动词有ask、tell、want、would like、invite、teach、allow、encourage等；④ 感官动词（see、watch、hear、notice、feel）和使役动词（make、let、have）后接省略to的不定式作宾补（如：see him dance）；感官动词后也可接现在分词作宾补表示动作正在进行（如：see him dancing）。",否,"【单选题】Which of the following has the same sentence structure as ""We found the beds very comfortable""?
A.The boy built his little brother a big tent.
B.The sun was shining brightly.
C.Sandy is watching her father work.
D.His voice sounded strange.
【单选题】The structure of the sentence""I felt my heart beating faster and faster.""is""________"".
A.S+V+O+C
B.S+V+P
C.S+V+O+O
D.S+V
【单选题】We all _______ the clever boy""Little Einstein""in our class.
A.call
B.make
C.find","【单选题】What is the structure of the sentence “She found Siyang Taoyuan Bridge beautiful.”?
A.S+V+O
B.S+V+P
C.S+V+O+O
D.S+V+O+C",,,莹莹,,,,,,,,,,,,,,,,,,,,,,,,,,,,,,,,
知识点->句法->并列句->含and并列复合句,"常见题型：完成句子、翻译题
题干关键词可能有：题干中包含两个及以上的并列成分;中文提示为并列关系（如“和”“而且”“一边……一边……”）;空格处要填动词且在and前后
涉及考查知识点有：① and连接的两个分句时态通常保持一致（如：She was tired and went to sleep.）。② and连接并列句时，and前后可省略相同的主语或谓语（如：She sings well and dances beautifully.）。","常见题型：完成句子、翻译题
题干关键词可能有：题干中包含两个及以上的并列成分;中文提示为并列关系（如“和”“而且”“一边……一边……”）;空格处要填动词且在and前后
涉及考查知识点有：① and连接的两个分句时态通常保持一致（如：She was tired and went to sleep.）。② and连接并列句时，and前后可省略相同的主语或谓语（如：She sings well and dances beautifully.）。",否,"【完成句子】攀登者必须应对稀薄的空气、高耸的悬崖和多变的天气。
Climbers must       thin air, high cliffs,     changeable weather.
【翻译题】看！我的妈妈正在厨房里做饭，爸爸正在客厅看报纸。
【完成句子】Millie     (put) the English book on the desk and opened the book to read.",,,,莹莹,,,,,,,,,,,,,,,,,,,,,,,,,,,,,,,,
知识点->句法->并列句->含but并列复合句,"常见题型：单选题、完成句子、翻译题
题干关键词可能有：题干中包含两个及以上的并列成分，中文提示为转折关系（如“但是”“可是”），空格处要填动词且在but前后
涉及考查知识点有：① but表示转折关系，连接两个意义相反或对比的句子（如：She studied hard but she failed the exam.）;② but连接的两个分句时态通常保持一致（如：He wanted to go but he was too tired.）;③ but连接并列句时，but前后可省略相同的主语（如：She tried her best but failed）;④ but与although不能同时使用，但可以转换。","常见题型：单选题、完成句子、翻译题
题干关键词可能有：题干中包含两个及以上的并列成分，中文提示为转折关系（如“但是”“可是”），空格处要填动词且在but前后
涉及考查知识点有：① but表示转折关系，连接两个意义相反或对比的句子（如：She studied hard but she failed the exam.）;② but连接的两个分句时态通常保持一致（如：He wanted to go but he was too tired.）;③ but连接并列句时，but前后可省略相同的主语（如：She tried her best but failed）;④ but与although不能同时使用，但可以转换。",否,"【单选题】He knows little French, _________ he can sing French songs well.
A.or
B.and
C.so
D.but
【完成句子】Henry wants to visit the new library. He doesn’t know where it is. (用and, but或so合并句子。)
Henry wants to visit the new library,                 .
【单选题】________, but it can fly around the whole sports ground.
A.The toy plane is cool
B.The toy plane is very small
C.The toy plane flew past Li Na and Liu Wei
D.The toy plane can be used with remote control",,,,莹莹,,,,,,,,,,,,,,,,,,,,,,,,,,,,,,,,
知识点->句法->并列句->含so并列复合句,"常见题型：完成句子、翻译题、单选题
题干关键词可能有：两个分句之间有因果关系；中文提示为因果关系（如“所以”“因此”）
涉及考查知识点有：① so表示因果关系，连接两个具有因果关系的句子，前句表示原因，后句表示结果（如：He studied hard, so he passed the exam.）;② so连接的两个分句时态通常保持一致（如：She didn't study, so she failed the exam.）;③ so与because不能同时使用，但可以转换。","常见题型：完成句子、翻译题、单选题
题干关键词可能有：两个分句之间有因果关系；中文提示为因果关系（如“所以”“因此”）
涉及考查知识点有：① so表示因果关系，连接两个具有因果关系的句子，前句表示原因，后句表示结果（如：He studied hard, so he passed the exam.）;② so连接的两个分句时态通常保持一致（如：She didn't study, so she failed the exam.）;③ so与because不能同时使用，但可以转换。",否,"【单选题】Shirley wants to be a singer, ______ she often works hard to make her dream come true.
A.so
B.however
C.or
【翻译题】小华感觉头晕，所以他决定去看医生。(feel dizzy)
【完成句子】Tom went to the hospital because he was ill. (改为同义句)
Tom was ill,     he went to the hospital.",,,,莹莹,,,,,,,,,,,,,,,,,,,,,,,,,,,,,,,,
知识点->句法->并列句->含or并列复合句,"常见题型：单选题、完成句子
题干关键词可能有：题干中有两个分句，后一个分句是前一个分句条件句的否定结果；中文提示为“或者”“否则”
涉及考查知识点有：① or表示选择关系，连接两个可供选择的句子（如：You can stay here, or you can leave.）；② or表示“否则”，连接两个句子，前句是条件，后句是不按条件做的结果（如：Hurry up, or you will be late.）；③ or连接的两个分句时态通常保持一致。","常见题型：单选题、完成句子
题干关键词可能有：题干中有两个分句，后一个分句是前一个分句条件句的否定结果；中文提示为“或者”“否则”
涉及考查知识点有：① or表示选择关系，连接两个可供选择的句子（如：You can stay here, or you can leave.）；② or表示“否则”，连接两个句子，前句是条件，后句是不按条件做的结果（如：Hurry up, or you will be late.）；③ or连接的两个分句时态通常保持一致。",否,"【单选题】We're going to Suzhou Park in Linda's car. You can come with us _______ you can meet us at the gate of the park later.
A.and
B.but
C.so
D.or
【单选题】Hurry up, ________ we will miss the beginning of the movie.
A.and
B.but
C.or
D.so
【完成句子】我们应该尽一切努力来保护地球，否则我们会失去我们的家园。
We should do     to protect the earth,     we'll lose our home.",,,,莹莹,,,,,,,,,,,,,,,,,,,,,,,,,,,,,,,,
知识点->句法->主从复合句->宾语从句->宾语从句的引导词->that引导宾语从句,"常见题型：单选题、完成句子、填空题
题干关键词可能有：题干中主句谓语动词后跟一个完整的从句，空格位于动词之后
涉及考查知识点有：① that引导宾语从句时，that在从句中不作成分，只起连接作用，无实际意义；② that在口语和非正式文体中常可省略，但在动词后接两个或多个宾语从句时，第一个that可省，后面的that不能省（如：He said (that) he was tired and that he needed a rest）；在主语后有插入语时或动词后接形式宾语it时不能省略。③ 主句谓语动词为think、believe、suppose、expect、hope、say、tell、know、hear、see、feel、doubt等，常用that引导宾语从句；④ that引导的宾语从句中，从句需用陈述句语序，即“主语+谓语+其他”。⑤ that引导的宾语从句时态需与主句保持一致，主句为过去时，从句也应用相应的过去时态。若从句表示客观真理、自然现象等，从句用一般现在时（如：He said that he was busy；The teacher said that the earth goes around the sun）。⑥ that引导的宾语从句的否定形式需否定前移，即否定主句的谓语动词（如：I don't think that he is right）。",第三轮：最终的高密度结构化释义：① 常见题型：单选题、完成句子、填空题；② 题干关键词：主句谓语动词后跟完整从句，空格位于动词之后；③ 涉及考查知识点有：that引导宾语从句的连接功能（that在从句中不作成分、仅起连接作用无实义）、that的省略规则（动词接多个宾语从句仅第一个that可省，接形式宾语it或主句后有插入语时that不可省）、可接that宾语从句的常用谓语动词（think、believe、suppose、expect、hope、say、tell、know、hear、see、feel、doubt）、宾语从句需用陈述句语序要求、主从句时态一致规则、客观真理类宾语从句时态特殊规则、宾语从句否定前移规则；④ 注意：无明确说明,否,"【单选题】People believed ______ dinosaurs looked like huge lizards.
A.if
B.whether
C.that
D.what
【完成句子】他焦虑的是自己可能会迟到。
He          he might be late.
【填空题】
The fashion designer told us     she would use recycled materials to make her new collection.",,,,莹莹,,,,,,,,,,,,,,,,,,,,,,,,,,,,,,,,
知识点->句法->主从复合句->宾语从句->宾语从句的引导词->if/whether引导宾语从句,"常见题型：单选题、完成句子
题干关键词可能有：题干中主句谓语动词后跟一个从句，从句部分含有“是否”含义，题中有“是否”的表述；题中有or not；要求将直接引语（一般疑问句）改为宾语从句
涉及考查知识点有：① if和whether引导宾语从句时，表示“是否”，在从句中不作成分，但不能省略；② if和whether在大多数情况下可以互换，但下列情况只能用whether：与or not连用时、介词后、不定式前（如：It depends on whether it rains；She can't decide whether to go）；③ 主句谓语动词为ask、wonder、know、see、find out、doubt、not sure等，常用if/whether引导宾语从句（如：I doubt if he will come.）。④ if/whether引导的宾语从句中，从句需用陈述句语序；⑤ if/whether引导的宾语从句时态需与主句保持一致，主句为过去时，从句也应用相应的过去时态（如：She asked if I was tired；He wondered whether she had left）。⑥ if/whether引导的宾语从句的否定形式直接否定从句谓语（如：I wonder if he doesn't like it）。",第三轮：最终的高密度结构化释义。① 常见题型：单选题、完成句子② 题干关键词：是否、or not、直接引语（一般疑问句）改宾语从句、主句谓语动词后接含「是否」含义的从句③ 涉及考查知识点有：if和whether引导宾语从句的用法，含引导词语法功能、互换规则、whether专属适用场景、适配主句谓语类型、宾语从句陈述句语序要求、主从句时态一致规则、宾语从句否定规则④ 注意：排他性规则：三种仅能使用whether的场景：与or not连用时、介词后、不定式前；无明确「不打此标签」的具体条件。,否,"【单选题】Could you tell me _______ you like the film _______ not?
A.whether; or
B.whether; and
C.if; and
D.if; and
【单选题】I don’t know ____ Larry ____ to the party. If he comes, I will let you know as soon as possible.
A.whether; comes
B.whether; will come
C.how; will come
【完成句子】""Will you join the volunteer project?""she asked me. (改为宾语从句)
She asked me     I     join the volunteer project.",,,,莹莹,,,,,,,,,,,,,,,,,,,,,,,,,,,,,,,,
知识点->句法->主从复合句->宾语从句->宾语从句的引导词->what引导宾语从句,"常见题型：单选题、完成句子
题干关键词可能有：题干中主句谓语动词后跟一个从句，从句中缺少主语、宾语或表语成分，空格位于引导词位置，中文提示为“……的东西/事情”；要求将含what的宾语从句改为“what to do”结构
涉及考查知识点有：① what引导宾语从句时，what在从句中充当主语、宾语或表语，表示“所……的（东西/事情/话等）”，不能省略；② what引导的宾语从句中，从句需用陈述句语序，（如：I know what you mean.）；③ what引导的宾语从句时态需与主句保持一致（如：She asked what he was doing.）；④ what引导的宾语从句可以转换为“疑问词+不定式”结构（what to do）（如：I don't know what I should do → I don't know what to do）。","常见题型：单选题、完成句子
题干关键词可能有：题干中主句谓语动词后跟一个从句，从句中缺少主语、宾语或表语成分，空格位于引导词位置，中文提示为“……的东西/事情”；要求将含what的宾语从句改为“what to do”结构
涉及考查知识点有：① what引导宾语从句时，what在从句中充当主语、宾语或表语，表示“所……的（东西/事情/话等）”，不能省略；② what引导的宾语从句中，从句需用陈述句语序，（如：I know what you mean.）；③ what引导的宾语从句时态需与主句保持一致（如：She asked what he was doing.）；④ what引导的宾语从句可以转换为“疑问词+不定式”结构（what to do）（如：I don't know what I should do → I don't know what to do）。",否,"【单选题】Many people like to share ________ they see and think on the Internet.
A.how
B.what
C.which
D.who
【完成句子】
I don’t know what I should do next.(改写为“疑问词 + 不定式”结构）
I don’t know            .
【单选题】A week later, as they drove into their hometown, they noticed smoke and went to see _______.
A.what is it
B.what it is
C.what was it
D.what it was
【单选题】Now, as a 20-year-old student,I fully appreciate ______, Chinese people have all stood up as one to fight COVID-19.
A.how those words mean
B.how does those words mean
C.what does those words mean
D.what those words mean",,,,莹莹,,,,,,,,,,,,,,,,,,,,,,,,,,,,,,,,
知识点->句法->主从复合句->宾语从句->宾语从句的引导词->who/whom引导宾语从句,"常见题型：单选题
题干关键词可能有：题干中主句谓语动词后跟一个从句，从句缺少主语或宾语成分且指人；选项中含有who或whom且涉及语序问题；中文提示为“谁”；题干中涉及人的表述
涉及考查知识点有：① who/whom引导宾语从句时，在从句中充当主语或宾语，表示“谁”，不能省略（如：I don't know who did it，who作主语；I wonder who/whom he met，who/whom作宾语）。② who/whom引导的宾语从句中，从句需用陈述句语序（如：I know who he is，不能说I know who is he）。③ who/whom引导的宾语从句时态需与主句保持一致（如：She asked who was singing；He wondered who they had invited）。④ 当引导词在从句中作主语时，只能用who（如：I want to know who broke the window）；作宾语时可用who或whom。","常见题型：单选题
题干关键词可能有：题干中主句谓语动词后跟一个从句，从句缺少主语或宾语成分且指人；选项中含有who或whom且涉及语序问题；中文提示为“谁”；题干中涉及人的表述
涉及考查知识点有：① who/whom引导宾语从句时，在从句中充当主语或宾语，表示“谁”，不能省略（如：I don't know who did it，who作主语；I wonder who/whom he met，who/whom作宾语）。② who/whom引导的宾语从句中，从句需用陈述句语序（如：I know who he is，不能说I know who is he）。③ who/whom引导的宾语从句时态需与主句保持一致（如：She asked who was singing；He wondered who they had invited）。④ 当引导词在从句中作主语时，只能用who（如：I want to know who broke the window）；作宾语时可用who或whom。",否,"【单选题】—Could you tell me ________ after junior high school?
—Miss Liu. She was always patient with me in English class.
A.what your favorite teacher is like
B.how do you like your English teacher
C.who do you like best
D.who you will miss the most
【单选题】A true friend is a person ________ reaches for your hand and touches your heart.
A.who
B.whom
C.which
D.whose
【单选题】He wonders      we need to bring our books tomorrow.
A.that
B.if
C.what
D.who",,,,莹莹,,,,,,,,,,,,,,,,,,,,,,,,,,,,,,,,
知识点->句法->主从复合句->宾语从句->宾语从句的引导词->which引导宾语从句,"常见题型：单选题、填空题
题干关键词可能有：题干中主句谓语动词后跟涉及选择的从句；选项中含有which且涉及语序问题；题干中有“哪一个”的表述
涉及考查知识点有：① which引导宾语从句时，which在从句中充当主语、宾语或定语，表示“哪一个/哪一些”，通常涉及一定的选择范围，不能省略；② which引导的宾语从句中，从句需用陈述句语序（如：I know which one he chose.）；③ which引导的宾语从句时态需与主句保持一致（如：He asked which way was shorter.）；④ which与what的区别：which通常指在一定范围内选择，what指没有范围限制的选择（如：I don't know which one to choose（从已知的几个中选）；I don't know what to choose（没有特定范围））。","常见题型：单选题、填空题
题干关键词可能有：题干中主句谓语动词后跟涉及选择的从句；选项中含有which且涉及语序问题；题干中有“哪一个”的表述
涉及考查知识点有：① which引导宾语从句时，which在从句中充当主语、宾语或定语，表示“哪一个/哪一些”，通常涉及一定的选择范围，不能省略；② which引导的宾语从句中，从句需用陈述句语序（如：I know which one he chose.）；③ which引导的宾语从句时态需与主句保持一致（如：He asked which way was shorter.）；④ which与what的区别：which通常指在一定范围内选择，what指没有范围限制的选择（如：I don't know which one to choose（从已知的几个中选）；I don't know what to choose（没有特定范围））。",否,"【单选题】—Excuse me, could you tell me _______?—Go along this road, turn left at the first crossing. It’s on your right.
A.where is No.1 Secondary School
B.which is the way to No.1 Secondary School
C.where No.1 Secondary School is
D.how can I get to No.1 Secondary School
【单选题】—Jane, I wonder ________.
—The Book of Songs.
A.when you will choose the book for your report
B.who introduced this book to you
C.where you bought your favourite book
D.which book is your favourite
【单选题】I can’t decide________ .
A.to buy which watch
B.which watch to buy
C.I should buy which watch
D.which watch I should buy it",,,,莹莹,,,,,,,,,,,,,,,,,,,,,,,,,,,,,,,,
知识点->句法->主从复合句->宾语从句->宾语从句的引导词->whose引导宾语从句,"常见题型：单选题、填空题
题干关键词可能有：题干中主句谓语动词后跟涉及所属关系的从句；选项中含有whose且涉及语序问题；中文提示为“谁的”；题干中有所属的表述
涉及考查知识点有：① whose引导宾语从句时，whose在从句中充当定语，修饰名词，表示“谁的”，不能省略；② whose引导的宾语从句中，从句需用陈述句语序（如：I know whose pen this is，不能说I know whose pen is this）；③ whose引导的宾语从句时态需与主句保持一致（如：He asked whose car had broken down.）。","常见题型：单选题、填空题
题干关键词可能有：题干中主句谓语动词后跟涉及所属关系的从句；选项中含有whose且涉及语序问题；中文提示为“谁的”；题干中有所属的表述
涉及考查知识点有：① whose引导宾语从句时，whose在从句中充当定语，修饰名词，表示“谁的”，不能省略；② whose引导的宾语从句中，从句需用陈述句语序（如：I know whose pen this is，不能说I know whose pen is this）；③ whose引导的宾语从句时态需与主句保持一致（如：He asked whose car had broken down.）。",否,"【单选题】—Do you know ______ this iPhone X belongs to?
—Let me see. Oh, It’s ______.
A.whose; her
B.whose; hers
C.who; her
D.who; hers
【填空】Do you know    (who) idea it is to help the kids in the mountain village?
【选择题】She asked me if I knew ______.
A.whose pen is it
B.whose pen it was
C.whose pen it is
D.whose pen was it",,,,莹莹,,,,,,,,,,,,,,,,,,,,,,,,,,,,,,,,
知识点->句法->主从复合句->宾语从句->宾语从句的引导词->连接代词wh-ever引导宾语从句,"常见题型：单选题、填空题
题干关键词可能有：题干中主句谓语动词后跟一个从句，从句选项中含有wh-ever（whatever、whoever、whichever等）词；中文提示为“无论什么”“无论谁”“无论哪一个”或“任何……的东西/人”
涉及考查知识点有：① whatever引导宾语从句时，在从句中充当主语、宾语或表语，表示“无论什么”，相当于no matter what；② whoever引导宾语从句时，在从句中充当主语或宾语，表示“无论谁”，相当于no matter who；③ whichever引导宾语从句时，在从句中充当主语、宾语或定语，表示“无论哪一个”，相当于no matter which；④ wh-ever引导的宾语从句中，从句需用陈述句语序；⑤ wh-ever引导的宾语从句时态需与主句保持一致；⑥ wh-ever引导的宾语从句与no matter wh-的区别：wh-ever既可引导宾语从句，也可引导让步状语从句；no matter wh-只能引导让步状语从句，不能引导宾语从句。","常见题型：单选题、填空题
题干关键词可能有：题干中主句谓语动词后跟一个从句，从句选项中含有wh-ever（whatever、whoever、whichever等）词；中文提示为“无论什么”“无论谁”“无论哪一个”或“任何……的东西/人”
涉及考查知识点有：① whatever引导宾语从句时，在从句中充当主语、宾语或表语，表示“无论什么”，相当于no matter what；② whoever引导宾语从句时，在从句中充当主语或宾语，表示“无论谁”，相当于no matter who；③ whichever引导宾语从句时，在从句中充当主语、宾语或定语，表示“无论哪一个”，相当于no matter which；④ wh-ever引导的宾语从句中，从句需用陈述句语序；⑤ wh-ever引导的宾语从句时态需与主句保持一致；⑥ wh-ever引导的宾语从句与no matter wh-的区别：wh-ever既可引导宾语从句，也可引导让步状语从句；no matter wh-只能引导让步状语从句，不能引导宾语从句。",否,"【单选题】Eat ________ cake you like and leave the other for ________ comes late.
A.any; who
B.whichever, who
C.whatever; whoever
D.either: whoever
【单选题】I don’t believe ________ he says now. He is a cheat.
A.no matter what
B.everything
C.whatever
D.however
【填空题】It is always considered unwise to give children    (任何) they want.",,,,莹莹,,,,,,,,,,,,,,,,,,,,,,,,,,,,,,,,
知识点->句法->主从复合句->宾语从句->宾语从句的引导词->when引导宾语从句,"常见题型：单选题、完成句子
题干关键词可能有：题干中谓语动词后的从句有时间含义;选项中有when且涉及语序和时态;题目中涉及时间的表述
涉及考查知识点有：① when引导宾语从句时，when在从句中充当时间状语，表示“什么时候”，不能省略；② when引导的宾语从句中，从句需用陈述句语序；③ when引导的宾语从句时态需与主句保持一致，主句为过去时，从句也应用相应的过去时态（如：He asked when she would return.）；④ when与what time的区别：when表示大致时间，what time表示具体几点钟。","常见题型：单选题、完成句子
题干关键词可能有：题干中谓语动词后的从句有时间含义;选项中有when且涉及语序和时态;题目中涉及时间的表述
涉及考查知识点有：① when引导宾语从句时，when在从句中充当时间状语，表示“什么时候”，不能省略；② when引导的宾语从句中，从句需用陈述句语序；③ when引导的宾语从句时态需与主句保持一致，主句为过去时，从句也应用相应的过去时态（如：He asked when she would return.）；④ when与what time的区别：when表示大致时间，what time表示具体几点钟。",否,"【单选题】—I don’t know ________ the school art show will start next week.
—Miss Li said it would be Wednesday afternoon.
A.what
B.where
C.when
D.why
【单选题】—Christina, do you remember ________ the science festival?
—Of course! Last November. I enjoyed the colorful activities a lot.
A.when we held
B.when will we hold
C.when did we hold
D.when we will hold
【单选题】I don’t know when he ______ next week. When he ______ , please let me know.
A.will come; will come
B.will come; comes
C.comes; comes
D.comes; will come
【完成句子】When does the library open every day? (补充宾语从句)
Do you know                 every day?",,,,莹莹,,,,,,,,,,,,,,,,,,,,,,,,,,,,,,,,
知识点->句法->主从复合句->宾语从句->宾语从句的引导词->where引导宾语从句,"常见题型：单选题、完成句子
题干关键词可能有：题干中谓语动词后的从句有地点含义，选项中有where且涉及语序和时态，题干有地点的叙述
涉及考查知识点有：① where引导宾语从句时，where在从句中充当地点状语，表示“在哪里”，不能省略（如：I don't know where he lives.）；② where引导的宾语从句中，从句需用陈述句语序；③ where引导的宾语从句时态需与主句保持一致，主句为过去时，从句也应用相应的过去时态（如：He asked where she had gon）；④ where引导的宾语从句可以转换为“where+不定式”结构。","常见题型：单选题、完成句子
题干关键词可能有：题干中谓语动词后的从句有地点含义，选项中有where且涉及语序和时态，题干有地点的叙述
涉及考查知识点有：① where引导宾语从句时，where在从句中充当地点状语，表示“在哪里”，不能省略（如：I don't know where he lives.）；② where引导的宾语从句中，从句需用陈述句语序；③ where引导的宾语从句时态需与主句保持一致，主句为过去时，从句也应用相应的过去时态（如：He asked where she had gon）；④ where引导的宾语从句可以转换为“where+不定式”结构。",否,"【单选题】—Your stamps about pandas are so fantastic. Could you please tell me ________?
—Oh, I bought them in the post office next to the bank.
A.why did you buy them
B.where did you buy them
C.where you bought them
【完成句子】
Where did you find so many old newspapers?(补充宾语从句)
Could you please tell me              so many old newspapers?
【单选题】
Our English teacher told us to find out _______ the differences between American English and British English lie.
A.where
B.how
C.what
D.which",,,,莹莹,,,,,,,,,,,,,,,,,,,,,,,,,,,,,,,,
知识点->句法->主从复合句->宾语从句->宾语从句的引导词->how引导宾语从句,"常见题型：单选题、完成句子
题干关键词可能有：题干中谓语动词后的从句有方式、程度或状态含义；选项中有how且涉及语序和时态；中文提示为“怎样”“如何”“多么”
涉及考查知识点有：① how引导宾语从句时，how在从句中充当方式状语，表示“怎样、如何”，不能省略；② how引导的宾语从句中，从句需用陈述句语序；③ how引导的宾语从句时态需与主句保持一致；④ how引导的宾语从句可以转换为“how+不定式”结构（如：I don't know how to get there = I don't know how I can get there）。⑤ how引导的宾语从句可修饰形容词或副词，表示程度，常见结构有how much、how many、how long、how often、how far、how old、how tall等（如：I know how much it costs；She asked how long he would stay；Do you know how often they meet？）。","常见题型：单选题、完成句子
题干关键词可能有：题干中谓语动词后的从句有方式、程度或状态含义；选项中有how且涉及语序和时态；中文提示为“怎样”“如何”“多么”
涉及考查知识点有：① how引导宾语从句时，how在从句中充当方式状语，表示“怎样、如何”，不能省略；② how引导的宾语从句中，从句需用陈述句语序；③ how引导的宾语从句时态需与主句保持一致；④ how引导的宾语从句可以转换为“how+不定式”结构（如：I don't know how to get there = I don't know how I can get there）。⑤ how引导的宾语从句可修饰形容词或副词，表示程度，常见结构有how much、how many、how long、how often、how far、how old、how tall等（如：I know how much it costs；She asked how long he would stay；Do you know how often they meet？）。",否,"【单选题】—Could you tell me ________ the National Day holiday?
—I visited my grandparents.
A.how do you spend
B.how you spend
C.how did you spend
D.how you spent
【完成句子】我想知道这个自然奇观是如何形成的。
I          this natural wonder was formed.
【单选题】
Nobody knows ________ it will be before the Chinese football team enters the final stage of the World Cup.
A.how long
B.how soon
C.how often
D.how far",,,,莹莹,,,,,,,,,,,,,,,,,,,,,,,,,,,,,,,,
知识点->句法->主从复合句->宾语从句->宾语从句的引导词->why引导宾语从句,"常见题型：单选题、完成句子
题干关键词可能有：题干中谓语动词后的从句有原因含义；选项中有because且涉及语序和时态；中文提示为“为什么”“...的原因”
涉及考查知识点有：① why引导宾语从句时，why在从句中充当原因状语，表示“为什么”，不能省略；② why引导的宾语从句中，从句需用陈述句语序；③ why引导的宾语从句时态需与主句保持一致（如：He asked why she had left early.）。","常见题型：单选题、完成句子
题干关键词可能有：题干中谓语动词后的从句有原因含义；选项中有because且涉及语序和时态；中文提示为“为什么”“...的原因”
涉及考查知识点有：① why引导宾语从句时，why在从句中充当原因状语，表示“为什么”，不能省略；② why引导的宾语从句中，从句需用陈述句语序；③ why引导的宾语从句时态需与主句保持一致（如：He asked why she had left early.）。",否,"【单选题】The coach explained to us ________ hard work and perseverance ________ to success.
A.why; leads
B.that; lead
C.what; led
D.which; leading
【单选题】—I want to know ________.
—Because I keep practicing every day.Hard work really pays off.
A.how you succeeded in the match
B.why you succeeded in the match
C.how did you succeed in the match
D.why did you succeed in the match
【单选题】
The famous saying ""History，if not forgotten，can serve as a guide for the future"" tells us ___________.（　　）
A.what can we get from history
B.what the future will be like
C.why we should remember the past
D.how can we create a better future
【完成句子】我的朋友们也想知道我们为什么对科技节感兴趣。
My friends also wondered                     in the science festival.",,,,莹莹,,,,,,,,,,,,,,,,,,,,,,,,,,,,,,,,
知识点->句法->主从复合句->宾语从句->宾语从句的引导词->连接副词wh-ever/however引导宾语从句,"常见题型：单选题、完成句子
题干关键词可能有：题干中主句谓语动词后跟一个从句，从句含有“无论……”的含义；选项中有whatever、whenever、wherever、however等词，句意有“无论什么”“无论什么时候”“无论在哪里”“无论如何”的意思
涉及考查知识点有：① however引导宾语从句时，however在从句中充当方式状语，表示“无论如何、不管怎样”，相当于no matter how；② wherever引导宾语从句时，wherever在从句中充当地点状语，表示“无论在哪里”，相当于no matter where；③ whenever引导宾语从句时，whenever在从句中充当时间状语，表示“无论什么时候”，相当于no matter when；④ wh-ever引导的宾语从句中，从句需用陈述句语序；⑤ wh-ever引导的宾语从句时态需与主句保持一致。","常见题型：单选题、完成句子
题干关键词可能有：题干中主句谓语动词后跟一个从句，从句含有“无论……”的含义；选项中有whatever、whenever、wherever、however等词，句意有“无论什么”“无论什么时候”“无论在哪里”“无论如何”的意思
涉及考查知识点有：① however引导宾语从句时，however在从句中充当方式状语，表示“无论如何、不管怎样”，相当于no matter how；② wherever引导宾语从句时，wherever在从句中充当地点状语，表示“无论在哪里”，相当于no matter where；③ whenever引导宾语从句时，whenever在从句中充当时间状语，表示“无论什么时候”，相当于no matter when；④ wh-ever引导的宾语从句中，从句需用陈述句语序；⑤ wh-ever引导的宾语从句时态需与主句保持一致。",否,"【单选题】I'm a fan of the Chinese Woman's Volleyball Team. ______ happens, I'll support it strongly.
A.Whatever
B.Whenever
C.Whichever
D.However
【完成句子】John's parents love him very much. They give him w   he wants.
【单选题】______ I have stress, my best friend can always cheer me up.
A.However
B.Whatever
C.Whoever
D.Whenever",,,,莹莹,,,,,,,,,,,,,,,,,,,,,,,,,,,,,,,,
知识点->句法->主从复合句->宾语从句->宾语从句的时态->主现从不限,"常见题型：单选题、完成句子
题干关键词可能有：题干中主句谓语动词为一般现在时，空格位于从句动词位置；题干有时间状语（如now、next week、every day等）提示时态选择
涉及考查知识点有：① 当主句为一般现在时时，宾语从句的时态可根据实际情况使用任意时态，不受主句限制（如：She says that she will come tomorrow；He thinks that they have finished the work）。② 主句为一般现在时，从句表达客观真理或自然现象时，从句必须用一般现在时（如：The teacher says that the earth goes around the sun）。③ 主句为一般现在时，从句表达习惯性动作时，从句用一般现在时（如：He knows that she gets up early every day）。","常见题型：单选题、完成句子
题干关键词可能有：题干中主句谓语动词为一般现在时，空格位于从句动词位置；题干有时间状语（如now、next week、every day等）提示时态选择
涉及考查知识点有：① 当主句为一般现在时时，宾语从句的时态可根据实际情况使用任意时态，不受主句限制（如：She says that she will come tomorrow；He thinks that they have finished the work）。② 主句为一般现在时，从句表达客观真理或自然现象时，从句必须用一般现在时（如：The teacher says that the earth goes around the sun）。③ 主句为一般现在时，从句表达习惯性动作时，从句用一般现在时（如：He knows that she gets up early every day）。",否,"【单选题】—Let’s go boating if it ________ this weekend.
—But nobody knows if it ________.
A.is fine; will rain
B.will be fine; rains
C.will be fine; will rain
D.is fine; rains
【完成句子】Lingling says (that) she    (learn) to make spring rolls now.
【单选题】—Could you tell me           for Shanghai？
—Next week.（　　）
A.when they will leave
B.how they left
C.why they will leave
D.when they leave",,,,莹莹,,,,,,,,,,,,,,,,,,,,,,,,,,,,,,,,
知识点->句法->主从复合句->宾语从句->宾语从句的时态->主过从必过,"常见题型：单选题、完成句子
题干关键词可能有：题干中主句谓语动词为一般过去时，空格位于从句动词位置
涉及考查知识点有：① 当主句为一般过去时时，宾语从句必须使用相应的过去时态；② 主句为一般过去时，从句表达的动作与主句动作同时发生，从句用一般过去时或过去进行时（如：She told me that she was reading a book.）；③ 主句为一般过去时，从句表达的动作发生在主句动作之前，从句用过去完成时（如：He said that he had seen the movie.）；④  主句为一般过去时，从句表达客观真理或自然现象时，从句仍用一般现在时（如：The teacher told us that the earth goes around the sun.）。","常见题型：单选题、完成句子
题干关键词可能有：题干中主句谓语动词为一般过去时，空格位于从句动词位置
涉及考查知识点有：① 当主句为一般过去时时，宾语从句必须使用相应的过去时态；② 主句为一般过去时，从句表达的动作与主句动作同时发生，从句用一般过去时或过去进行时（如：She told me that she was reading a book.）；③ 主句为一般过去时，从句表达的动作发生在主句动作之前，从句用过去完成时（如：He said that he had seen the movie.）；④  主句为一般过去时，从句表达客观真理或自然现象时，从句仍用一般现在时（如：The teacher told us that the earth goes around the sun.）。",否,"【单选题】Jenny told me that I ________ to clean the classroom after class.
A.asked
B.was asked
C.have been asked
D.will ask
【单选题】—What did he say to you?
—He asked me________.
A.who will be here tomorrow
B.why did she refuse to come
C.that if I was ready
D.which one I liked better
【完成句子】Mr. Lu asked, ""Does the digital technology influence you a lot in your life?"" (改为间接引语)
Mr. Lu asked    the digital technology    you a lot in your life.",,,,莹莹,,,,,,,,,,,,,,,,,,,,,,,,,,,,,,,,
知识点->句法->主从复合句->宾语从句->宾语从句的时态->客观真理仍用现,"常见题型：单选题、完成句子
题干关键词可能有：题干中主句谓语动词为过去时，从句内容为科学事实、自然现象、格言谚语等客观真理，空格位于从句动词位置
涉及考查知识点有：① 无论主句是现在时还是过去时，如果宾语从句表达的是客观真理、自然现象或科学事实，从句一律用一般现在时（如：The teacher said that the earth goes around the sun；He told me that light travels faster than sound）。② 格言、谚语作为宾语从句时，也用一般现在时（如：My father told me that time waits for no man；She said that honesty is the best policy）。③ 数学、物理、化学等学科中的定理、公式作为宾语从句时，用一般现在时（如：The scientist proved that water boils at 100 degrees Celsius）。","常见题型：单选题、完成句子
题干关键词可能有：题干中主句谓语动词为过去时，从句内容为科学事实、自然现象、格言谚语等客观真理，空格位于从句动词位置
涉及考查知识点有：① 无论主句是现在时还是过去时，如果宾语从句表达的是客观真理、自然现象或科学事实，从句一律用一般现在时（如：The teacher said that the earth goes around the sun；He told me that light travels faster than sound）。② 格言、谚语作为宾语从句时，也用一般现在时（如：My father told me that time waits for no man；She said that honesty is the best policy）。③ 数学、物理、化学等学科中的定理、公式作为宾语从句时，用一般现在时（如：The scientist proved that water boils at 100 degrees Celsius）。",否,"【单选题】Yesterday the teacher told us that the earth _______ around the sun.
A.move
B.moved
C.is moving
D.moves
【单选题】Our teacher told us that sound _________faster in water than in the air.
A.travels
B.traveled
C.was traveling
D.has traveled
【完成句子】The moon moves around the earth.My sister told me.
My sister told me    the moon   around the earth.",,,,莹莹,,,,,,,,,,,,,,,,,,,,,,,,,,,,,,,,
知识点->句法->主从复合句->宾语从句->宾语从句的语序,"常见题型：单选题
题干关键词可能有：题干中主句后跟一个从句，选项中含有疑问语序和陈述语序两种形式
涉及考查知识点有：① 宾语从句必须使用陈述语序，即“引导词 + 主语 + 谓语 + 其他”，不能使用疑问语序；② 当引导词在从句中作主语时，从句语序为“引导词 + 谓语 + 其他”，此时引导词本身就是主语（如：I want to know who broke the window；He asked what happened yesterday）。","常见题型：单选题
题干关键词可能有：题干中主句后跟一个从句，选项中含有疑问语序和陈述语序两种形式
涉及考查知识点有：① 宾语从句必须使用陈述语序，即“引导词 + 主语 + 谓语 + 其他”，不能使用疑问语序；② 当引导词在从句中作主语时，从句语序为“引导词 + 谓语 + 其他”，此时引导词本身就是主语（如：I want to know who broke the window；He asked what happened yesterday）。",否,"【单选题】—The project is so difficult for your cousin.
—Yes, I am wondering ________.
A.that he will finish it on time
B.whether he can finish it by himself
C.how could I help him out
D.can I do anything necessary for him
【单选题】The idiom""A promise is a promise""tells us ________.
A.what promise we must keep
B.when do we make a promis
C.why should we make a promise
D.how important keeping a promise is
【单选题】—Could you tell me ________? He is wanted by the head teacher.
—Sorry, I've no idea. But he ________ here just now.
A.where Tom was, was
B.where Tom is, is
C.where is Tom, was
D.where Tom is, was",,,,莹莹,,,,,,,,,,,,,,,,,,,,,,,,,,,,,,,,
知识点->句法->主从复合句->宾语从句->宾语从句的否定转移,"常见题型：完成句子、单选题
题干关键词可能有：题干中主句谓语动词为think、believe、suppose、expect、imagine等表示“认为、猜想”的动词，中文句意为“我认为……不……”，空格位于主句谓语动词位置
涉及考查知识点有：① 当主句谓语动词为think、believe、suppose、expect、imagine等时，宾语从句的否定要转移到主句上，即将否定词not放在主句谓语动词之前，从句用肯定形式（如：I don't think he is right，不能说I think he is not right）；② 否定转移只适用于主句主语为第一人称（I/we）时（如：I don't think...；We don't believe...）。若主语是其他人称，则不发生否定转移（如：He doesn't think she is right）。③ 带有否定转移的句子翻译时，否定词应放在从句中理解（如：I don't think he will come，应理解为“我认为他不会来”）；④ 反意疑问句中，如果主句是I think/believe等加宾语从句，疑问部分应与从句保持一致（如：I don't think he is right, is he? 而不是aren't I?）。",第三轮：最终的高密度结构化释义：① 常见题型：完成句子、单选题；② 题干关键词：think、believe、suppose、expect、imagine，中文句意为“我认为……不……”，空格位于主句谓语动词位置；③ 涉及考查知识点有：宾语从句否定转移规则、否定转移句式翻译规则、否定转移句式反意疑问句构成规则；注意：否定转移仅适用于主句主语为第一人称I/we且谓语为上述表猜想类动词的场景，主句主语为非第一人称时不发生否定转移，不符合该适用条件的试题不打此标签。,否,"【单选题】I ________ think he ________ come tomorrow.
A./; won’t
B.don’t; will
C./; will be
D.don’t; won’t
【完成句子】I believe he will come. (变否定句)
I    he will come. 我相信他不会来。
【完成句子】我认为3D打印不会破坏环境，是吗？
I        3D printing will     the environment,          ?",,,,莹莹,,,,,,,,,,,,,,,,,,,,,,,,,,,,,,,,
知识点->句法->主从复合句->宾语从句->宾语从句的简化,"常见题型：完成句子、单选题
题干关键词可能有：题干中主句后跟一个宾语从句，要求将从句简化为“疑问词+不定式”结构，空格位于简化后的结构位置，中文提示为“怎样”“如何”“什么时候”“在哪里”等疑问含义
涉及考查知识点有：① 当主句谓语动词为know、learn、remember、forget、decide、tell、show、understand、wonder等，且宾语从句的主语与主句主语一致时，可将宾语从句简化为“疑问词+不定式”结构（如：I don't know what I should do → I don't know what to do）；② 疑问词包括what、which、when、where、how，但不包括why。","常见题型：完成句子、单选题
题干关键词可能有：题干中主句后跟一个宾语从句，要求将从句简化为“疑问词+不定式”结构，空格位于简化后的结构位置，中文提示为“怎样”“如何”“什么时候”“在哪里”等疑问含义
涉及考查知识点有：① 当主句谓语动词为know、learn、remember、forget、decide、tell、show、understand、wonder等，且宾语从句的主语与主句主语一致时，可将宾语从句简化为“疑问词+不定式”结构（如：I don't know what I should do → I don't know what to do）；② 疑问词包括what、which、when、where、how，但不包括why。",否,"【完成句子】学习怎样照顾你自己是很重要的。
It is important to learn       take care of yourself.
【完成句子】你能告诉我怎样到达山顶吗？
Can you tell me                 to the top of the mountain?
【单选题】—Could you show me ________ again? I still don’t understand it.
—Of course.
A.how to do it
B.how to do
C.to do what
D.what to do it",,,,莹莹,,,,,,,,,,,,,,,,,,,,,,,,,,,,,,,,
知识点->句法->主从复合句->宾语从句->直接引语和间接引语的转换,"常见题型：完成句子、同义句转化、改写句子
题干关键词可能有：
涉及考查知识点有：① 主句动词为say/said/tell/told等陈述动词时，引导词用that（that可省略），人称和时态需相应改变（如：He said, “I am busy.” → He said that he was busy）；② 主句动词为ask/asked时，若原句为一般疑问句，引导词用if或whether（如：He asked, “Are you ready?” → He asked if I was ready）；若原句为特殊疑问句，引导词用原疑问词（如：She asked, “Where do you live?” → She asked where I lived）；③ 主句为过去时时，从句时态要变为相应的过去时态，客观真理时态不变；④ 人称相应改变。","常见题型：完成句子、同义句转化、改写句子
题干关键词可能有：
涉及考查知识点有：① 主句动词为say/said/tell/told等陈述动词时，引导词用that（that可省略），人称和时态需相应改变（如：He said, “I am busy.” → He said that he was busy）；② 主句动词为ask/asked时，若原句为一般疑问句，引导词用if或whether（如：He asked, “Are you ready?” → He asked if I was ready）；若原句为特殊疑问句，引导词用原疑问词（如：She asked, “Where do you live?” → She asked where I lived）；③ 主句为过去时时，从句时态要变为相应的过去时态，客观真理时态不变；④ 人称相应改变。",否,"【句型转换】I asked Tammy if she had done the cooking herself the day before.（改为直接引语）
I asked Tammy,""      you      the cooking yourself yesterday？""
【完成句子】“When can I start working from home?” Ben asked the manager. (改成间接引语)
Ben asked the manager    he    start working from home.
【完成句子】“Do you like swimming?” he asked me. (改为间接引语)
He asked me    I    swimming.",,,,莹莹,,,,,,,,,,,,,,,,,,,,,,,,,,,,,,,,
知识点->句法->主从复合句->状语从句->时间状语从句->时间状语从句的引导词和时态,"常见题型：单选题、完成句子
题干关键词可能有：题干中两个动作发生有时间先后或同时进行的关系，空格位于引导词位置或动词位置，选项为when、while、before、after、until、as soon as、since等连词；或涉及时态选择；中文提示为“当……的时候”“在……之前/之后”“直到……才……”“一……就……”“自从……”等
涉及考查知识点有：① 时间状语从句的引导词包括when（当……时）、while（当……期间，侧重动作持续）、as（一边……一边……）、before（在……之前）、after（在……之后）、until/till（直到……为止）、since（自从……以来）、as soon as（一……就……）；② 主句是一般将来时或祈使句时，时间状语从句用一般现在时表示将来；③ while引导的从句中，动词通常用进行时态，表示动作持续进行；④ since引导的从句用一般过去时，主句用现在完成时；⑤ until引导时间状语从句时，主句用肯定式表示动作持续到until引导的时间结束（如：He waited until she came back）；主句用否定式（not until）表示动作直到until引导的时间才开始（如：He didn't leave until she came back）。⑥ before和after引导的从句，主句和从句的时态根据动作先后顺序确定。",第三轮：最终的高密度结构化释义。① 常见题型：单选题、完成句子；② 题干关键词：when、while、before、after、until、as soon as、since；中文提示“当……的时候”“在……之前/之后”“直到……才……”“一……就……”“自从……”；题干特征：两个动作存在时间先后或同时进行关系，空格位于引导词或动词位置，涉及时态选择；③ 涉及考查知识点有：时间状语从句引导词辨析；时间状语从句“主将从现”规则；while引导从句的动词时态要求；since引导的主从句时态对应规则；until引导从句的肯定/否定主句语义及时态规则；before、after引导从句的时态匹配规则；注意：无明确说明,否,,,,,莹莹,,,,,,,,,,,,,,,,,,,,,,,,,,,,,,,,
知识点->句法->主从复合句->状语从句->时间状语从句->when和while引导的时间状语从句,"常见题型：单选题、完成句子
题干关键词可能有：题干中包含when或while引导的时间状语从句，空格位于主句或从句的动词位置，选项涉及时态选择（一般过去时、过去进行时）；或空格位于引导词位置，选项为when、while、before、after等连词，中文提示为“当……的时候”
涉及考查知识点有：① when引导的时间状语从句，表示短暂性动作或持续性动作，从句动词可用一般时或进行时；② while引导的时间状语从句，表示持续性动作，从句动词常用进行时；③ when和while的区别：when强调一个动作发生时另一个动作正在进行；while强调两个动作同时持续进行；④ 主句和从句主语一致时，when/while引导的从句可省略主语和be动词（如：When crossing the road, be careful.）。","常见题型：单选题、完成句子
题干关键词可能有：题干中包含when或while引导的时间状语从句，空格位于主句或从句的动词位置，选项涉及时态选择（一般过去时、过去进行时）；或空格位于引导词位置，选项为when、while、before、after等连词，中文提示为“当……的时候”
涉及考查知识点有：① when引导的时间状语从句，表示短暂性动作或持续性动作，从句动词可用一般时或进行时；② while引导的时间状语从句，表示持续性动作，从句动词常用进行时；③ when和while的区别：when强调一个动作发生时另一个动作正在进行；while强调两个动作同时持续进行；④ 主句和从句主语一致时，when/while引导的从句可省略主语和be动词（如：When crossing the road, be careful.）。",否,,,,,莹莹,,,,,,,,,,,,,,,,,,,,,,,,,,,,,,,,
知识点->句法->主从复合句->状语从句->条件状语从句->条件状语从句的引导词,"常见题型：单选题、填空题
题干关键词可能有：空格位于引导词位置（考查if/unless的选择），中文提示为“如果”或“除非”
涉及考查知识点有：① 条件状语从句的引导词包括if（如果）、unless（如果不、除非，相当于if not）、as long as（只要）。主句是一般将来时或祈使句时，从句用一般现在时表示将来；② 条件状语从句可转换为“祈使句+and/or+陈述句”结构（如：If you work hard, you will succeed → Work hard, and you will succeed）；③ unless本身已含否定意义，从句中不再加否定词。","常见题型：单选题、填空题
题干关键词可能有：空格位于引导词位置（考查if/unless的选择），中文提示为“如果”或“除非”
涉及考查知识点有：① 条件状语从句的引导词包括if（如果）、unless（如果不、除非，相当于if not）、as long as（只要）。主句是一般将来时或祈使句时，从句用一般现在时表示将来；② 条件状语从句可转换为“祈使句+and/or+陈述句”结构（如：If you work hard, you will succeed → Work hard, and you will succeed）；③ unless本身已含否定意义，从句中不再加否定词。",否,,,,,莹莹,,,,,,,,,,,,,,,,,,,,,,,,,,,,,,,,
知识点->句法->主从复合句->状语从句->条件状语从句->条件状语从句的时态,"常见题型：单选题、完成句子
题干关键词可能有：题干中包含if或unless引导的条件状语从句，空格位于从句动词位置（考查主将从现）
涉及考查知识点有：① 条件状语从句中，主句是一般将来时或祈使句时，从句用一般现在时表示将来（如：If you have a healthy lifestyle, you will be full of energy）；② 主句含有情态动词（can、may、must、should等）时，从句也用一般现在时（如：You can pass the exam if you listen to the teacher carefully）。","常见题型：单选题、完成句子
题干关键词可能有：题干中包含if或unless引导的条件状语从句，空格位于从句动词位置（考查主将从现）
涉及考查知识点有：① 条件状语从句中，主句是一般将来时或祈使句时，从句用一般现在时表示将来（如：If you have a healthy lifestyle, you will be full of energy）；② 主句含有情态动词（can、may、must、should等）时，从句也用一般现在时（如：You can pass the exam if you listen to the teacher carefully）。",否,,,,,莹莹,,,,,,,,,,,,,,,,,,,,,,,,,,,,,,,,
知识点->句法->主从复合句->状语从句->让步状语从句,"常见题型：单选题、完成句子
题干关键词可能有：中文提示为“尽管……”，空格位于句首；或题干前后分句为让步关系，空格位于句首引导词位置，选项为Although与其他连词；或题干同时出现Although和but考查两者不能连用
涉及考查知识点有：① 让步状语从句的引导词包括although（虽然）、though（虽然）、even if（即使）、even though（尽管）。从句表示让步，主句表示结果；② although和though不能与but同时使用，但可以与still、yet连用；③ though可以用于倒装句（如：Young though he is, he knows a lot），although不能用于倒装。","常见题型：单选题、完成句子
题干关键词可能有：中文提示为“尽管……”，空格位于句首；或题干前后分句为让步关系，空格位于句首引导词位置，选项为Although与其他连词；或题干同时出现Although和but考查两者不能连用
涉及考查知识点有：① 让步状语从句的引导词包括although（虽然）、though（虽然）、even if（即使）、even though（尽管）。从句表示让步，主句表示结果；② although和though不能与but同时使用，但可以与still、yet连用；③ though可以用于倒装句（如：Young though he is, he knows a lot），although不能用于倒装。",否,,,,,莹莹,,,,,,,,,,,,,,,,,,,,,,,,,,,,,,,,
知识点->句法->主从复合句->状语从句->原因状语从句,"常见题型：单选题、完成句子
题干关键词可能有：题干前后分句为因果关系，空格位于引导词位置，中文提示为“因为”“由于”，选项中有because、since、as等连词；或题干有Why
涉及考查知识点有：① 原因状语从句的引导词包括because（因为）、since（既然、因为）、as（由于）；② because不能与so同时使用③ because引导的从句可放在主句前或主句后；since和as引导的从句通常放在句首；④ because of是介词短语，后接名词或代词，不能接从句。","常见题型：单选题、完成句子
题干关键词可能有：题干前后分句为因果关系，空格位于引导词位置，中文提示为“因为”“由于”，选项中有because、since、as等连词；或题干有Why
涉及考查知识点有：① 原因状语从句的引导词包括because（因为）、since（既然、因为）、as（由于）；② because不能与so同时使用③ because引导的从句可放在主句前或主句后；since和as引导的从句通常放在句首；④ because of是介词短语，后接名词或代词，不能接从句。",否,,,,,莹莹,,,,,,,,,,,,,,,,,,,,,,,,,,,,,,,,
知识点->句法->主从复合句->状语从句->目的状语从句,"常见题型：单选题、完成句子
题干关键词可能有：题干前后分句为目的关系，空格位于引导词位置，中文提示为“为了”“以便”，选项中有so that、in order that等
涉及考查知识点有：① 目的状语从句的引导词有so that和in order that，表示“为了、以便”，从句谓语常含有can、could、may、might、will、would等情态动词（如：I got up early so that I could catch the bus.）；② in order that可与so that互换，但更正式，可放在句首（如：In order that he could pass the exam, he studied hard）；③ 目的状语从句可简化为in order to或so as to短语。","常见题型：单选题、完成句子
题干关键词可能有：题干前后分句为目的关系，空格位于引导词位置，中文提示为“为了”“以便”，选项中有so that、in order that等
涉及考查知识点有：① 目的状语从句的引导词有so that和in order that，表示“为了、以便”，从句谓语常含有can、could、may、might、will、would等情态动词（如：I got up early so that I could catch the bus.）；② in order that可与so that互换，但更正式，可放在句首（如：In order that he could pass the exam, he studied hard）；③ 目的状语从句可简化为in order to或so as to短语。",否,,,,,莹莹,,,,,,,,,,,,,,,,,,,,,,,,,,,,,,,,
知识点->句法->主从复合句->状语从句->结果状语从句,"常见题型：单选题、完成句子
题干关键词可能有：题干前后分句为因果关系（前因后果），空格位于引导词位置，中文提示为“如此……以至于……”，选项中有so...that、such...that等
涉及考查知识点有：① 结果状语从句的引导词有so...that和such...that，表示“如此……以至于……”，从句表示主句动作产生的结果（如：He ran so fast that I couldn't catch him）；② so...that结构：so后接形容词或副词（so + adj./adv. + that），也可接“many/much/few/little + 名词”（如：so many people that...；so much noise that...）；③ such...that结构：such后接名词短语（such + a/an + adj. + 可数名词单数 + that；such + adj. + 可数名词复数/不可数名词 + that）；④ so和such的转换：so + adj. + a/an + 名词 = such + a/an + adj. + 名词（如：so beautiful a flower = such a beautiful flower）。","① 常见题型：单选题、完成句子
② 题干关键词：题干前后分句为前因后果的因果关系，空格位于引导词位置，中文提示“如此……以至于……”，选项含so...that、such...that
③ 涉及考查知识点有：结果状语从句引导词so...that与such...that的语义用法；so...that结构搭配规则；such...that结构搭配规则；so与such的结构转换规则
注意：无明确说明",否,,,,,莹莹,,,,,,,,,,,,,,,,,,,,,,,,,,,,,,,,
知识点->句法->主从复合句->状语从句->方式状语从句,"常见题型：单选题、完成句子
题干关键词可能有：题干前后分句为方式关系，空格位于引导词位置，中文提示为“像……一样”“按照……的方式”，选项中有as、as if、as though等
涉及考查知识点有：① 方式状语从句的引导词有as（按照、像……一样）、as if（仿佛、好像）、as though（仿佛、好像）。从句表示主句动作发生的方式（如：Please do as I told you；He looks as if he is tired）。② as引导的方式状语从句表示“按照……的方式”（如：You should do as your teacher says；Leave it as it is）。③ as if和as though引导的方式状语从句表示“好像、仿佛”（如：It looks as if it is going to rain；He sounds as though he is angry）。","常见题型：单选题、完成句子
题干关键词可能有：题干前后分句为方式关系，空格位于引导词位置，中文提示为“像……一样”“按照……的方式”，选项中有as、as if、as though等
涉及考查知识点有：① 方式状语从句的引导词有as（按照、像……一样）、as if（仿佛、好像）、as though（仿佛、好像）。从句表示主句动作发生的方式（如：Please do as I told you；He looks as if he is tired）。② as引导的方式状语从句表示“按照……的方式”（如：You should do as your teacher says；Leave it as it is）。③ as if和as though引导的方式状语从句表示“好像、仿佛”（如：It looks as if it is going to rain；He sounds as though he is angry）。",否,,,,,莹莹,,,,,,,,,,,,,,,,,,,,,,,,,,,,,,,,
知识点->句法->主从复合句->状语从句->地点状语从句,"常见题型：单选题、完成句子
题干关键词可能有：题干前后分句为地点关系，空格位于引导词位置，中文提示为“在……的地方”“无论哪里”，选项中有where、wherever等
涉及考查知识点有：① 地点状语从句的引导词有where（在……的地方）和wherever（无论哪里），从句表示主句动作发生的地点；；② where引导的地点状语从句表示具体的地点（如：Stay where you are）；③ wherever引导的地点状语从句表示“无论哪里”，相当于no matter where（如：Wherever you go, I will follow you）。","常见题型：单选题、完成句子
题干关键词可能有：题干前后分句为地点关系，空格位于引导词位置，中文提示为“在……的地方”“无论哪里”，选项中有where、wherever等
涉及考查知识点有：① 地点状语从句的引导词有where（在……的地方）和wherever（无论哪里），从句表示主句动作发生的地点；；② where引导的地点状语从句表示具体的地点（如：Stay where you are）；③ wherever引导的地点状语从句表示“无论哪里”，相当于no matter where（如：Wherever you go, I will follow you）。",否,,,,,莹莹,,,,,,,,,,,,,,,,,,,,,,,,,,,,,,,,
知识点->句法->主从复合句->状语从句->比较状语从句,"常见题型：单选题、完成句子
题干关键词可能有：题干中出现as...as、not so/as...as或than结构，空格位于形容词/副词原级或比较级位置；句意有“和……一样”“不如……”或“比……更……”
涉及考查知识点有：① 比较状语从句的引导词有than（比）和as...as（和……一样）。从句表示比较的对象（如：He runs faster than I do）。② than引导的比较状语从句表示两者之间的比较，从句中与主句重复的部分常省略（如：He is taller than I (am)）。③ as...as引导的比较状语从句表示两者程度相同，第一个as后接形容词或副词原级，第二个as引导从句（如：He runs as fast as I do；）。④ 否定形式为not as/so...as，表示“不如……”（如：He is not as tall as his brother）。⑤比较级前可用much、even、a little、far等修饰（如：He is much taller than I）。","常见题型：单选题、完成句子
题干关键词可能有：题干中出现as...as、not so/as...as或than结构，空格位于形容词/副词原级或比较级位置；句意有“和……一样”“不如……”或“比……更……”
涉及考查知识点有：① 比较状语从句的引导词有than（比）和as...as（和……一样）。从句表示比较的对象（如：He runs faster than I do）。② than引导的比较状语从句表示两者之间的比较，从句中与主句重复的部分常省略（如：He is taller than I (am)）。③ as...as引导的比较状语从句表示两者程度相同，第一个as后接形容词或副词原级，第二个as引导从句（如：He runs as fast as I do；）。④ 否定形式为not as/so...as，表示“不如……”（如：He is not as tall as his brother）。⑤比较级前可用much、even、a little、far等修饰（如：He is much taller than I）。",否,,,,,莹莹,,,,,,,,,,,,,,,,,,,,,,,,,,,,,,,,
知识点->句法->主从复合句->定语从句->限制性定语从句->that引导限制性定语从句,"常见题型：单选题、完成句子
题干关键词可能有：题干中先行词后跟一个从句，空格位于先行词之后，选项中有that、which、who、whom等关系词，先行词为物、人或不定代词等
涉及考查知识点有：：① that引导限制性定语从句时，既可指人也可指物，在从句中作主语或宾语（如：He is the man that helped me，that作主语；This is the book that I bought yesterday，that作宾语）。② that在定语从句中作宾语时可省略（如：This is the book (that) I bought yesterday）。③ 只能用that的情况：先行词为all、everything、nothing、something、anything、little、much、none等不定代词时；先行词被序数词或最高级修饰时；先行词被the only、the very、the same、the last等修饰时；先行词既有人又有物时（如：He talked about the people and things that he remembered）。④ 不能用that的情况：非限制性定语从句中（如：He has a car, which is very expensive）；介词后（如：This is the room in which he lived，不能说in that）。",第三轮：最终的高密度结构化释义。① 常见题型：单选题、完成句子② 题干关键词：先行词后接从句，空格位于先行词后，选项含that、which、who、whom，先行词为人、物、不定代词（all、everything、nothing、something、anything、little、much、none），先行词被序数词、最高级、the only、the very、the same、the last修饰③ 涉及考查知识点有：that引导限制性定语从句的指代规则、that作定语从句宾语的省略规则、限制性定语从句中只能用that的情形、定语从句中不能用that的情形注意：非限制性定语从句、介词后不能用that；题干未考察that在定语从句中的相关用法时不打此标签,否,,,,,莹莹,,,,,,,,,,,,,,,,,,,,,,,,,,,,,,,,
知识点->句法->主从复合句->定语从句->限制性定语从句->which引导限制性定语从句,"常见题型：单选题、完成句子
题干关键词可能有：题干中先行词后跟一个从句，先行词为物，空格位于介词之后或先行词之后，选项中有which、that等关系词
涉及考查知识点有：① which引导限制性定语从句时，指物，在从句中作主语或宾语（如：This is the book which I bought yesterday，which作宾语；The car which is red is mine，which作主语）。② which在定语从句中作宾语时可省略（如：This is the book (which) I bought yesterday）。③ which与that的区别：which只能指物，that可指人或物；which可用于介词后，that不能（如：This is the room in which he lived，不能说in that）。","常见题型：单选题、完成句子
题干关键词可能有：题干中先行词后跟一个从句，先行词为物，空格位于介词之后或先行词之后，选项中有which、that等关系词
涉及考查知识点有：① which引导限制性定语从句时，指物，在从句中作主语或宾语（如：This is the book which I bought yesterday，which作宾语；The car which is red is mine，which作主语）。② which在定语从句中作宾语时可省略（如：This is the book (which) I bought yesterday）。③ which与that的区别：which只能指物，that可指人或物；which可用于介词后，that不能（如：This is the room in which he lived，不能说in that）。",否,,,,,莹莹,,,,,,,,,,,,,,,,,,,,,,,,,,,,,,,,
知识点->句法->主从复合句->定语从句->限制性定语从句->who引导限制性定语从句,"常见题型：单选题、完成句子
题干关键词可能有：题干中先行词后跟一个从句，先行词为人，空格位于先行词之后，选项中有who、that、whom等关系词
涉及考查知识点有：① who引导限制性定语从句时，指人，在从句中作主语（如：He is the man who helped me；I like teachers who are patient）。② who在定语从句中作主语时不能省略。③ who与that的区别：who只能指人，that可指人或物；who在从句中只能作主语，作宾语时用whom或that（如：He is the man whom/that I met yesterday）。④ 先行词是one、ones、anyone、those等指人的不定代词时，常用who（如：Anyone who breaks the rule will be punished）。","常见题型：单选题、完成句子
题干关键词可能有：题干中先行词后跟一个从句，先行词为人，空格位于先行词之后，选项中有who、that、whom等关系词
涉及考查知识点有：① who引导限制性定语从句时，指人，在从句中作主语（如：He is the man who helped me；I like teachers who are patient）。② who在定语从句中作主语时不能省略。③ who与that的区别：who只能指人，that可指人或物；who在从句中只能作主语，作宾语时用whom或that（如：He is the man whom/that I met yesterday）。④ 先行词是one、ones、anyone、those等指人的不定代词时，常用who（如：Anyone who breaks the rule will be punished）。",否,"【单选题】The first man ________ walked on the moon was Neil Armstrong.
A.who
B.whom
C.which
D.whose
【单选题】We should help those people ________ are in trouble.
A.who
B.which
C.whom
D.whose
【翻译题】对于热爱海洋的人来说，造访the Great Barrier Reef堪称一生的梦想！",,,,莹莹,,,,,,,,,,,,,,,,,,,,,,,,,,,,,,,,
知识点->句法->主从复合句->定语从句->限制性定语从句->whom引导限制性定语从句,"常见题型：单选题、完成句子
题干关键词可能有：题干中先行词后跟一个从句，先行词为人，空格位于先行词之后或介词之后，选项中有whom、who、that等关系词
涉及考查知识点有：① whom引导限制性定语从句时，指人，在从句中作宾语（如：He is the man whom I met yesterday）。② whom在定语从句中作宾语时可省略，或用who或that代替（如：He is the man (whom/who/that) I met yesterday）。③ 介词后只能用whom，不能用who或that（如：This is the teacher to whom I spoke，不能说to who或to that）。④ 先行词是those、one、ones等指人的不定代词且作宾语时，可用whom。","常见题型：单选题、完成句子
题干关键词可能有：题干中先行词后跟一个从句，先行词为人，空格位于先行词之后或介词之后，选项中有whom、who、that等关系词
涉及考查知识点有：① whom引导限制性定语从句时，指人，在从句中作宾语（如：He is the man whom I met yesterday）。② whom在定语从句中作宾语时可省略，或用who或that代替（如：He is the man (whom/who/that) I met yesterday）。③ 介词后只能用whom，不能用who或that（如：This is the teacher to whom I spoke，不能说to who或to that）。④ 先行词是those、one、ones等指人的不定代词且作宾语时，可用whom。",否,"【单选题】—I have some problems, but I don't know ________ I can discuss them with.
—Well, I think you can talk to your family or teachers.
A.when
B.whom
C.how
D.why
【单选题】He is the boy  ________  we played basketball with last weekend.
A.who
B.which
C.whom
D.whose
【完成句子】用正确的关系词合并句子
The school has excellent teachers. Students learn a lot from them.",,,,莹莹,,,,,,,,,,,,,,,,,,,,,,,,,,,,,,,,
知识点->句法->主从复合句->定语从句->限制性定语从句->whose引导限制性定语从句,"常见题型：单选题、完成句子
题干关键词可能有：题干中先行词后跟一个从句，先行词为人或物，空格位于先行词之后，选项中有whose，中文提示为“……的”
涉及考查知识点有：① whose引导限制性定语从句时，表示所属关系，意为“……的”，在从句中作定语，修饰名词，既可指人也可指物（如：He is the boy whose father is a doctor）。② whose引导的定语从句中，whose后必须接名词，不能省略（如：The girl whose bag is red is my sister）。③ whose与of which的转换：指物时，whose + 名词 = the + 名词 + of which（如：a house whose windows face south = a house the windows of which face south）。","常见题型：单选题、完成句子
题干关键词可能有：题干中先行词后跟一个从句，先行词为人或物，空格位于先行词之后，选项中有whose，中文提示为“……的”
涉及考查知识点有：① whose引导限制性定语从句时，表示所属关系，意为“……的”，在从句中作定语，修饰名词，既可指人也可指物（如：He is the boy whose father is a doctor）。② whose引导的定语从句中，whose后必须接名词，不能省略（如：The girl whose bag is red is my sister）。③ whose与of which的转换：指物时，whose + 名词 = the + 名词 + of which（如：a house whose windows face south = a house the windows of which face south）。",否,"【单选题】China is trying to find ways to take care of the children _______ parents have left their homes to work in cities．
A.that
B.who
C.whose
D.which
【单选题】—Do you know the boy ______spoken English is excellent？
—Oh，he is Wang Wei，our monitor.
A.who
B.whose
C.whom
D.which
【完成句子】
The natural beauty of the lake makes it a popular tourist spot. (改为定语从句)
The lake,     natural beauty is amazing, has become a popular tourist spot.",,,,莹莹,,,,,,,,,,,,,,,,,,,,,,,,,,,,,,,,
知识点->句法->主从复合句->定语从句->限制性定语从句->介词+关系代词引导限制性定语从句,"常见题型：单选题、完成句子
题干关键词可能有：题干中先行词后跟一个从句，空格位于介词之后或先行词之后，选项中有“介词+which/whom”结构
涉及考查知识点有：① “介词+关系代词”引导定语从句时，指人用whom，指物用which（如：This is the man to whom I spoke；This is the house in which I live）。② 介词的选择取决于先行词的习惯搭配或从句中动词的搭配（如：the day on which I was born；the pen with which I write）。③ 介词可移至从句末尾，此时关系代词可用which、whom、who、that或省略（如：This is the man to whom I spoke = This is the man I spoke to）。④ 短语动词（如look for、look after）中的介词不能提前（如：This is the baby whom I look after，不能说after whom I look）。⑤ 常见结构：in which（在……里）、on which（在……上）、for which（为了……）、with which（用……）、to whom（对……）、from whom（从……）。",第三轮：最终的高密度结构化释义。① 常见题型：单选题、完成句子；② 题干关键词：先行词后跟从句，空格位于介词之后或先行词之后，选项有“介词+which/whom”结构；③ 涉及考查知识点有：“介词+关系代词”引导定语从句指代规则（指人用whom、指物用which），介词选择规则（依先行词习惯搭配/从句动词搭配确定），介词移位规则（介词移至从句末尾时关系代词可用which/whom/who/that或省略），短语动词介词使用限制，常见“介词+关系代词”固定结构；注意：短语动词中的介词不可提前构成“介词+关系代词”前置结构,否,"【完成句子】The factory where my father worked was closed last year. (改为同义句)The factory           my father worked was closed last year.
【单选题】He has entered the house    the famous pictures are kept.
A.which
B.that
C.in which
D.in that
【单选题】This is the town_____ I was born last year.
A.when
B.in which
C.which
D.who",,,,莹莹,,,,,,,,,,,,,,,,,,,,,,,,,,,,,,,,
知识点->句法->主从复合句->定语从句->限制性定语从句->when引导限制性定语从句,"常见题型：单选题、填空题、完成句子
题干关键词可能有：题干中先行词后跟一个从句，先行词为时间名词（如day、year、time、moment等），空格位于先行词之后，选项中有when、that、which等关系词
涉及考查知识点有：① when引导限制性定语从句时，先行词是时间名词，when在从句中作时间状语（如：I still remember the day when I first met him）。② when可替换为“介词+which”（如：the day when I met him = the day on which I met him）。③ when在定语从句中作状语，不能作主语或宾语（如：I remember the day when he came，不能说I remember the day when he visited，因为visited缺宾语）。④ 先行词是time、moment等表示时间的名词时，常用when引导（如：This was the moment when she realized the truth）。⑤ when引导定语从句与when引导时间状语从句的区别：when前有先行词时是定语从句，没有先行词时是状语从句（如：I remember the day when he left（定语从句）；When he left, I cried（状语从句））。",第三轮：最终的高密度结构化释义如下：① 常见题型：单选题、填空题、完成句子；② 题干关键词：先行词为时间名词（day、year、time、moment）、先行词后接从句、空格位于先行词之后、关系词when、that、which；③ 涉及考查知识点有：when引导限制性定语从句的用法、when与“介词+which”的替换规则、when在定语从句中的成分要求、time/moment类时间名词作先行词的引导词适用规则、when引导定语从句与时间状语从句的区分规则；注意：when在定语从句中仅可作时间状语，不可作主语或宾语；when前无先行词的时间状语从句不打此标签,否,"【单选题】I can never forget the day _____ we worked together and the day _____we spent together.（　　）
A.when；which
B.which；when
C.what；that
D.on which；when
【单选题】I still remember the day ________ I first came to this city.
A.when
B.where
C.why
D.that
【填空】
The time      we had the meeting was not convenient for everyone.",,,,莹莹,,,,,,,,,,,,,,,,,,,,,,,,,,,,,,,,
知识点->句法->主从复合句->定语从句->限制性定语从句->where引导限制性定语从句,"常见题型：单选题、完成句子
题干关键词可能有：题干中先行词后跟一个从句，先行词为地点名词（如place、room、house、city等），空格位于先行词之后，选项中有where、that、which等关系词
涉及考查知识点有：① where引导限制性定语从句时，先行词是地点名词，where在从句中作地点状语（如：This is the school where I studied）。② where可替换为“介词+which”（如：the school where I studied = the school in which I studied）。③ where在定语从句中作状语，不能作主语或宾语。④ 先行词是place、room、area等表示地点的名词时，常用where引导（如：This is the place where we met）。⑤ where引导定语从句与where引导地点状语从句的区别：where前有先行词时是定语从句，没有先行词时是状语从句（如：This is the park where I often walk（定语从句）；Where there is a will, there is a way（状语从句））。",第三轮：最终的高密度结构化释义。① 常见题型：单选题、完成句子② 题干关键词：先行词为地点名词（place、room、house、city、area），先行词后接从句，空格位于先行词之后，选项包含where、that、which关系词③ 涉及考查知识点有：where引导限制性定语从句的用法，where与“介词+which”的替换规则，where在定语从句中的成分限制，地点名词作先行词时where的使用规则，where引导定语从句与地点状语从句的区分规则注意：where在定语从句中仅可作状语，不可作主语或宾语；where前无先行词时属于地点状语从句考点，不打此标签,否,"【单选题】Was it in the room _________ Mr. Johnson lived _________ the exhibition was held?
A.which; that
B.where; that
C.where; where
D.where; which
【单选题】Who can think of a situation _______ this idiom can be used?
A.which
B.that
C.where
D.in that
【完成句子】The weather is always warm in these places. I like them. (合并为一句)
I like the places     the weather     always warm.",,,,莹莹,,,,,,,,,,,,,,,,,,,,,,,,,,,,,,,,
知识点->句法->主从复合句->定语从句->限制性定语从句->why引导限制性定语从句,"常见题型：单选题、完成句子
题干关键词可能有：题干中先行词reason后跟一个从句，空格位于reason之后，选项中有why
涉及考查知识点有：① why引导限制性定语从句时，先行词只能是reason，why在从句中作原因状语（如：This is the reason why I was late）。② why可替换为for which（如：the reason why he left = the reason for which he left）。③ 先行词reason后，若从句缺主语或宾语，用that或which（如：The reason that he gave was wrong）；若从句缺状语，用why（如：The reason why he was late is clear）。","常见题型：单选题、完成句子
题干关键词可能有：题干中先行词reason后跟一个从句，空格位于reason之后，选项中有why
涉及考查知识点有：① why引导限制性定语从句时，先行词只能是reason，why在从句中作原因状语（如：This is the reason why I was late）。② why可替换为for which（如：the reason why he left = the reason for which he left）。③ 先行词reason后，若从句缺主语或宾语，用that或which（如：The reason that he gave was wrong）；若从句缺状语，用why（如：The reason why he was late is clear）。",否,"【单选题】The reason ________ he was late ________ he missed the bus.
A.why; is that
B.why; is because
C.that; is that
D.because; is
【单选题】The reason _______ the little actress has been such a success is _______ both clever and hard-working.
A.why, why
B.why, that
C.that, because
D.for, because
【填空】We should prepare for natural disasters because they are unpredictable.（改为复合句，用reason引导）
The reason     we should prepare for natural disasters           they are unpredictable.",,,,莹莹,,,,,,,,,,,,,,,,,,,,,,,,,,,,,,,,
知识点->句法->主从复合句->定语从句->限制性定语从句->as引导限制性定语从句,"常见题型：单选题、填空题、完成句子
题干关键词可能有：题干中有the same/such，空格位于句首引导词位置，选项中有As
涉及考查知识点有：① as引导限制性定语从句时，常与such或the same连用，构成such...as和the same...as结构，as在从句中作主语、宾语或表语。","常见题型：单选题、填空题、完成句子
题干关键词可能有：题干中有the same/such，空格位于句首引导词位置，选项中有As
涉及考查知识点有：① as引导限制性定语从句时，常与such或the same连用，构成such...as和the same...as结构，as在从句中作主语、宾语或表语。",否,"【填空】In 2014, such important reform policies associated with the interests of the general public were introduced in China        almost each person could benefit from in life.
【单选题】______ is known to everybody, China is becoming stronger and stronger.
A.It
B.As
C.That
D.What
【单选题】She uses the same dictionary ______ you do, but she has a different understanding of the words.
A.which
B.as
C.that
D.what",,,,莹莹,,,,,,,,,,,,,,,,,,,,,,,,,,,,,,,,
知识点->句法->主从复合句->定语从句->非限制性定语从句,"常见题型：单选题、完成句子、翻译题
题干关键词可能有：题干中先行词后跟一个从句，从句前有逗号与主句隔开，选项中有which、who、whom、whose、when、where等关系词
涉及考查知识点有：① 非限制性定语从句是对先行词的补充说明，去掉后不影响主句意思，从句前用逗号与主句隔开（如：I visited Beijing, which is the capital of China）。② 非限制性定语从句中，关系词不能用that，指人用who（主语）或whom（宾语），指物用which。③ as也可引导非限制性定语从句，常放在句首，表示“正如”（如：As we all know, China is a great country）。⑤ 非限制性定语从句中，关系代词作宾语时不能省略（如：The man, whom you met yesterday, is my uncle，不能说The man, you met yesterday）。","常见题型：单选题、完成句子、翻译题
题干关键词可能有：题干中先行词后跟一个从句，从句前有逗号与主句隔开，选项中有which、who、whom、whose、when、where等关系词
涉及考查知识点有：① 非限制性定语从句是对先行词的补充说明，去掉后不影响主句意思，从句前用逗号与主句隔开（如：I visited Beijing, which is the capital of China）。② 非限制性定语从句中，关系词不能用that，指人用who（主语）或whom（宾语），指物用which。③ as也可引导非限制性定语从句，常放在句首，表示“正如”（如：As we all know, China is a great country）。⑤ 非限制性定语从句中，关系代词作宾语时不能省略（如：The man, whom you met yesterday, is my uncle，不能说The man, you met yesterday）。",否,"【单选题】We visited a tea garden last month, ________ we learned a lot about tea-making.
A.where
B.which
C.when
D.that
【翻译题】上学期，我在化学实验室做了很多实验，这帮助我更好地理解了化学知识。（do experiments, chemistry knowledge）
【单选题】He won the Nobel Prize twice, __________ made him famous all over the world.
A.which
B.that
C.who
D.what",,,,莹莹,,,,,,,,,,,,,,,,,,,,,,,,,,,,,,,,
知识点->句法->主从复合句->表语从句,"常见题型：单选题，完成句子
题干关键词可能有：题干中系动词后跟一个从句，空格位于引导词位置，选项中有that、whether、what、why等
涉及考查知识点有：① 表语从句位于系动词后，用来说明主语（如：The truth is that he lied）。② 引导词that无意义，不能省略（如：The fact is that he is honest）。③ 表示“是否”用whether，不能用if（如：The question is whether he will come）。④ 语序为陈述句语序（如：That is why he was late）。⑤ 常见句型：That is why...（那就是为什么……）、That is because...（那是因为……）、The reason is that...（原因是……）","常见题型：单选题，完成句子
题干关键词可能有：题干中系动词后跟一个从句，空格位于引导词位置，选项中有that、whether、what、why等
涉及考查知识点有：① 表语从句位于系动词后，用来说明主语（如：The truth is that he lied）。② 引导词that无意义，不能省略（如：The fact is that he is honest）。③ 表示“是否”用whether，不能用if（如：The question is whether he will come）。④ 语序为陈述句语序（如：That is why he was late）。⑤ 常见句型：That is why...（那就是为什么……）、That is because...（那是因为……）、The reason is that...（原因是……）",否,"【单选题】The reason ________ he was late ________ he missed the bus.
A.why; is that
B.why; is because
C.that; is that
D.because; is
【单选题】Let me teach you ________ to do it because that's ________ I am good at.（　　）
A.what；what
B.how；how
C.what；how
D.how；what
【完成句子】那就是在日本人们互相问候的方式。
That's(1)     people in Japan are expected(2)      (3)     each other.",,,,莹莹,,,,,,,,,,,,,,,,,,,,,,,,,,,,,,,,
知识点->句法->主从复合句->同位语从句,"常见题型：单选题、完成句子
题干关键词可能有：题干中抽象名词（如fact、news、idea、truth、hope、belief、suggestion等）后跟一个从句，空格位于引导词位置
涉及考查知识点有：① 同位语从句用于解释说明抽象名词的具体内容，常用引导词that（如：The news that he won the game excited everyone；I have no idea whether he will come）。② 常用抽象名词有：fact、news、idea、truth、hope、belief、suggestion、question、doubt、thought、promise、message等。③ 表示“是否”用whether，不能用if（如：The question whether he will come is still unknown）。④ 同位语从句的语序为陈述句语序（如：The fact that he is honest is known to all）。⑤ 有时同位语从句与名词被其他成分隔开（如：The news came that he had succeeded）。⑥ 固定句型“There is no doubt that...”意为“毫无疑问……”，其中that引导同位语从句。",第三轮：最终的高密度结构化释义。① 常见题型：单选题、完成句子 ② 题干关键词：fact、news、idea、truth、hope、belief、suggestion、question、doubt、thought、promise、message，以上抽象名词后接从句，空格位于引导词位置 ③ 涉及考查知识点有：同位语从句功能、同位语从句that引导词用法、whether引导同位语从句规则、同位语从句陈述句语序、分隔式同位语从句结构、There is no doubt that固定句型 注意：同位语从句表“是否”含义时仅可使用whether引导，不得使用if引导,否,"【完成句子】毫无疑问，他是一位伟大的英雄。
                he is a great hero.
【单选题】There is no doubt ________ the Harry Potter series are ________ again and again.
A.whether; worth reading
B.that; worth to read
C.that; worth reading
D.whether; worth to read
【单选题】—What keeps you studying hard every day?
—It’s the belief ______ I could accomplish ______ I put my mind to.
A.that; whatever
B.whether; whichever
C.that; whichever
D.whether; whatever",,,,莹莹,,,,,,,,,,,,,,,,,,,,,,,,,,,,,,,,
知识点->句法->主从复合句->主语从句,"常见题型：单选题，完成句子
题干关键词可能有：题干中句首为一个完整的从句,而非单词或短语，该从句在句中充当主语，空格位于从句引导词位置，选项中有what、whether、that、who、which、when、where、why、how等
涉及考查知识点有：① 主语从句的引导词包括that（无意义，不能省略）、whether（是否，不能用if）、what（所……的，在从句中作成分）、who、which、when、where、why、how等。② 从句谓语动词用单数，语序为陈述句语序（如：What he said is true；Whether he will come is unknown；That he is honest is known to all）。③ 为避免头重脚轻，常用it作形式主语，将主语从句后置，结构为It+be+形容词/名词+that从句。常见句型有：It is important/necessary that...；It is a pity that...；It is said/reported that...。④ whatever引导主语从句，表示“无论什么”，在从句中作主语或宾语（如：Whatever he does is right；Whatever you need is here）。",第三轮：最终的高密度结构化释义。① 常见题型：单选题，完成句子；② 题干关键词：句首完整从句作主语、空格位于从句引导词位置，选项包含what、whether、that、who、which、when、where、why、how；③ 涉及考查知识点有：主语从句引导词用法、主语从句谓语动词单数规则、主语从句陈述句语序规则、it作形式主语的主语从句结构、whatever引导主语从句用法；注意：主语从句中表“是否”仅可用whether不可用if，that引导主语从句无实义且不可省略；考查宾语从句、表语从句等其他名词性从句考点时不打此标签,否,"【完成句子】   they can finish the work on time is still a problem.
他们是否能准时完成这项工作还是个问题。
【单选题】It was after he got ________ he had wanted ________ he realized it was not so important.
A.what; what
B.what; that
C.that; what
D.that; which
【单选题】________ it takes for us to reduce pressure is important to our emotional health, and crying seems to ________ well.
A.Whatever; work
B.Whichever; help
C.However; function
D.What; help",,,,莹莹,,,,,,,,,,,,,,,,,,,,,,,,,,,,,,,,
知识点->语篇体裁->记叙文,"常见题型：阅读理解，完形填空，首字母填空，短文填空等，涉及到篇章的题型
记叙文特点：

叙事基本包含时间、地点、人物、起因、经过、结果六要素；时态以一般过去时和一般现在时为主；叙事人称以第一人称（I/we）和第三人称（he/she/they）为主；语言以简单句与并列句为主；使用连接词、表达时间的短语衔接情节；以顺叙为主，按事情发展先后顺序展开；包含情感与细节描写；

常见主题：

一、校园生活类：（课堂趣事、考试、比赛、竞选、值日、同学互助、师生情等）二、家庭亲情类：（父母关爱、做家务、生日、误会与和解、感恩父母等）三、成长经历类（第一次做某事、克服困难、改正错误、学会坚持、自信成长等）四、兴趣爱好与特长类：（运动、音乐、画画、阅读、养宠物、球类比赛等）五、寓言故事类：（动物寓言、植物寓言、人物寓言、神话寓言等）
注意：题目除了打此标签，可同时打”知识点-语篇主题“的标签","常见题型：阅读理解，完形填空，首字母填空，短文填空等，涉及到篇章的题型
记叙文特点：

叙事基本包含时间、地点、人物、起因、经过、结果六要素；时态以一般过去时和一般现在时为主；叙事人称以第一人称（I/we）和第三人称（he/she/they）为主；语言以简单句与并列句为主；使用连接词、表达时间的短语衔接情节；以顺叙为主，按事情发展先后顺序展开；包含情感与细节描写；

常见主题：

一、校园生活类：（课堂趣事、考试、比赛、竞选、值日、同学互助、师生情等）二、家庭亲情类：（父母关爱、做家务、生日、误会与和解、感恩父母等）三、成长经历类（第一次做某事、克服困难、改正错误、学会坚持、自信成长等）四、兴趣爱好与特长类：（运动、音乐、画画、阅读、养宠物、球类比赛等）五、寓言故事类：（动物寓言、植物寓言、人物寓言、神话寓言等）
注意：题目除了打此标签，可同时打”知识点-语篇主题“的标签","常见题型：阅读理解，完形填空，首字母填空，短文填空等，涉及到篇章的题型
记叙文特点：

叙事基本包含时间、地点、人物、起因、经过、结果六要素；时态以一般过去时和一般现在时为主；叙事人称以第一人称（I/we）和第三人称（he/she/they）为主；语言以简单句与并列句为主；使用连接词、表达时间的短语衔接情节；以顺叙为主，按事情发展先后顺序展开；包含情感与细节描写；

常见主题：
一、校园生活类 二、家庭亲情类 三、成长经历类 四、兴趣爱好与特长类 五、寓言故事类
注意：题目除了打此标签，可同时打”知识点-语篇主题“的标签","1.One day, my friend Mareya called to say she’d travel to Hawaii.

2.This morning, Wang Ping was in a hurry to the railway station because his friend was waiting for him there.  

3.On 13 December 2025, a young girl named Wu Tongyu from Shenzhen took part in a horseback archery competition. 

4.Last month, my family went on a trip to Fujian.

5.Once upon a time, in a faraway jungle (丛林), there lived a monkey and an elephant. They were good friends and did almost everything together.",,,,小潘,,,,,,,,,,,,,,,,,,,,,,,,,,,,,,,,
知识点->语篇体裁->说明文,"常见题型：阅读理解，完形填空，首字母填空，短文填空等，涉及到篇章的题型
说明文特点：

以客观介绍、阐释事理或说明方法为主；说明顺序以逻辑顺序为主（如因果、主次、步骤）；常见说明方法包括列数字、举例子、作比较、分类别、下定义等；时态以一般现在时为主；以准确、简洁、具有科普性的语言为主；部分文章使用小标题、图表符号或分段标记辅助说明；结构多用总—分—总形式；多用 first, second, besides, finally 等逻辑连接词；被动语态出现频率较高

常见主题：

一、事物介绍类：（动物植物、物品用途、景点风光、校园设施、传统节日等）二、生活常识类：（健康生活、安全常识、饮食习惯、环保做法、日常礼仪等）三、方法建议类：（学习方法、减压方式、保护环境、节约资源、提升自我等）四、文化科普类：（中外习俗、科技常识、自然现象、传统文化、地域特色等）五、图表信息类：（数据说明、调查结果、统计分析、图表解读、信息归纳等）
注意：题目除了打此标签，可同时打”知识点-语篇主题“的标签","常见题型：阅读理解，完形填空，首字母填空，短文填空等，涉及到篇章的题型
说明文特点：

以客观介绍、阐释事理或说明方法为主；说明顺序以逻辑顺序为主（如因果、主次、步骤）；常见说明方法包括列数字、举例子、作比较、分类别、下定义等；时态以一般现在时为主；以准确、简洁、具有科普性的语言为主；部分文章使用小标题、图表符号或分段标记辅助说明；结构多用总—分—总形式；多用 first, second, besides, finally 等逻辑连接词；被动语态出现频率较高

常见主题：

一、事物介绍类：（动物植物、物品用途、景点风光、校园设施、传统节日等）二、生活常识类：（健康生活、安全常识、饮食习惯、环保做法、日常礼仪等）三、方法建议类：（学习方法、减压方式、保护环境、节约资源、提升自我等）四、文化科普类：（中外习俗、科技常识、自然现象、传统文化、地域特色等）五、图表信息类：（数据说明、调查结果、统计分析、图表解读、信息归纳等）
注意：题目除了打此标签，可同时打”知识点-语篇主题“的标签","常见题型：阅读理解，完形填空，首字母填空，短文填空等，涉及到篇章的题型
说明文特点：

以客观介绍、阐释事理或说明方法为主；说明顺序以逻辑顺序为主（如因果、主次、步骤）；常见说明方法包括列数字、举例子、作比较、分类别、下定义等；时态以一般现在时为主；以准确、简洁、具有科普性的语言为主；部分文章使用小标题、图表符号或分段标记辅助说明；结构多用总—分—总形式；多用 first, second, besides, finally 等逻辑连接词；被动语态出现频率较高

常见主题：

一、事物介绍类 二、生活常识类 三、方法建议类 四、文化科普类 五、图表信息类
注意：题目除了打此标签，可同时打”知识点-语篇主题“的标签","1. According to a research more than 130 billion pounds of uneaten food go to waste in Laura’s country each year.

2. The Internet makes “the world at one click” come true.

3. Great inventions from ancient China

4. HOW TO DEAL WITH PEER PRESSURE

5. When you communicate with others, you can use not only words but also body language.",,,,小潘,,,,,,,,,,,,,,,,,,,,,,,,,,,,,,,,
知识点->语篇体裁->议论文,"常见题型：阅读理解，完形填空，首字母填空，短文填空等，涉及到篇章的题型
议论文特点：

以表达观点、论证说理为主；通常围绕一个有争议性的话题或观点展开；结构上一般包含引论（提出论点）—本论（论证论点）—结论（重申或升华）三部分；时态以一般现在时为主；人称一般以第三人称为主，间或以第一人称（I/we）引出个人观点；语言逻辑性较强，一般使用连接词（however, therefore, in addition, on the other hand, in conclusion）标明论证层次；常见论证方法包括举例论证、对比论证、因果论证、引用论证、道理论证；

常见主题：

一、品德修养类：（诚实守信、勤奋坚持、乐观自信、感恩分享、文明礼貌等）二、学习生活类：（学习习惯、时间管理、课外阅读、压力调节、偏科问题等）三、社会热点类：（网络使用、环保低碳、节约粮食、志愿服务、健康生活等）四、人生态度类：（面对挫折、选择与放弃、梦想追求、合作与竞争等）五、行为规范类：（遵守规则、安全出行、爱护公物、拒绝沉迷电子产品等）
注意：题目除了打此标签，可同时打”知识点-语篇主题“的标签","常见题型：阅读理解，完形填空，首字母填空，短文填空等，涉及到篇章的题型
议论文特点：

以表达观点、论证说理为主；通常围绕一个有争议性的话题或观点展开；结构上一般包含引论（提出论点）—本论（论证论点）—结论（重申或升华）三部分；时态以一般现在时为主；人称一般以第三人称为主，间或以第一人称（I/we）引出个人观点；语言逻辑性较强，一般使用连接词（however, therefore, in addition, on the other hand, in conclusion）标明论证层次；常见论证方法包括举例论证、对比论证、因果论证、引用论证、道理论证；

常见主题：

一、品德修养类：（诚实守信、勤奋坚持、乐观自信、感恩分享、文明礼貌等）二、学习生活类：（学习习惯、时间管理、课外阅读、压力调节、偏科问题等）三、社会热点类：（网络使用、环保低碳、节约粮食、志愿服务、健康生活等）四、人生态度类：（面对挫折、选择与放弃、梦想追求、合作与竞争等）五、行为规范类：（遵守规则、安全出行、爱护公物、拒绝沉迷电子产品等）
注意：题目除了打此标签，可同时打”知识点-语篇主题“的标签","常见题型：阅读理解，完形填空，首字母填空，短文填空等，涉及到篇章的题型
议论文特点：

以表达观点、论证说理为主；通常围绕一个有争议性的话题或观点展开；结构上一般包含引论（提出论点）—本论（论证论点）—结论（重申或升华）三部分；时态以一般现在时为主；人称一般以第三人称为主，间或以第一人称（I/we）引出个人观点；语言逻辑性较强，一般使用连接词（however, therefore, in addition, on the other hand, in conclusion）标明论证层次；常见论证方法包括举例论证、对比论证、因果论证、引用论证、道理论证；

常见主题：

一、品德修养类 二、学习生活类 三、社会热点类 四、人生态度类 五、行为规范类
注意：题目除了打此标签，可同时打”知识点-语篇主题“的标签","1. Do we use technology, or does it use us?

2. Many people believe that smart students are born with talent.

3. The Power of Small Actions

4. Nobody wants to lose, but we must accept that losing is a part of life.

5. The Importance of Critical Thinking",,,,小潘,,,,,,,,,,,,,,,,,,,,,,,,,,,,,,,,
知识点->语篇体裁->应用文,"常见题型：阅读理解，完形填空，首字母填空，短文填空等，涉及到篇章的题型
应用文特点：

以传递实用信息、服务日常生活为主；通常具有明确的交际功能（如宣传、告知、邀请、指导）；格式上常有标题、小标题、分项列举、表格、图标等视觉化元素；语言简洁明了、重点突出，多用短语、祈使句、省略句；时态以一般现在时为主（说明当前有效信息）；人称多用第二人称（you）拉近与读者距离，或用第三人称客观陈述；常包含时间、地点、价格、联系方式等关键信息要素；信息呈现方式以分点罗列为主；语气根据文体不同可呈现热情邀请、客观告知、温馨提醒等差异。

常见主题：

一、书信邮件类：（感谢信、道歉信、邀请信、建议信、求助信、申请信、笔友书信等）二、通知公告类：（活动通知、比赛通知、假期安排、失物招领、寻物启事、会议通告等）三、日记便条类：（日常日记、心情记录、请假条、留言条、备忘录等）四、演讲稿类：（竞选演讲、开幕致辞、节日发言、学习经验分享、倡议发言等）五、广告海报类：（活动宣传、社团招募、景点介绍、商品推荐、班级活动海报等）
注意：题目除了打此标签，可同时打”知识点-语篇主题“的标签","常见题型：阅读理解，完形填空，首字母填空，短文填空等，涉及到篇章的题型
应用文特点：

以传递实用信息、服务日常生活为主；通常具有明确的交际功能（如宣传、告知、邀请、指导）；格式上常有标题、小标题、分项列举、表格、图标等视觉化元素；语言简洁明了、重点突出，多用短语、祈使句、省略句；时态以一般现在时为主（说明当前有效信息）；人称多用第二人称（you）拉近与读者距离，或用第三人称客观陈述；常包含时间、地点、价格、联系方式等关键信息要素；信息呈现方式以分点罗列为主；语气根据文体不同可呈现热情邀请、客观告知、温馨提醒等差异。

常见主题：

一、书信邮件类：（感谢信、道歉信、邀请信、建议信、求助信、申请信、笔友书信等）二、通知公告类：（活动通知、比赛通知、假期安排、失物招领、寻物启事、会议通告等）三、日记便条类：（日常日记、心情记录、请假条、留言条、备忘录等）四、演讲稿类：（竞选演讲、开幕致辞、节日发言、学习经验分享、倡议发言等）五、广告海报类：（活动宣传、社团招募、景点介绍、商品推荐、班级活动海报等）
注意：题目除了打此标签，可同时打”知识点-语篇主题“的标签","常见题型：阅读理解，完形填空，首字母填空，短文填空等，涉及到篇章的题型
应用文特点：

以传递实用信息、服务日常生活为主；通常具有明确的交际功能（如宣传、告知、邀请、指导）；格式上常有标题、小标题、分项列举、表格、图标等视觉化元素；语言简洁明了、重点突出，多用短语、祈使句、省略句；时态以一般现在时为主（说明当前有效信息）；人称多用第二人称（you）拉近与读者距离，或用第三人称客观陈述；常包含时间、地点、价格、联系方式等关键信息要素；信息呈现方式以分点罗列为主；语气根据文体不同可呈现热情邀请、客观告知、温馨提醒等差异。

常见主题：

一、书信邮件类 二、通知公告类 三、日记便条类：     四、演讲稿类 五、广告海报类
注意：题目除了打此标签，可同时打”知识点-语篇主题“的标签","1. The Longmen Grottoes (石窟), Luoyang

2. Shuiyuanshan Animal Zoo

3. Sunshine Middle School Reading Festival

4. Soccer Club

5. Metros in different cities",,,,小潘,,,,,,,,,,,,,,,,,,,,,,,,,,,,,,,,
知识点->语篇体裁->诗歌/小说,"常见题型：阅读理解，完形填空，首字母填空，短文填空等，涉及到篇章的题型

诗歌特点：

以凝练的语言、分行的形式为主；常用于抒发情感或描绘意境；篇幅通常短小，一般讲究韵律与节奏（押韵、重复句式）；多用意象（如月、山、花、鸟）营造画面感与氛围；时态以一般现在时为主（表达普遍情感与恒常状态）；人称以第一人称（I）为主，便于直接抒情；常用修辞手法包括比喻、拟人、反复、对仗；结构上常采用四行一节或对句形式；

常见主题：

一、写景抒情类：

（山水田园、四季风光、自然意象）二、思乡怀人类：（思念故乡、思念亲友、孤独感怀）

三、人生哲理类：（励志、自信、人生态度、成长感悟）四、童趣与生活类：（动物童谣、日常生活、梦想憧憬）



小说特点：

以叙述故事、塑造人物、描绘环境为主；基本包含时间、地点、人物、起因、经过、结果六要素；时态以一般过去时为主（叙述已发生事件），对话部分一般穿插一般现在时与将来时；叙事人称以第三人称为主，部分采用第一人称；情节推进以顺叙为主，按事件发展先后顺序展开；语言包含叙述句、描写句与对话句，句式多样；通常注重人物外貌、动作、心理、对话及环境氛围的细节描写；节选文本常以悬念或冲突收尾，激发读者阅读兴趣。



常见主题：

一、经典文学名著类：（成长冒险、人性光辉、社会百态）二、冒险与奇幻类：（航海冒险、异域奇遇、寻宝故事）三、人生哲理与成长类：（自我对话、生命感悟、心灵成长）
注意：题目除了打此标签，可同时打”知识点-语篇主题“的标签","第三轮：最终的高密度结构化释义。①常见题型：阅读理解、完形填空、首字母填空、短文填空等篇章类题型；②题干关键词：无明确说明；③涉及考查知识点有：诗歌体裁特征、诗歌常见主题、小说体裁特征、小说常见主题；注意：标注本标签时可同时打""知识点-语篇主题""标签，无明确不打此标签的排他性规则",否,"诗歌：

1. Happy Rain on a Spring Night

2. Sometimes the Moon

3. Only A Dad

4. My Dream

5. Looking at the Moon and Thinking of One Far Away

小说：

1.The Danger of Being Stubborn

2.Treasure Island

3.Little Women

4.Alice's Adventures in Wonderland

5.Gulliver's Travels",,,,小潘,,,,,,,,,,,,,,,,,,,,,,,,,,,,,,,,
知识点->语篇体裁->新闻报道,"常见题型：阅读理解，完形填空，首字母填空，短文填空等，涉及到篇章的题型
新闻报道特点：

以报道新近发生的事实为主，具有时效性、客观性、真实性；结构上常采用倒金字塔式（重要信息前置：标题/首段交代核心事件，后续段落补充细节与背景）；基本包含时间、地点、人物、事件起因、经过、结果等要素；标题简洁醒目，常以概括性短语或完整句呈现；语言风格以客观、平实、准确为主，较少主观抒情；时态以一般过去时为主（报道已发生事件），标题与背景信息常用一般现在时；人称以第三人称为主，常引用当事人话语时穿插直接引语；常引用数据、专家观点、目击者陈述增强可信度；段落较短，便于快速阅读

常见主题：

一、校园活动类：（文体比赛、文艺汇演、运动会、社团活动、开学典礼、校园义卖等）二、社会实践类：（志愿服务、环保行动、研学旅行、社区慰问、植树活动等）三、荣誉表彰类：（竞赛获奖、好人好事、优秀学生表彰、集体荣誉报道等）四、公共事件类：（节日庆典、文化交流、安全演练、公益宣传、地方特色活动等）五、生活新风类：（节约倡议、健康运动、文明行为、科技创新、环保成果等）
注意：题目除了打此标签，可同时打”知识点-语篇主题“的标签","第三轮：最终的高密度结构化释义。① 常见题型：阅读理解、完形填空、首字母填空、短文填空、涉及篇章的各类题型；② 题干关键词：无明确说明；③ 涉及考查知识点有：新闻报道核心属性（时效性、客观性、真实性）、新闻报道倒金字塔结构特点、新闻报道六要素、新闻报道标题特征、新闻报道语言风格、新闻报道时态使用规则、新闻报道人称使用规则、新闻报道引语及佐证材料使用特点、新闻报道段落排版特点、新闻报道五类常见主题（校园活动类、社会实践类、荣誉表彰类、公共事件类、生活新风类）；注意：标注该标签时可同步标注""知识点-语篇主题""标签，无明确不适用该标签的排他性规则。",否,"1. Audrey Zhou, 14, from San Diego, California, US, is using music to help others, reported Time for Kids.

2. In February 2024, in London, a group of dancers performed a Chinese folk dance to celebrate Chinese New Year.

3. Chinese athletes did a great job at the Tokyo 2020 Olympic Games，winning 88 medals in total.

4. Wang Chuqin and Sun Yingsha Win the Mixed Doubles Championship at the Paris Olympics

5. On January 28, 2025, a special performance called YangBOT amazed audiences at the CCTV Spring Festival Gala, China’s most watched TV show. ",,,,小潘,,,,,,,,,,,,,,,,,,,,,,,,,,,,,,,,
知识点->语篇体裁->新媒体语篇,"常见题型：阅读理解，完形填空，首字母填空，短文填空等，涉及到篇章的题型
新媒体语篇特点：

以网络平台为主要载体，一般具有即时性、互动性、多媒体化；文本常与头像、时间戳、点赞/转发/评论图标等视觉元素结合呈现；语言风格口语化、亲切自然，多用省略句、表情符号、网络用语；时态以一般现在时和一般过去时为主（分享经历或陈述当前状态）；人称以第一人称（I/we）为主；结构上常以话题发起帖+跟帖回复形式展开互动；内容以个人观点分享、经验交流、求助建议为主；常包含直接呼告；语气随文体不同呈现轻松幽默、真诚求助、温暖鼓励等差异。

常见主题：

一、互动论坛与留言板类：（话题发起、用户跟帖、经验分享）二、社交媒体与微博类：（个人动态、评论互动、点赞转发）三、暖心语录与求助专栏类：（烦恼倾诉、励志语录回复）四、线上活动与招募通知类：（活动介绍、参与方式、互动号召）五、个人主页与自我介绍类：（个人简介、兴趣爱好、未来愿望）
注意：题目除了打此标签，可同时打”知识点-语篇主题“的标签","常见题型：阅读理解，完形填空，首字母填空，短文填空等，涉及到篇章的题型
新媒体语篇特点：

以网络平台为主要载体，一般具有即时性、互动性、多媒体化；文本常与头像、时间戳、点赞/转发/评论图标等视觉元素结合呈现；语言风格口语化、亲切自然，多用省略句、表情符号、网络用语；时态以一般现在时和一般过去时为主（分享经历或陈述当前状态）；人称以第一人称（I/we）为主；结构上常以话题发起帖+跟帖回复形式展开互动；内容以个人观点分享、经验交流、求助建议为主；常包含直接呼告；语气随文体不同呈现轻松幽默、真诚求助、温暖鼓励等差异。

常见主题：

一、互动论坛与留言板类：（话题发起、用户跟帖、经验分享）二、社交媒体与微博类：（个人动态、评论互动、点赞转发）三、暖心语录与求助专栏类：（烦恼倾诉、励志语录回复）四、线上活动与招募通知类：（活动介绍、参与方式、互动号召）五、个人主页与自我介绍类：（个人简介、兴趣爱好、未来愿望）
注意：题目除了打此标签，可同时打”知识点-语篇主题“的标签","常见题型：阅读理解，完形填空，首字母填空，短文填空等，涉及到篇章的题型
新媒体语篇特点：

以网络平台为主要载体，一般具有即时性、互动性、多媒体化；文本常与头像、时间戳、点赞/转发/评论图标等视觉元素结合呈现；语言风格口语化、亲切自然，多用省略句、表情符号、网络用语；时态以一般现在时和一般过去时为主（分享经历或陈述当前状态）；人称以第一人称（I/we）为主；结构上常以话题发起帖+跟帖回复形式展开互动；内容以个人观点分享、经验交流、求助建议为主；常包含直接呼告；语气随文体不同呈现轻松幽默、真诚求助、温暖鼓励等差异。

常见主题：

一、互动论坛与留言板类 二、社交媒体与微博类 三、暖心语录与求助专栏类 四、线上活动与招募通知类 五、个人主页与自我介绍类
注意：题目除了打此标签，可同时打”知识点-语篇主题“的标签","1. QUOTES FOR WORRIERS
2. Exam stress (压力)!
3. We want to know some of the things you do when you’ve got some free time. Welcome to leave your messages (留言).
4. http://www.animalsforum.com/
5. Nancy is reading a recipe (食谱) online.",,,,小潘,,,,,,,,,,,,,,,,,,,,,,,,,,,,,,,,
知识点->语篇体裁->其他语篇,除了以上语篇体裁，打不上的可以打此标签,除了以上语篇体裁，打不上的可以打此标签,否,"1. Tongtong: Mum, do you see my Hanfu?

2. Tongtong: Excuse me. Where's Farmer Painting Show?

3. Bob: Where do you want to go on holiday?

4. A: What are you going to do this Sunday?

5. A: Excuse me. Where is the bookstore?",,,,小潘,,,,,,,,,,,,,,,,,,,,,,,,,,,,,,,,
知识点->语篇主题->人与自我->个人情况,题干必须为一篇文章/一段对话等，适用于除了单选，语音题的所有题型，且文章围绕个人基本信息、体貌特征、性格与品质、成长经历等关键词展开。,题干必须为一篇文章/一段对话等，适用于除了单选，语音题的所有题型，且文章围绕个人基本信息、体貌特征、性格与品质、成长经历等关键词展开。,否,,,,,小潘,,,,,,,,,,,,,,,,,,,,,,,,,,,,,,,,
知识点->语篇主题->人与自我->兴趣爱好,题干必须为一篇文章/一段对话等，适用于除了单选，语音题的所有题型，且文章围绕兴趣、爱好、喜好、乐趣、热爱等关键词展开。,题干必须为一篇文章/一段对话等，适用于除了单选，语音题的所有题型，且文章围绕兴趣、爱好、喜好、乐趣、热爱等关键词展开。,否,,,,,小潘,,,,,,,,,,,,,,,,,,,,,,,,,,,,,,,,
知识点->语篇主题->人与自我->日常生活与学校生活,题干必须为一篇文章/一段对话等，适用于除了单选，语音题的所有题型，且文章围绕日常作息、校园活动、生活习惯等关键词展开。,题干必须为一篇文章/一段对话等，适用于除了单选，语音题的所有题型，且文章围绕日常作息、校园活动、生活习惯等关键词展开。,否,,,,,小潘,,,,,,,,,,,,,,,,,,,,,,,,,,,,,,,,
知识点->语篇主题->人与自我->居住/学校环境,题干必须为一篇文章/一段对话等，适用于除了单选，语音题的所有题型，且文章围绕校园建筑、教室、家园、房间、社区、周边场所、生活条件等关键词展开。,题干必须为一篇文章/一段对话等，适用于除了单选，语音题的所有题型，且文章围绕校园建筑、教室、家园、房间、社区、周边场所、生活条件等关键词展开。,否,,,,,小潘,,,,,,,,,,,,,,,,,,,,,,,,,,,,,,,,
知识点->语篇主题->人与自我->计划与愿望,题干必须为一篇文章/一段对话等，适用于除了单选，语音题的所有题型，且文章围绕计划、目标、理想、梦想、愿望、打算、规划、畅想等关键词展开。,题干必须为一篇文章/一段对话等，适用于除了单选，语音题的所有题型，且文章围绕计划、目标、理想、梦想、愿望、打算、规划、畅想等关键词展开。,否,,,,,小潘,,,,,,,,,,,,,,,,,,,,,,,,,,,,,,,,
知识点->语篇主题->人与自我->家庭/朋友与周围的人,题干必须为一篇文章/一段对话等，适用于除了单选，语音题的所有题型，且文章围绕家庭、亲情、邻里、师生、同伴、友情等关键词展开。,题干必须为一篇文章/一段对话等，适用于除了单选，语音题的所有题型，且文章围绕家庭、亲情、邻里、师生、同伴、友情等关键词展开。,否,,,,,小潘,,,,,,,,,,,,,,,,,,,,,,,,,,,,,,,,
知识点->语篇主题->人与自我->购物与饮食,"

题干必须为一篇文章/一段对话等，适用于除了单选，语音题的所有题型，且文章围绕购物、食物、食材、三餐、口味等关键词展开。",题干必须为一篇文章/一段对话等，适用于除了单选，语音题的所有题型，且文章围绕购物、食物、食材、三餐、口味等关键词展开。,否,,,,,小潘,,,,,,,,,,,,,,,,,,,,,,,,,,,,,,,,
知识点->语篇主题->人与自我->学习与反思,"

题干必须为一篇文章/一段对话等，适用于除了单选，语音题的所有题型，且文章围绕学习、课堂、学业、复习、反思、改进等关键词展开。",题干必须为一篇文章/一段对话等，适用于除了单选，语音题的所有题型，且文章围绕学习、课堂、学业、复习、反思、改进等关键词展开。,否,,,,,小潘,,,,,,,,,,,,,,,,,,,,,,,,,,,,,,,,
知识点->语篇主题->人与自我->自我认识与管理,"

题干必须为一篇文章/一段对话等，适用于除了单选，语音题的所有题型，且文章围绕自我认识、自我管理、自我提升、自律自控、自我接纳等关键词展开。",题干必须为一篇文章/一段对话等，适用于除了单选，语音题的所有题型，且文章围绕自我认识、自我管理、自我提升、自律自控、自我接纳等关键词展开。,否,,,,,小潘,,,,,,,,,,,,,,,,,,,,,,,,,,,,,,,,
知识点->语篇主题->人与自我->职业启蒙与精神,题干必须为一篇文章/一段对话等，适用于除了单选，语音题的所有题型，且文章围绕职业启蒙、职业选择、职业精神、职业理想、劳动价值等关键词展开。,题干必须为一篇文章/一段对话等，适用于除了单选，语音题的所有题型，且文章围绕职业启蒙、职业选择、职业精神、职业理想、劳动价值等关键词展开。,否,,,,,小潘,,,,,,,,,,,,,,,,,,,,,,,,,,,,,,,,
知识点->语篇主题->人与自我->劳动实践与工匠精神,题干必须为一篇文章/一段对话等，适用于除了单选，语音题的所有题型，且文章围绕劳动实践、劳动品质、工匠精神等关键词展开。,题干必须为一篇文章/一段对话等，适用于除了单选，语音题的所有题型，且文章围绕劳动实践、劳动品质、工匠精神等关键词展开。,否,,,,,小潘,,,,,,,,,,,,,,,,,,,,,,,,,,,,,,,,
知识点->语篇主题->人与自我->理财与消费,"

题干必须为一篇文章/一段对话等，适用于除了单选，语音题的所有题型，且文章围绕货币常识、理财意识、理性消费、信用维护等关键词展开。",题干必须为一篇文章/一段对话等，适用于除了单选，语音题的所有题型，且文章围绕货币常识、理财意识、理性消费、信用维护等关键词展开。,否,,,,,小潘,,,,,,,,,,,,,,,,,,,,,,,,,,,,,,,,
知识点->语篇主题->人与自我->身心健康与抗压力,题干必须为一篇文章/一段对话等，适用于除了单选，语音题的所有题型，且文章围绕身心健康、挫折应对、生命意识等关键词展开。,题干必须为一篇文章/一段对话等，适用于除了单选，语音题的所有题型，且文章围绕身心健康、挫折应对、生命意识等关键词展开。,否,,,,,小潘,,,,,,,,,,,,,,,,,,,,,,,,,,,,,,,,
知识点->语篇主题->人与自我->实践与创新,"

题干必须为一篇文章/一段对话等，适用于除了单选，语音题的所有题型，且文章围绕动手实践、探究发现、创意发明、创新思维、探索等关键词展开。",题干必须为一篇文章/一段对话等，适用于除了单选，语音题的所有题型，且文章围绕动手实践、探究发现、创意发明、创新思维、探索等关键词展开。,否,,,,,小潘,,,,,,,,,,,,,,,,,,,,,,,,,,,,,,,,
知识点->语篇主题->人与自我->方法与哲理,"

题干必须为一篇文章/一段对话等，适用于除了单选，语音题的所有题型，且文章围绕处事方法、理性思考、人生哲理等关键词展开。",题干必须为一篇文章/一段对话等，适用于除了单选，语音题的所有题型，且文章围绕处事方法、理性思考、人生哲理等关键词展开。,否,,,,,小潘,,,,,,,,,,,,,,,,,,,,,,,,,,,,,,,,
知识点->语篇主题->人与社会->人际交往,题干必须为一篇文章/一段对话等，适用于除了单选，语音题的所有题型，且文章围绕人际关系、人际交往等关键词展开。,题干必须为一篇文章/一段对话等，适用于除了单选，语音题的所有题型，且文章围绕人际关系、人际交往等关键词展开。,否,,,,,小潘,,,,,,,,,,,,,,,,,,,,,,,,,,,,,,,,
知识点->语篇主题->人与社会->旅行与交通,"

题干必须为一篇文章/一段对话等，适用于除了单选，语音题的所有题型，且文章围绕旅游、旅途、观光、参观、交通、出行、路线等关键词展开。",题干必须为一篇文章/一段对话等，适用于除了单选，语音题的所有题型，且文章围绕旅游、旅途、观光、参观、交通、出行、路线等关键词展开。,否,,,,,小潘,,,,,,,,,,,,,,,,,,,,,,,,,,,,,,,,
知识点->语篇主题->人与社会->公共与志愿服务,题干必须为一篇文章/一段对话等，适用于除了单选，语音题的所有题型，且文章围绕志愿服务、公共服务、公益活动等关键词展开。,题干必须为一篇文章/一段对话等，适用于除了单选，语音题的所有题型，且文章围绕志愿服务、公共服务、公益活动等关键词展开。,否,,,,,小潘,,,,,,,,,,,,,,,,,,,,,,,,,,,,,,,,
知识点->语篇主题->人与社会->交流与合作,题干必须为一篇文章/一段对话等，适用于除了单选，语音题的所有题型，且文章围绕交流合作、分工配合、互助共赢、团队精神等关键词展开。,题干必须为一篇文章/一段对话等，适用于除了单选，语音题的所有题型，且文章围绕交流合作、分工配合、互助共赢、团队精神等关键词展开。,否,,,,,小潘,,,,,,,,,,,,,,,,,,,,,,,,,,,,,,,,
知识点->语篇主题->人与社会->社会/政治/历史的变迁与发展,题干必须为一篇文章 / 一段对话等，适用于除了单选，语音题的所有题型，且文章围绕时代发展、社会进步、历史沿革、文化传承、生活变迁、民俗演变、国家发展、社会变革、历史故事等关键词展开。,题干必须为一篇文章 / 一段对话等，适用于除了单选，语音题的所有题型，且文章围绕时代发展、社会进步、历史沿革、文化传承、生活变迁、民俗演变、国家发展、社会变革、历史故事等关键词展开。,否,,,,,小潘,,,,,,,,,,,,,,,,,,,,,,,,,,,,,,,,
知识点->语篇主题->人与社会->跨文化交流,题干必须为一篇文章 / 一段对话等，适用于除了单选，语音题的所有题型，且文章围绕跨文化沟通与交流、文化差异、语言沟通、多元包容、文化理解、国际交往、文化共享等关键词展开。,题干必须为一篇文章 / 一段对话等，适用于除了单选，语音题的所有题型，且文章围绕跨文化沟通与交流、文化差异、语言沟通、多元包容、文化理解、国际交往、文化共享等关键词展开。,否,,,,,小潘,,,,,,,,,,,,,,,,,,,,,,,,,,,,,,,,
知识点->语篇主题->人与社会->中外艺术文学及名家评析,题干必须为一篇文章 / 一段对话等，适用于除了单选，语音题的所有题型，且文章围绕中外文学史上代表性作家与作品、作品赏析、艺术价值等关键词展开。,题干必须为一篇文章 / 一段对话等，适用于除了单选，语音题的所有题型，且文章围绕中外文学史上代表性作家与作品、作品赏析、艺术价值等关键词展开。,否,,,,,小潘,,,,,,,,,,,,,,,,,,,,,,,,,,,,,,,,
知识点->语篇主题->人与社会->体育活动与精神,题干必须为一篇文章 / 一段对话等，适用于除了单选，语音题的所有题型，且文章围绕日常体育活动、重大体育赛事、体育精神、体育锻炼等关键词展开。,题干必须为一篇文章 / 一段对话等，适用于除了单选，语音题的所有题型，且文章围绕日常体育活动、重大体育赛事、体育精神、体育锻炼等关键词展开。,否,,,,,小潘,,,,,,,,,,,,,,,,,,,,,,,,,,,,,,,,
知识点->语篇主题->人与社会->中外文化习俗/节假日,题干必须为一篇文章 / 一段对话等，适用于除了单选，语音题的所有题型，且文章围绕中外文化习俗、中外文化景观、中外节假日与庆祝活动等关键词展开。,题干必须为一篇文章 / 一段对话等，适用于除了单选，语音题的所有题型，且文章围绕中外文化习俗、中外文化景观、中外节假日与庆祝活动等关键词展开。,否,,,,,小潘,,,,,,,,,,,,,,,,,,,,,,,,,,,,,,,,
知识点->语篇主题->人与社会->中外重要人物,题干必须为一篇文章 / 一段对话等，适用于除了单选，语音题的所有题型，且文章围绕对世界、国家、人民和社会进步有突出贡献的人物及其事迹、奋斗历程、品格精神、成就影响等展开。,题干必须为一篇文章 / 一段对话等，适用于除了单选，语音题的所有题型，且文章围绕对世界、国家、人民和社会进步有突出贡献的人物及其事迹、奋斗历程、品格精神、成就影响等展开。,否,,,,,小潘,,,,,,,,,,,,,,,,,,,,,,,,,,,,,,,,
知识点->语篇主题->人与社会->遵纪守法与安全意识,题干必须为一篇文章 / 一段对话等，适用于除了单选，语音题的所有题型，且文章围绕公共秩序、法律法规、信息安全、国家安全、交通安全、网络安全、安全意识、安全常识等关键词展开。,题干必须为一篇文章 / 一段对话等，适用于除了单选，语音题的所有题型，且文章围绕公共秩序、法律法规、信息安全、国家安全、交通安全、网络安全、安全意识、安全常识等关键词展开。,否,,,,,小潘,,,,,,,,,,,,,,,,,,,,,,,,,,,,,,,,
知识点->语篇主题->人与社会->文化自信,题干必须为一篇文章 / 一段对话等，适用于除了单选，语音题的所有题型，且文章围绕身份认同、文化自信、文化认同、民族自豪等关键词展开。,题干必须为一篇文章 / 一段对话等，适用于除了单选，语音题的所有题型，且文章围绕身份认同、文化自信、文化认同、民族自豪等关键词展开。,否,,,,,小潘,,,,,,,,,,,,,,,,,,,,,,,,,,,,,,,,
知识点->语篇主题->人与社会->社会热点,题干必须为一篇文章 / 一段对话等，适用于除了单选，语音题的所有题型，且文章围绕社会热点、国际事务、时事新闻、公共事务、时代热点等关键词展开。,题干必须为一篇文章 / 一段对话等，适用于除了单选，语音题的所有题型，且文章围绕社会热点、国际事务、时事新闻、公共事务、时代热点等关键词展开。,否,,,,,小潘,,,,,,,,,,,,,,,,,,,,,,,,,,,,,,,,
知识点->语篇主题->人与社会->互联通讯,题干必须为一篇文章 / 一段对话等，适用于除了单选，语音题的所有题型，且文章围绕网络社交、信息传递、线上沟通、数字交流、社交媒体、通讯工具等关键词展开。,题干必须为一篇文章 / 一段对话等，适用于除了单选，语音题的所有题型，且文章围绕网络社交、信息传递、线上沟通、数字交流、社交媒体、通讯工具等关键词展开。,否,,,,,小潘,,,,,,,,,,,,,,,,,,,,,,,,,,,,,,,,
知识点->语篇主题->人与社会->科普知识,题干必须为一篇文章 / 一段对话等，适用于除了单选，语音题的所有题型，且文章围绕科普发现、自然现象、科学原理、动植物知识、天文地理、生活常识等关键词展开。,题干必须为一篇文章 / 一段对话等，适用于除了单选，语音题的所有题型，且文章围绕科普发现、自然现象、科学原理、动植物知识、天文地理、生活常识等关键词展开。,否,,,,,小潘,,,,,,,,,,,,,,,,,,,,,,,,,,,,,,,,
知识点->语篇主题->人与社会->科技创新,题干必须为一篇文章 / 一段对话等，适用于除了单选，语音题的所有题型，且文章围绕科学技术与工程、科技发明、科技创新、前沿技术、创新创造、科研探索、技术应用等关键词展开。,题干必须为一篇文章 / 一段对话等，适用于除了单选，语音题的所有题型，且文章围绕科学技术与工程、科技发明、科技创新、前沿技术、创新创造、科研探索、技术应用等关键词展开。,否,,,,,小潘,,,,,,,,,,,,,,,,,,,,,,,,,,,,,,,,
知识点->语篇主题->人与社会->教育,"

题干必须为一篇文章 / 一段对话等，适用于除了单选，语音题的所有题型，且文章围绕教育、教育意义、终身学习、学校教育、家庭教育、自我教育等关键词展开。",题干必须为一篇文章 / 一段对话等，适用于除了单选，语音题的所有题型，且文章围绕教育、教育意义、终身学习、学校教育、家庭教育、自我教育等关键词展开。,否,,,,,小潘,,,,,,,,,,,,,,,,,,,,,,,,,,,,,,,,
知识点->语篇主题->人与自然->地理与气候,题干必须为一篇文章 / 一段对话等，适用于除了单选，语音题的所有题型，且文章围绕地理位置、国家区位、地形地貌、自然环境、风土环境、植被景观、气候特征、四季变化、天气现象等关键词展开。,题干必须为一篇文章 / 一段对话等，适用于除了单选，语音题的所有题型，且文章围绕地理位置、国家区位、地形地貌、自然环境、风土环境、植被景观、气候特征、四季变化、天气现象等关键词展开。,否,,,,,小潘,,,,,,,,,,,,,,,,,,,,,,,,,,,,,,,,
知识点->语篇主题->人与自然->动物与植物,"
题干必须为一篇文章 / 一段对话等，适用于除了单选，语音题的所有题型，且文章围绕动物、植物、动植物特征、生长习性、濒危保护等关键词展开。",题干必须为一篇文章 / 一段对话等，适用于除了单选，语音题的所有题型，且文章围绕动物、植物、动植物特征、生长习性、濒危保护等关键词展开。,否,,,,,小潘,,,,,,,,,,,,,,,,,,,,,,,,,,,,,,,,
知识点->语篇主题->人与自然->污染与环保,题干必须为一篇文章 / 一段对话等，适用于除了单选，语音题的所有题型，且文章围绕环境污染、环保意识、环保行为、生态保护、自然保护、可持续发展等关键词展开。,题干必须为一篇文章 / 一段对话等，适用于除了单选，语音题的所有题型，且文章围绕环境污染、环保意识、环保行为、生态保护、自然保护、可持续发展等关键词展开。,否,,,,,小潘,,,,,,,,,,,,,,,,,,,,,,,,,,,,,,,,
知识点->语篇主题->人与自然->自然灾害与防范,题干必须为一篇文章 / 一段对话等，适用于除了单选，语音题的所有题型，且文章围绕自然灾害、防灾避险、安全自救、应急防护、预警预报、灾后救助、自我保护等关键词展开。,题干必须为一篇文章 / 一段对话等，适用于除了单选，语音题的所有题型，且文章围绕自然灾害、防灾避险、安全自救、应急防护、预警预报、灾后救助、自我保护等关键词展开。,否,,,,,小潘,,,,,,,,,,,,,,,,,,,,,,,,,,,,,,,,
知识点->语篇主题->人与自然->宇宙探索,题干必须为一篇文章 / 一段对话等，适用于除了单选，语音题的所有题型，且文章围绕太空探索、星球星系、航天科技、航天事业、宇宙奥秘、天文现象、星际探测、太空生活等关键词展开。,题干必须为一篇文章 / 一段对话等，适用于除了单选，语音题的所有题型，且文章围绕太空探索、星球星系、航天科技、航天事业、宇宙奥秘、天文现象、星际探测、太空生活等关键词展开。,否,,,,,小潘,,,,,,,,,,,,,,,,,,,,,,,,,,,,,,,,
知识点->语用->常识和习语,"常见题型：单选题（最常见）、填空题

题干关键词可能有：题干以“语境 + 提问”为主，一般先给对话/短文/告示，再问含义、用法、得体表达、文化事实；常考习语/谚语（问含义、道理、适用场景）、文化常识（问时间、地点、习俗、礼仪、数字）、语用交际（问应答、标志含义、邮件 / 短信意图）；

句式常用What does...mean / What can we learn / According to... 开头；常出现的词有：idiom, saying, mean, tell us, country, festival, custom, usually, dialogue, reply, response, notice, sign, rule, according to, mean, suggest, advise

涉及考查知识点有：① 习语 / 谚语 / 固定表达 ② 跨文化交际与礼仪③ 生活常识与安全规则 ④ 中外节日与传统文化 ⑤ 地理与人文常识等
","常见题型：单选题（最常见）、填空题

题干关键词可能有：题干以“语境 + 提问”为主，一般先给对话/短文/告示，再问含义、用法、得体表达、文化事实；常考习语/谚语（问含义、道理、适用场景）、文化常识（问时间、地点、习俗、礼仪、数字）、语用交际（问应答、标志含义、邮件 / 短信意图）；

句式常用What does...mean / What can we learn / According to... 开头；常出现的词有：idiom, saying, mean, tell us, country, festival, custom, usually, dialogue, reply, response, notice, sign, rule, according to, mean, suggest, advise

涉及考查知识点有：① 习语 / 谚语 / 固定表达 ② 跨文化交际与礼仪③ 生活常识与安全规则 ④ 中外节日与传统文化 ⑤ 地理与人文常识等",否,,,,,小潘,,,,,,,,,,,,,,,,,,,,,,,,,,,,,,,,
知识点->语用->社会交往->介绍,"常见题型：选择题、补全对话、听力单选题、情景运用

题干关键词可能有：

① 以特殊疑问句为主（What, Who, Where, When, How, Why等）；常以“What does … look like?”、“What is … like?”、“Who is …?”、“Where …?”、“How old / often / many …?”等结构呈现；部分为选择疑问句（如“Is it A or B?”）

②题干内容围绕对某人、某物、某地、某事的基本信息进行提问（人物、物品、地点、活动、数字信息、文化常识等）

涉及考查知识点有：个人信息介绍（姓名、年龄、性别、国籍、住址、电话号码等）、外貌与性格描述（形容词、look like、be like）、家庭与朋友关系（家庭成员称谓、朋友关系）、兴趣爱好与特长（like, love, enjoy, be good at, hobby）、学校生活（科目、课程、活动、规则、设施）、日常活动与习惯（时间表达、频率副词）、饮食偏好（食物、水果、三餐）、职业与工作（职业名称、工作地点、工作内容）、物品与购物（价格、颜色、尺寸、材质、用途）、地点与方位（位置、方向、距离、地标）、数字与数量（基数词、序数词、时间、日期）、社交礼仪与问候（自我介绍、介绍他人）、文化常识（节日、传统、历史人物、地理常识）
",第三轮：最终的高密度结构化释义：① 常见题型：选择题、补全对话、听力单选题、情景运用② 题干关键词：What、Who、Where、When、How、Why，What does … look like?、What is … like?、Who is …?、Where …?、How old / often / many …?、Is it A or B?，围绕某人、某物、某地、某事的基本信息提问③ 涉及考查知识点有：个人信息介绍（姓名、年龄、性别、国籍、住址、电话号码等）、外貌与性格描述（形容词、look like、be like）、家庭与朋友关系（家庭成员称谓、朋友关系）、兴趣爱好与特长（like、love、enjoy、be good at、hobby）、学校生活（科目、课程、活动、规则、设施）、日常活动与习惯（时间表达、频率副词）、饮食偏好（食物、水果、三餐）、职业与工作（职业名称、工作地点、工作内容）、物品与购物（价格、颜色、尺寸、材质、用途）、地点与方位（位置、方向、距离、地标）、数字与数量（基数词、序数词、时间、日期）、社交礼仪与问候（自我介绍、介绍他人）、文化常识（节日、传统、历史人物、地理常识）注意：无明确说明,否,,,,,小潘,,,,,,,,,,,,,,,,,,,,,,,,,,,,,,,,
知识点->语用->社会交往->问候,"常见题型：选择题、补全对话、听力单选题、情景运用

题干关键词可能有：

① 题干多为对话的第一句话或对话中的空缺部分；常见结构：---A: ... ---B: _____（选择答语）、A: ... B: _____（补全对话）、根据情景提示，完成对话（情景运用）；题干中常出现具体人名（如Peter, Linda, Tom）或称呼（Mr., Miss, Ms., Mom, Dad, Grandpa）；部分题干以中文情景描述呈现（如“早上遇见老师，你应该说……”）

② 一般现在时为主（日常问候、询问状态）；一般疑问句与特殊疑问句交替出现；答语多为简短回应，符合口语交际习惯；常用祈使句（如“Sit down, please.”）；常见省略结构（如“Fine, thanks.”、“Not bad.”、“Great.”）

③ 高频词有：问候发起（Good morning/afternoon/evening/night, Hello, Hi, How are you, How are you doing, How's it going, How is everything, How's your day, Nice to meet you, How do you do, Long time no see等）；问候回应（Fine, thanks; I'm fine; Not bad; Great; Pretty good; Very well; So far, so good; Nice to meet you too; How do you do等）；其他（How are you feeling, How is your mother, How was your weekend等）

涉及考查知识点有：不同时段的问候语（早晨/下午/晚上/睡前）；询问与描述身体状况、情绪状态（fine, great, not bad, terrible, tired等）；初次见面的正式与非正式表达；熟人之间的日常问候与回应；对他人问候的礼貌回应；告别与晚安用语；文化差异：如“How do you do?”的正式用法及回应方式

","第三轮：最终的高密度结构化释义。① 常见题型：选择题、补全对话、听力单选题、情景运用；② 题干关键词：对话空缺选答语结构、补全对话题干、根据情景提示完成对话题干、具体人名Peter/Linda/Tom、称呼Mr./Miss/Ms./Mom/Dad/Grandpa、中文情景描述题干、一般现在时句式、一般疑问句、特殊疑问句、口语化简短答语、祈使句、口语省略结构、Good morning、Good afternoon、Good evening、Good night、Hello、Hi、How are you、How are you doing、How's it going、How is everything、How's your day、Nice to meet you、How do you do、Long time no see、Fine, thanks、I'm fine、Not bad、Great、Pretty good、Very well、So far, so good、Nice to meet you too、How are you feeling、How is your mother、How was your weekend；③ 涉及考查知识点有：不同时段（早晨/下午/晚上/睡前）问候语、询问与描述身体状况、询问与描述情绪状态、初次见面正式表达、初次见面非正式表达、熟人之间日常问候与回应、对他人问候的礼貌回应、告别与晚安用语、问候语文化差异（How do you do?的正式用法及回应方式）；注意：无明确说明",否,,,,,小潘,,,,,,,,,,,,,,,,,,,,,,,,,,,,,,,,
知识点->语用->社会交往->告别,"常见题型：选择题、补全对话、听力单选题、情景运用

题干关键词可能有：

① 题干多为对话形式，一方说出告别语句，要求选择另一方的恰当回应；部分题干以中文情景描述呈现（如“晚上分手时所用礼貌用语是？”）；常见结构：---A: ... ---B: _____（选择答语）、---Let's meet at ... ---OK. _____（约定后的告别）、---I have to go now. ---_____（回应告别）

② 一般现在时为主（日常告别用语）；多为简短祈使句或省略句（如“See you.”、“Bye.”、“Take care.”）；部分含有将来时（如“See you tomorrow.”、“Catch you later.”）；答语与上句保持语义呼应（如“See you.” → “See you.”）

③ 高频词有：告别发起（Goodbye, Bye, Bye for now, See you, See you later, See you tomorrow, See you then, Catch you later, Good night等）；告别回应（See you, Bye, You too, Same to you, Me too等）；叮嘱与祝福（Take care, Have a good day, Have a good trip, Safe trip home, Keep in touch, Write soon等）；场景提示词（go to bed, leave, go home, train, bus, school, evening, night）

涉及考查知识点有：不同场景的告别用语（日常分别、睡前、远行、电话结束、邮件结尾）；约定时间后的告别（See you then / Catch you later）；对他人告别的恰当回应（保持礼貌与呼应）；告别时的祝福与叮嘱（Take care, Have a nice day, Keep in touch）；告别用语的文化差异（如“Good night”仅用于睡前，不用于晚间分别）；告别与问候的区分（如“Good evening”是问候，不是告别）；电子邮件中的告别用语（Bye for now）
",第三轮：最终的高密度结构化释义：① 常见题型：选择题、补全对话、听力单选题、情景运用② 题干关键词：对话形式、中文情景描述、Goodbye、Bye、Bye for now、See you、See you later、See you tomorrow、See you then、Catch you later、Good night、You too、Same to you、Me too、Take care、Have a good day、Have a good trip、Safe trip home、Keep in touch、Write soon、go to bed、leave、go home、train、bus、school、evening、night③ 涉及考查知识点有：不同场景的告别用语（日常分别、睡前、远行、电话结束、邮件结尾）、约定时间后的告别、对他人告别的恰当回应、告别时的祝福与叮嘱、告别用语的文化差异、告别与问候的区分、电子邮件中的告别用语注意：“Good night”仅用于睡前，不用于晚间分别；“Good evening”是问候，不是告别；非告别类情景应答题目不打此标签,否,,,,,小潘,,,,,,,,,,,,,,,,,,,,,,,,,,,,,,,,
知识点->语用->社会交往->致谢,"常见题型：选择题、补全对话、听力单选题、情景运用

题干关键词可能有：

① 题干多为对话形式，一方表达感谢，要求选择另一方的恰当回应；部分题干以中文情景描述呈现（如“你想感谢对方，可以这样说”）；常见结构：---A: Thank you for ... ---B: _____（选择答语）、---A: Your ... looks nice. ---B: _____（对夸奖的回应）、---A: Happy birthday! ---B: _____（对祝福的回应）；题干中常出现具体帮助行为（如help me with English, carry the box, lend me a book等）

② 一般现在时为主（日常感谢与回应）；感谢句常用结构：Thank you (for + doing / noun)；回应感谢常用简短表达：You're welcome. / My pleasure. / Don't mention it. / Not at all. / That's all right等；对夸奖或祝福的感谢：Thank you. / Thanks等；部分使用省略句（如“Thanks!”、“No problem.”等）

③ 高频词有：感谢发起（Thank you, Thanks, Thanks a lot, Thank you for, It's very kind of you等）；感谢回应（You're welcome, My pleasure, It's my pleasure, Don't mention it, Not at all, That's all right, No problem, Glad to help等）；被感谢的原因（help, advice, gift, invitation, card, present, birthday, compliment等）；场景词（beautiful, nice, good job, congratulations, welcome等）

涉及考查知识点有：感谢的基本表达（Thank you. / Thanks. / Thanks a lot.等）；感谢他人的具体帮助（Thank you for + noun / -ing）；对感谢的多种回应方式（You're welcome. / My pleasure. / Don't mention it. / Not at all. / That's all right. / No problem.等）；对夸奖、赞美、祝福的感谢回应；不同文化中感谢与回应的礼貌习惯；书面与口语中感谢用语的差异（如邮件中“Thanks again”）
",第三轮：最终的高密度结构化释义：① 常见题型：选择题、补全对话、听力单选题、情景运用② 题干关键词：感谢类对话问答、感谢类中文情景描述、Thank you、Thanks、Thanks a lot、Thank you for、It's very kind of you、You're welcome、My pleasure、It's my pleasure、Don't mention it、Not at all、That's all right、No problem、Glad to help、help、advice、gift、invitation、card、present、birthday、compliment、beautiful、nice、good job、congratulations、welcome③ 涉及考查知识点有：感谢的基本表达、Thank you for + 名词/-ing结构用法、感谢的多种回应方式、对夸奖/赞美/祝福的感谢回应、感谢与回应的跨文化礼貌习惯、书面与口语感谢用语的差异注意：无明确说明,否,,,,,小潘,,,,,,,,,,,,,,,,,,,,,,,,,,,,,,,,
知识点->语用->社会交往->致歉,"常见题型：选择题、补全对话、听力单选题、情景运用

题干关键词可能有：

① 题干多为对话形式，一方表达歉意，要求选择另一方的恰当回应；部分题干以中文情景描述呈现（如“你上课迟到了，应该怎么说？”）；常见结构：---A: I'm sorry ... ---B: _____（选择答语）、---A: Don't ... ---B: _____（对劝阻或批评的回应）、---A: You stepped on my foot. ---B: _____（承认错误）；题干中常出现具体过错行为（如break your cup, be late, forget birthday, shout at you, take your book by mistake等）

② 一般现在时为主（道歉与回应）；道歉常用结构：I'm sorry (for + noun / -ing) 或 Sorry等；回应道歉常用简短表达：That's all right. / It doesn't matter. / Never mind. / That's OK. / No problem. / Forget it.等；对批评或禁令的回应：Sorry, I won't (do it again等)；承认错误：My mistake. / It's my fault等；部分使用一般过去时描述已发生的过错（如“I broke your pen.”）

③ 高频词有：道歉发起（I'm sorry, Sorry, I apologize, My fault, My mistake, Excuse me等）；回应道歉（That's all right, It doesn't matter, Never mind, That's OK, No problem, Forget it, Don't worry, It's nothing, Not a big deal, I forgive you等）；过错行为（be late, break, forget, shout, step on, take by mistake, lose, spill, run, talk loudly, litter, copy, cheat等）；承诺改正（I won't (do it again), I'll be more careful等）

涉及考查知识点有：道歉的基本表达（I'm sorry. / Sorry. / I apologize等）；道歉的具体内容（I'm sorry for + noun / -ing / that clause等）；承认错误（My mistake. / It's my fault等）；对道歉的多种回应方式（That's all right. / It doesn't matter. / Never mind. / That's OK. / No problem. / Forget it. / Don't worry about it等）；接受批评或禁令时的道歉回应（Sorry, I won't do it again等）；Excuse me 与 Sorry 的区别（Excuse me 用于打扰前，Sorry 用于犯错后）；文化差异（英语中道歉的礼貌程度与场合）；书面与口语中道歉用语的差异","第三轮：最终的高密度结构化释义。① 常见题型：选择题、补全对话、听力单选题、情景运用② 题干关键词：对话形式、中文情景描述、一般现在时、一般过去时，道歉发起类（I'm sorry、Sorry、I apologize、My fault、My mistake、Excuse me），道歉回应类（That's all right、It doesn't matter、Never mind、That's OK、No problem、Forget it、Don't worry、It's nothing、Not a big deal、I forgive you、Sorry, I won't do it again），过错行为类（be late、break、forget、shout、step on、take by mistake、lose、spill、run、talk loudly、litter、copy、cheat），承诺改正类（I won't do it again、I'll be more careful）③ 涉及考查知识点有：道歉的基本表达、道歉的具体内容（I'm sorry for + 名词/动名词/that从句结构）、承认错误表达、对道歉的多种回应方式、接受批评或禁令时的道歉回应、Excuse me与Sorry的区别、英语道歉的礼貌程度与场合相关文化差异、书面与口语中道歉用语的差异注意：Excuse me用于打扰前场景、Sorry用于犯错后场景，仅考查Excuse me打扰前使用场景的试题不打此标签",否,,,,,小潘,,,,,,,,,,,,,,,,,,,,,,,,,,,,,,,,
知识点->语用->社会交往->邀请,"常见题型：选择题、补全对话、听力单选题、情景运用

题干关键词可能有：

① 题干多为对话形式，一方发出邀请，要求选择另一方的回应；部分题干以中文情景描述呈现（如“你想邀请朋友一起去购物，可以这样说”等）；常见结构：---A: Would you like to ...? ---B: _____（选择答语）、---A: Let's ... ---B: _____（对提议的回应）、---A: Can you come to my party? ---B: _____（对邀请的回应）、---A: How about ...? ---B: _____（对建议的回应）；题干中常出现具体活动（如go to the zoo, play basketball, have a picnic, come to my party等）

② 一般现在时与一般将来时为主（邀请通常指向未来）；邀请常用句型：Would you like to + 动词原形?（最正式、常见）、Can you + 动词原形?（较随意）、Let's + 动词原形.（建议一起做）、Shall we + 动词原形?（提议）、How about + 动名词/名词?（建议）、Why don't you + 动词原形?（建议）等；接受邀请常用：Sure, I'd love to、Yes, I'd like to、Sounds great! / Good idea!、That sounds nice、With pleasure等；拒绝邀请常用：Sorry, I can't. / I'm sorry I can't、I'd love to, but ...、I'm afraid I can't、Maybe next time.等

③ 高频词有：邀请发起（Would you like to, Can you, Let's, Shall we, How about, Why don't you, Do you want to等）；接受邀请（I'd love to, Sure, Sounds great, Good idea, That sounds nice, With pleasure, Yes, please等）；拒绝邀请（Sorry, I'm afraid I can't, I'd love to but, I have to, I'm busy, Maybe next time, What a pity）；活动名词（party, movie, zoo, park, picnic, shopping, basketball, football, swimming, hiking, climbing, camping）；时间词（this weekend, tomorrow, tonight, on Sunday, after school）

涉及考查知识点有：邀请的多种表达方式（正式与非正式）；接受邀请的礼貌用语；拒绝邀请的礼貌表达（通常说明理由）；建议与邀请的区别（Let's / How about 更偏向建议，Would you like 更偏向邀请）；文化差异：英语中拒绝邀请常需给出理由以表礼貌；书面邀请与口头邀请的用语差异（如邮件中更正式）；时间与地点约定的表达（Let's meet at ...等）","第三轮：最终的高密度结构化释义。① 常见题型：选择题、补全对话、听力单选题、情景运用② 题干关键词：对话形式题干、中文邀请类情景描述；邀请发起表达：Would you like to、Can you、Let's、Shall we、How about、Why don't you、Do you want to；接受邀请表达：I'd love to、Sure、Sounds great、Good idea、That sounds nice、With pleasure、Yes, please；拒绝邀请表达：Sorry、I'm afraid I can't、I'd love to but、I have to、I'm busy、Maybe next time、What a pity；活动类名词、时间类词汇③ 涉及考查知识点有：邀请的多种表达方式（正式与非正式）、接受邀请的礼貌用语、拒绝邀请的礼貌表达、建议与邀请的区别、英语邀请场景文化差异、书面邀请与口头邀请的用语差异、时间与地点约定的表达注意：需区分建议与邀请：Let's / How about更偏向建议，Would you like更偏向邀请，其余排他规则无明确说明",否,,,,,小潘,,,,,,,,,,,,,,,,,,,,,,,,,,,,,,,,
知识点->语用->社会交往->约会,"常见题型：选择题、补全对话、听力单选题、情景运用

题干关键词可能有：

① 题干多为对话形式，一方提出约会时间/地点，要求选择另一方的回应；部分题干以中文情景描述呈现（如“你想和朋友约定见面时间，可以这样说”）；常见结构：---A: Let's meet at ... ---B: _____（选择答语）、---A: When shall we meet? ---B: _____（对时间询问的回应）、---A: Shall we meet at ...? ---B: _____（对提议的回应）、---A: Can you meet me at ...? ---B: _____（对约定的回应）；题干中常出现具体时间（如6:00, 8:30, tomorrow morning等）或地点（如school gate, library, park等）

② 一般现在时与一般将来时为主（约定未来时间）；常用句型：提议约定（Let's meet at ... / Shall we meet at ...? / When shall we meet? / What time shall we meet? / Is ... OK with you?等）、接受约定（OK. / Sure. / Great. / See you then. / Catch you then. / That's fine. / No problem等）、拒绝或调整时间（Sorry, I can't make it. / I'm afraid I can't. / Will ... be OK? / How about ...?等）、询问时间（When shall we meet? / What time?等）、常用省略句（如“See you then.”、“At 8:00.”等）

③ 高频词有：约定发起（Let's meet, Shall we meet, When shall we meet, What time, Is ... OK, Can you meet等）；回应约定（OK, Sure, Great, See you then, Catch you then, That's fine, No problem, I'll be there等）；拒绝/调整（Sorry, I can't make it, I'm afraid I can't, How about, Will ... be OK等）；时间词（today, tomorrow, this evening, at 6:00, at 8:30, in the morning, on Friday等）；地点词（school gate, library, park, cinema, dining hall, home等）；其他（It's up to you, Any time is OK, Don't be late等）

涉及考查知识点有：约定见面的基本表达（时间、地点）；询问对方方便时间的礼貌用语；接受约定的多种回应方式；因故无法赴约时的礼貌拒绝与建议改期；确认约定的常用语（See you then. / Catch you later.）；时间表达的准确性（数字时间、上午/下午、具体日期）；文化差异：准时与迟到的态度（Don't be late. / I'm coming.）；短信/即时通讯中的约定用语（如“Where are you? I'm coming.”）","第三轮：最终的高密度结构化释义：① 常见题型：选择题、补全对话、听力单选题、情景运用② 题干关键词：对话形式、约定见面类中文情景描述、Let's meet at、Shall we meet at、When shall we meet、What time shall we meet、Is ... OK with you、Can you meet me at、OK、Sure、Great、See you then、Catch you then、That's fine、No problem、Sorry, I can't make it、I'm afraid I can't、Will ... be OK、How about、What time、I'll be there、It's up to you、Any time is OK、Don't be late、时间类词汇、地点类词汇③ 涉及考查知识点有：约定见面的基本表达（时间、地点）、询问对方方便时间的礼貌用语、接受约定的多种回应方式、因故无法赴约时的礼貌拒绝与建议改期、确认约定的常用语、时间表达的准确性、准时与迟到态度相关文化差异、短信/即时通讯中的约定用语注意：无明确说明",否,,,,,小潘,,,,,,,,,,,,,,,,,,,,,,,,,,,,,,,,
知识点->语用->社会交往->就餐,"常见题型：选择题、补全对话、听力单选题、情景运用

题干关键词可能有：

① 题干多为对话形式，一方（服务员）发出询问，另一方（顾客）回应；常见结构：---A: May I take your order? ---B: _____（顾客点餐）、---A: What would you like to eat/drink? ---B: _____（询问喜好）、---A: Would you like some ...? ---B: _____（提供食物）、---A: Which would you like, tea or coffee? ---B: _____（选择疑问）、---A: Help yourself to ... ---B: _____（招待他人）；题干中常出现菜单信息（如价格、菜品名称等）或图片提示（如食物、餐具等）

② 一般现在时为主（日常就餐对话）；情态动词常用：Would you like ...?, May I ...?, Can I help you?等；选择疑问句：Would you like tea or coffee? / Which soup would you like, chicken or fish?等；顾客点餐常用：I'd like ... / I'll have ... / ... please等；服务员询问常用：What would you like? / May I take your order? / Can I help you?等；招待他人常用：Help yourself to ...等；结账常用：May I have the bill? / Check, please.等

③ 高频词有：服务员用语（May I take your order?, Can I help you?, What would you like?, Would you like some ...?, Help yourself, Here is the menu, Take your time等）；顾客点餐（I'd like ..., ... please, A bowl/cup/glass of ..., Some ..., No, thanks, Yes, please等）；食物名词（noodles, rice, beef, chicken, fish, soup, dumplings, pizza, salad, juice, tea, coffee, milk, bread, cake, fruit, vegetables, egg, tomato, potato等）；餐具/量词（bowl, cup, glass, plate, spoon, chopsticks, menu, bill等）；其他（order, special, delicious, taste, full, hungry, bill, change）

涉及考查知识点有：餐厅点餐的基本对话流程（招呼 → 点餐 → 确认 → 用餐 → 结账）；礼貌请求与回应（Would you like ...? / May I ...? / I'd like ...等）；食物与饮料的英文名称（常见中餐、西餐、饮品）；选择疑问句的表达与回答（直接选择一项，如“Tea, please.”等）；数量与份量的表达（a bowl of, a glass of, a cup of, a plate of等）；接受与拒绝的礼貌用语（Yes, please. / No, thanks. / Just a little.等）；招待他人的用语（Help yourself to ...）；结账用语（May I have the bill? / Check, please. / How much is it?等）文化差异：不同国家的小费习惯、用餐礼仪（如文档中选择题提及喝汤发出声音在不同文化中的含义）","第三轮：最终的高密度结构化释义。① 常见题型：选择题、补全对话、听力单选题、情景运用；② 题干关键词：服务员与顾客的就餐对话形式、一般现在时、菜单/食物/餐具相关图文提示，英文关键词：Would you like ...?, May I ...?, Can I help you?, I'd like ..., I'll have ..., ... please, What would you like?, May I take your order?, Help yourself to ..., May I have the bill?, Check, please., Here is the menu, Take your time, A bowl/cup/glass of ..., Some ..., No, thanks, Yes, please., noodles, rice, beef, chicken, fish, soup, dumplings, pizza, salad, juice, tea, coffee, milk, bread, cake, fruit, vegetables, egg, tomato, potato, bowl, cup, glass, plate, spoon, chopsticks, menu, bill, order, special, delicious, taste, full, hungry, change；③ 涉及考查知识点有：餐厅点餐基本对话流程，礼貌请求与回应，食物与饮料英文名称，选择疑问句的表达与回答，数量与份量的表达，接受与拒绝的礼貌用语，招待他人用语，结账用语，不同国家小费习惯、用餐礼仪相关文化差异；注意：无明确说明",否,,,,,小潘,,,,,,,,,,,,,,,,,,,,,,,,,,,,,,,,
知识点->语用->社会交往->购物,"常见题型：选择题、补全对话、听力单选题、情景运用

题干关键词可能有：

① 题干多为对话形式，一方（店员）发出询问，另一方（顾客）回应；或给出中文情景，要求写出英文句子；常见结构：---A: Can I help you? ---B: _____（顾客回应）、---A: What can I do for you? ---B: _____、---A: How much is/are ...? ---B: _____（回答价格）、---A: What size do you want/take? ---B: _____、---A: I'll take it. ---B: _____（店员回应）；题干中常出现商品名称（如T-shirt, shoes, sweater, bag等）、价格数字、尺码（如size M, 38等）

② 一般现在时为主（日常购物对话）；情态动词常用：Can I help you? / What can I do for you?等；疑问句类型：一般疑问句：Can I help you? / Do you have ...?等、特殊疑问句：How much ...? / What size ...? / What color ...?等、顾客表达需求常用：I'd like ... / I want to buy ... / I need ...等、决定购买常用：I'll take it. / I'll take them.等、店员递物或找零常用：Here you are. / Here's your change.

③ 高频词有：店员用语（Can I help you?, What can I do for you?, May I help you?, What size?, Here you are, Here's your change等）；顾客用语（I'd like, I want to buy, I need, How much is/are, I'll take it, Yes, please, No, thanks, Just have a look等）；商品名词（shirt, T-shirt, sweater, coat, dress, skirt, shoes, socks, trousers, jeans, bag, hat, gloves, watch, book, gift等）；价格/数量（dollar(s), yuan, how much, price, cost, on sale, cheap, expensive等）；尺码/颜色（size, small, medium, large, color, red, blue, black, white等）

涉及考查知识点有：购物礼貌用语（店员招呼与顾客回应）；询问与表达价格（How much ...? / It's ... yuan/dollars.等）；询问与表达尺码（What size ...? / Size ...等）；表达购买意愿与决定（I'd like ... / I'll take it.等）；拒绝购买的礼貌表达（No, thanks. / Just looking.等）；货币单位与数字表达（dollar, yuan, 10, 50等）；商品特征的询问（颜色、材质、款式等）；试穿与退换的简单表达（Can I try it on?等）；付款与找零用语（Here's your change. / Here you are.等）；文化差异：不同国家购物时的习惯用语（如讨价还价与否）","第三轮：最终的高密度结构化释义。① 常见题型：选择题、补全对话、听力单选题、情景运用；② 题干关键词：对话形式（店员-顾客交互）、中文情景要求写英文句子、一般现在时、Can I help you?、What can I do for you?、How much is/are ...?、What size do you want/take?、I'll take it.、Do you have ...?、What color ...?、I'd like ...、I want to buy ...、I need ...、I'll take them.、Here you are.、Here's your change.、May I help you?、What size?、Yes, please、No, thanks、Just have a look、shirt、T-shirt、sweater、coat、dress、skirt、shoes、socks、trousers、jeans、bag、hat、gloves、watch、book、gift、dollar(s)、yuan、how much、price、cost、on sale、cheap、expensive、size、small、medium、large、color、red、blue、black、white；③ 涉及考查知识点有：购物礼貌用语（店员招呼与顾客回应）、询问与表达价格、询问与表达尺码、表达购买意愿与决定、拒绝购买的礼貌表达、货币单位与数字表达、商品特征的询问、试穿与退换的简单表达、付款与找零用语、不同国家购物习惯用语文化差异；注意：无明确说明",否,,,,,小潘,,,,,,,,,,,,,,,,,,,,,,,,,,,,,,,,
知识点->语用->社会交往->打电话,"常见题型：选择题、补全对话、听力单选题、情景运用

题干关键词可能有：

① 题干多为对话形式，一方接听或拨打电话，要求选择或填写另一方回应；常见结构：---A: Hello, may I speak to ...? ---B: _____（接听回应）、---A: Hello, this is ... speaking. ---B: _____（自我介绍）、---A: Is that ...? ---B: _____（确认对方）、---A: Sorry, he/she is not in. ---B: _____（留口信或改时）、---A: Can I take a message? ---B: _____（留言内容）；题干中常出现时间（如last night, at 7:00等）、场景提示（如calling to invite, ask for help等）

② 一般现在时为主（日常电话用语）；情态动词常用（May I speak to ...? / Could I speak to ...? / Can I take a message?等）；进行时可用于询问对方正在做什么（What are you doing?等）；电话接听常用（Hello, this is ... speaking. / This is ...Speaking. / This is ... speaking. / ... speaking. Hold on, please. / Please hold on. / Wait a minute.等）；询问对方身份（Who's that? / Who's calling? / Is that ...?等）；请求留言（Can I take a message? / Could you take a message for me?Please tell him/her to call me back.等）；回应留言（Sure. / OK. / No problem.等）

③ 高频词有：拨打电话（May I speak to, Could I speak to, Is that, This is ... speaking等）；接听电话（Speaking, This is ... speaking, Who's that, Who's calling等）；请求等待（Hold on, Wait a minute, Just a moment, Please hold等）；对方不在（not in, out, not here at the moment, sorry等）；留言相关（take a message, leave a message, call back, tell him/her, give a message等）；时间/场景（at this moment, last night, now, right now, when you call等）

涉及考查知识点有：电话礼貌用语（自我介绍、请求、转告）；接听与拨打电话的基本句式；询问与确认对方身份的常见表达（Is that ...? / Who's that?等）；请求对方等待的用语（Hold on, please.等）；对方不在时的应对方式（说明情况、提供留言、请求留言）；留言的完整表达（内容、回电方式）；电话用语与日常口语的区别（如用This is ...而非I am ...）；文化差异：英语电话中通常不说“Who are you?”，而说“Who's that?”或“Who's calling?”；不同时态在电话语境中的使用（如询问过去未接电话的原因：What were you doing last night?）",第三轮：最终的高密度结构化释义。① 常见题型：选择题、补全对话、听力单选题、情景运用；② 题干关键词：对话形式，电话场景，May I speak to，Could I speak to，Is that，This is ... speaking，Speaking，Who's that，Who's calling，Hold on，Wait a minute，Just a moment，Please hold，not in，out，not here at the moment，take a message，leave a message，call back，tell him/her，give a message，at this moment，last night，now，right now，when you call；③ 涉及考查知识点有：电话礼貌用语（自我介绍、请求、转告），接听与拨打电话的基本句式，询问与确认对方身份的常见表达，请求对方等待的用语，对方不在时的应对方式，留言的完整表达，电话用语与日常口语的区别，英语电话用语文化差异，不同时态在电话语境中的使用；注意：电话自我介绍需用This is ...而非I am ...；询问对方身份不可用Who are you?，需用Who's that?/Who's calling?；非电话场景的日常对话题目不打此标签,否,,,,,小潘,,,,,,,,,,,,,,,,,,,,,,,,,,,,,,,,
知识点->语用->社会交往->看病/生病,"常见题型：选择题、补全对话、听力单选题、情景运用

题干关键词可能有：

① 题干多为对话形式，一方（医生或朋友）询问病情，另一方（病人）描述症状，或医生给出建议；常见结构：---A: What's the matter (with you)? ---B: _____（描述症状）、---A: I have a ... ---B: _____（表达同情或建议）、---A: How long have you been like this? ---B: _____（回答持续时间）、---A: What should I do? ---B: _____（给出建议）、---A: Did you see a doctor? ---B: _____（回答是否就医）；题干中常出现具体症状名词（如headache, fever, cough, sore throat, stomachache, toothache等）、时间长度（如for two days, since last night等）、建议动作（如take medicine, drink water, rest等）

② 一般现在时为主（描述当前症状、询问病情）；现在完成时常用于询问症状持续时间（How long have you been like this? / I have had a headache for two days.等）；情态动词常用：should / shouldn't（给出建议：You should see a doctor. / You shouldn't eat too much.等）、can / could（询问能力或可能性：Can I go to school?）；一般过去时用于描述病因或过去发生的事（I ate too much ice cream yesterday. / I fell off my bike.等）；祈使句用于医生建议（Drink more water. / Take this medicine three times a day.等）常用感叹句表达同情（I'm sorry to hear that.等）

③ 高频词有：询问病情（What's the matter, What's wrong, What's the trouble, How are you feeling, What happened等）；症状名词（headache, fever, cough, sore throat, stomachache, toothache, runny nose, cold, flu, pain, temperature等）；身体部位（head, throat, stomach, tooth, back, leg, arm, neck, knee等）；动作/原因（eat too much, stay up late, fall off, get caught in the rain, exercise too much等）；时间（how long, for two days, since yesterday, last night等）；建议动词（should, shouldn't, need to, had better, take medicine, drink water, rest, see a doctor, take your temperature等）；医生用语（take your temperature, open your mouth, nothing serious, take this medicine, twice a day等）；回应（I'm sorry to hear that, That's too bad, Get well soon, Take care等）

涉及考查知识点有：常见疾病与症状的英文表达（cold, flu, fever, cough, headache, stomachache, toothache, sore throat, runny nose, backache等）；询问与描述病情的句型（What's wrong? / I have a ...等）；表达身体部位疼痛的方式（My head hurts. / I have a pain in my back.等）；询问症状持续时间的句型（How long have you been like this?等）；说明病因的常用表达（Because I ate too much... / I stayed up late...等）；医生诊断与建议的常用句型（You have a cold. / You should take some medicine. / You'd better rest.等）；看病时的礼貌用语（Thank you, doctor. / You're welcome.等）；表示同情与祝愿的表达（I'm sorry to hear that. / Hope you get well soon.等）；数字与频率的表达（three times a day, for two days, twice a week等）；文化差异：看病时的预约、急诊、药店买药等常识（如急救电话120）","第三轮：最终的高密度结构化释义
① 常见题型：选择题、补全对话、听力单选题、情景运用
② 题干关键词：What's the matter、What's wrong、What's the trouble、How are you feeling、What happened、headache、fever、cough、sore throat、stomachache、toothache、runny nose、cold、flu、pain、temperature、head、throat、stomach、tooth、back、leg、arm、neck、knee、eat too much、stay up late、fall off、get caught in the rain、exercise too much、how long、for two days、since yesterday、last night、should、shouldn't、need to、had better、take medicine、drink water、rest、see a doctor、take your temperature、open your mouth、nothing serious、twice a day、I'm sorry to hear that、That's too bad、Get well soon、Take care
③ 涉及考查知识点有：常见疾病与症状的英文表达、询问与描述病情的句型、表达身体部位疼痛的方式、询问症状持续时间的句型、说明病因的常用表达、医生诊断与建议的常用句型、看病时的礼貌用语、表示同情与祝愿的表达、数字与频率的表达、看病相关文化常识
注意：无明确说明",否,,,,,小潘,,,,,,,,,,,,,,,,,,,,,,,,,,,,,,,,
知识点->语用->社会交往->问路/行程,"常见题型：选择题、补全对话、听力单选题、情景运用

题干关键词可能有：

① 题干多为对话形式，一方礼貌询问地点或路线，另一方给出指示；常见结构：---A: Excuse me, where is ...? ---B: _____（回答位置）、---A: Could you tell me the way to ...? ---B: _____（指路）、---A: How can I get to ...? ---B: _____（描述路线）、---A: Is there a ... near here? ---B: _____（确认是否存在）、---A: How do you usually go to school? ---B: _____（询问交通方式）；题干中常出现地点名词（如library, hospital, cinema, bank, post office, supermarket, school, museum, train station等）、方位词（如next to, behind, between, across from等）、路线动词（如go along, turn left/right, walk straight等）

② 一般现在时为主（描述位置、路线、日常出行方式）；情态动词常用：Could / Can（礼貌询问：Could you tell me ...? / Can you help me?等）、May（May I ask ...?等）；祈使句用于指路：Go straight. / Turn left. / Walk along the street.等；特殊疑问句类型（问地点：Where is ...?、问路线：How can I get to ...?、问方式：How do you go to ...?、问距离：How far is it from ...?、问时间：How long does it take?）；介词短语表示位置：next to, behind, between A and B, across from, on the left/right, at the corner等；回答常用省略句：It's behind the bank. / Go straight. / Turn right at the first crossing.等

③ 高频词有：礼貌询问（Excuse me, Could you tell me, Pardon me, May I ask, Can you show me等）；地点名词（library, hospital, cinema, bank, post office, supermarket, school, museum, train station, bus stop, park, bookstore, restroom, toilet等）；方位介词与短语（next to, behind, in front of, across from, between, on the left/right, at the corner, near等）；路线动词（go along, go straight, turn left/right, walk, cross, take the (first/second) turning等）；交通方式（by bus, by bike, by car, on foot, take a taxi, ride a bike, drive等）；距离/时间（how far, how long, minutes, kilometers, meters, about 10 minutes' walk等）其他（Is there, Where is, How can I get to, the way to, over there等）

涉及考查知识点有：问路的礼貌用语（Excuse me, Could you please...等）；方位介词的正确使用（next to, behind, between, across from, on the corner of等）；指路的基本句型（Go straight, Turn left/right, It's on your left, Take the second turning等）；询问与描述距离（How far is it? / It's about 500 meters away. / It's a 10-minute walk.等）；询问与描述交通方式（How do you go...? / I go by bus. / I take the subway.等）；地图或标志的解读能力（根据图示判断路线）；表示地点的名词词汇（公共场所、设施名称）；在无法指路时的礼貌回应（Sorry, I'm new here. / I'm not sure.等）；文化差异：问路时常用Excuse me开头，回答时常用Sure或Of course表示乐意帮助","第三轮：最终的高密度结构化释义。① 常见题型：选择题、补全对话、听力单选题、情景运用② 题干关键词：Excuse me, where is, Could you tell me the way to, How can I get to, Is there, How do you usually go to, How far, How long, library, hospital, cinema, bank, post office, supermarket, school, museum, train station, bus stop, park, bookstore, restroom, toilet, next to, behind, in front of, across from, between, on the left/right, at the corner, near, go along, go straight, turn left/right, walk, cross, take the (first/second) turning, by bus, by bike, by car, on foot, take a taxi, ride a bike, drive, minutes, kilometers, meters, about 10 minutes' walk, the way to, over there, Could, Can, May③ 涉及考查知识点有：问路的礼貌用语、方位介词的正确使用、指路的基本句型、询问与描述距离、询问与描述交通方式、地图或标志的解读能力、地点类名词词汇、无法指路时的礼貌回应、问路相关文化差异④ 注意：非问路、指路、位置询问、交通方式询问相关的对话类试题不打此标签",否,,,,,小潘,,,,,,,,,,,,,,,,,,,,,,,,,,,,,,,,
知识点->语用->社会交往->谈论天气,"常见题型：选择题、补全对话、听力单选题、情景运用

题干关键词可能有：

① 题干多为对话形式，一方询问天气，另一方回答；或给出中文情景要求写出英文句子；常见结构：---A: What's the weather like today? ---B: _____（回答天气）、---A: How's the weather in ...? ---B: _____（描述天气）、---A: What's the temperature? ---B: _____（回答温度）、---A: Will it rain tomorrow? ---B: _____（对天气预测的回应）、---A: What fine weather! ---B: _____（感叹天气）；题干中常出现地点（如in Beijing, in your hometown等）、时间（如today, tomorrow, in summer, yesterday等）、天气形容词（如sunny, rainy, cloudy, snowy, windy, hot, cold, warm, cool等）

② 一般现在时为主（描述当前或一般性天气、气候）；一般将来时用于天气预报或未来天气预测（It will be sunny tomorrow. / What will the weather be like?等）；一般过去时用于询问或描述过去的天气（What was the weather like yesterday? / It was rainy.等）；感叹句用于表达对天气的感叹（What a sunny day! / How windy it is!等）；常用句型（询问天气：What's the weather like? / How's the weather? / What's the weather like in + 地点?等、询问温度：What's the temperature? / How many degrees?等、描述天气：It's + 天气形容词. / It's + 温度 degrees.等、对天气预报的回应：I hope so. / I hope not. / I'm afraid so. / I'm afraid not.等、建议：You'd better take an umbrella.等）

③ 高频词有：询问天气（What's the weather like, How's the weather, What's the temperature, What will the weather be like等）；天气形容词：sunny, cloudy, rainy, snowy, windy, foggy, hot, cold, warm, cool, wet, dry, stormy, freezing等）；时间词（today, tomorrow, yesterday, in summer/winter/spring/autumn, next week, last night等）；地点词（in Beijing, in your hometown, here, there等）；温度相关（degrees, Celsius, temperature, 20°C, 30 degrees等）；对天气预测的回应（I hope so, I hope not, I'm afraid so, I'm afraid not, I think so等）；感叹词（What, How等）；建议（You'd better, Let's, bring an umbrella等）

涉及考查知识点有：询问天气的两种常见句型（What's the weather like? / How's the weather?）；描述天气的形容词词汇（sunny, rainy, cloudy, snowy, windy, foggy, hot, cold, warm, cool, wet, dry等）；温度的表达方式（数字 + degrees Celsius / centigrade等）；一般现在时、一般过去时、一般将来时在天气话题中的使用；天气预报相关的表达（The weather report says... / It will rain...等）；感叹句的构成（What + 名词短语! / How + 形容词/副词!）；对天气预测的期望表达（I hope so/not, I'm afraid so/not等）；根据天气提出活动建议或注意事项；文化常识：不同地区的典型气候、天气预报的常用符号

",第三轮：最终的高密度结构化释义。① 常见题型：选择题、补全对话、听力单选题、情景运用② 题干关键词：天气类对话、中文情景写英文句子要求，What's the weather like、How's the weather、What's the temperature、What will the weather be like、sunny、cloudy、rainy、snowy、windy、foggy、hot、cold、warm、cool、wet、dry、stormy、freezing、today、tomorrow、yesterday、in summer/winter/spring/autumn、next week、last night、in Beijing、in your hometown、here、there、degrees、Celsius、temperature、20°C、30 degrees、I hope so、I hope not、I'm afraid so、I'm afraid not、I think so、What、How、You'd better、Let's、bring an umbrella③ 涉及考查知识点有：询问天气的两种常见句型、天气类形容词词汇、温度表达方式、一般现在时/一般过去时/一般将来时在天气话题中的使用、天气预报相关表达、感叹句构成、对天气预测的期望表达、根据天气提出活动建议或注意事项、不同地区典型气候、天气预报常用符号文化常识注意：无明确说明,否,,,,,小潘,,,,,,,,,,,,,,,,,,,,,,,,,,,,,,,,
知识点->语用->社会交往->语言困难,"常见题型：选择题、补全对话、听力单选题、情景运用

题干关键词可能有：

① 题干多为对话或独白形式，内容围绕语言学习中的困难、方法、建议；常见结构：听力题（先听一段对话或短文，然后回答选择题或判断题）、补全对话（给出对话上下文，选择恰当的句子填入空白处）；题干中常出现学习行为动词（如learn, speak, write, memorize, review等）、学习内容名词（如English, vocabulary, grammar, pronunciation, new words等）

② 一般现在时为主（描述普遍的学习困难或习惯）；情态动词常用：can / can't（表达能力或困难：I can't remember new words.等）、should（给出建议：You should use a dictionary.等）、may / might（推测可能性）；现在完成时偶尔出现（询问经历：Have you ever used an app to learn a language?等）；祈使句用于建议（Guess their meanings. / Take notes. / Read more books.等）；常见句型：表达困难（I find ... difficult. / ... is very difficult for me.等）、询问方法（What should I do? / How can I improve my ...?等）、给出建议（You can ... / You'd better ... / Why not ...?等）

③ 高频词有：困难表达（difficult, hard, can't, find it hard to, have trouble in, bad at等）；语言技能（speaking, writing, reading, listening, vocabulary, grammar, pronunciation, spelling, new words等）；学习方法（guess, use a dictionary, take notes, review, memorize, practice, read more等）；建议动词（should, can, could, had better, why not, suggest等）；学习工具（dictionary, app, book, computer, game等）；询问与回答（What's your favorite subject? Why? How can I improve?等）

涉及考查知识点有：表达语言学习困难的常用句型（I find ... difficult. / ... is hard for me.等）；询问学习方法与建议的句型（How can I ...? / What should I do?）；给出学习建议的多种表达（You should/can/could... / Why not...? / You'd better...等）；学习策略词汇（guess meaning, use context, take notes, review regularly, practice speaking等）；语言学习工具的名称（dictionary, app, flashcard, textbook等）；描述学习态度的形容词（interesting, boring, confident, shy, hard-working等）；听力策略：从对话中提取关键信息（困难类型、建议内容）；文化知识：英语学习中的常见误区（如只背单词不运用）及有效方法（如自然习得、多阅读）",第三轮：最终的高密度结构化释义：① 常见题型：选择题、补全对话、听力单选题、情景运用；② 题干关键词：对话、独白、learn、speak、write、memorize、review、English、vocabulary、grammar、pronunciation、new words、can、can't、should、may、might、difficult、hard、find it hard to、have trouble in、bad at、speaking、writing、reading、listening、spelling、guess、use a dictionary、take notes、practice、read more、could、had better、why not、suggest、dictionary、app、book、computer、game、I find ... difficult.、... is very difficult for me.、What should I do?、How can I improve my ...?、You can ...、You'd better ...、Why not ...?；③ 涉及考查知识点有：表达语言学习困难的常用句型、询问学习方法与建议的句型、给出学习建议的多种表达、学习策略词汇、语言学习工具的名称、描述学习态度的形容词、听力关键信息提取策略、英语学习常见误区及有效方法；注意：无明确说明,否,,,,,小潘,,,,,,,,,,,,,,,,,,,,,,,,,,,,,,,,
知识点->语用->社会交往->祝贺/祝愿,"

常见题型：选择题、补全对话、听力单选题、情景运用

题干关键词可能有：

① 题干多为对话形式，一方告知某事（如获奖、去旅行、考试等），另一方表达祝贺或祝愿；或给出中文情景要求写出英文祝福；常见结构：---A: I won the first prize. ---B: _____（选择祝贺语）、---A: I'm going to travel to Beijing. ---B: _____（选择祝愿语）、---A: Happy birthday! ---B: _____（回应祝福）、根据情景提示，完成句子：你想祝朋友好运，可以说：_____；题干中常出现成就类动词（如win, get, pass, succeed等）、计划类动词（如go, travel, take a trip, have a test等）、节日名词（如New Year, birthday, Christmas等）

② 一般现在时为主（表达祝贺、祝愿）；一般将来时用于告知未来计划（I will / am going to...等）；现在完成时用于告知已取得的成就（I have won / got...等）；祈使句和感叹句常用于祝愿（Have a good time! / Enjoy yourself!等）；省略结构常见（Good luck! / Congratulations!等）；常用句型：祝贺（Congratulations! / Well done! / Good for you! / That's great!等）、祝愿（Good luck! / Have a good time! / Enjoy yourself! / Best wishes! / Happy birthday! / Happy New Year!等）、回应祝福（Thank you. / Thanks.等）、表达希望（I hope so. / I wish you success.等）

③ 高频词有：祝贺类（Congratulations, Well done, Good for you, That's great, Amazing, Proud of you等）；祝愿类（Good luck, Have a good time, Enjoy yourself, Have fun, Best wishes, Happy birthday, Happy New Year, Merry Christmas, Take care, Safe trip, Wish you success等）；回应类（Thank you, Thanks, You too, The same to you等）；动词/短语（win, get, pass, succeed, go on a trip, take a test, compete, join, celebrate等）；名词（prize, competition, exam, trip, holiday, birthday, New Year, festival, dream等）

涉及考查知识点有：祝贺他人的常用表达（对成就、成功、喜讯的回应）；祝愿他人的常用表达（对旅行、考试、比赛、未来的美好期望）；节日祝福语（生日、新年、圣诞节等）；回应祝贺与祝愿的礼貌用语（Thank you. / Thanks. / You, too. / The same to you.）；不同场合下祝贺与祝愿的区别（如“Good luck”用于未来，“Congratulations”用于已发生的事）；文化常识：英语国家常见的祝贺与祝愿习惯（如生日送祝福、考试前说Good luck、旅行前说Have a good time）；书面与口头表达：卡片、邮件中的祝福语（如“Best wishes”、“Wish you every success”）",第三轮：最终的高密度结构化释义。① 常见题型：选择题、补全对话、听力单选题、情景运用；② 题干关键词：对话形式、中文情景要求，win、get、pass、succeed、go、travel、take a trip、have a test、go on a trip、compete、join、celebrate、prize、competition、exam、trip、holiday、birthday、New Year、Christmas、festival、dream、Congratulations、Well done、Good for you、That's great、Amazing、Proud of you、Good luck、Have a good time、Enjoy yourself、Have fun、Best wishes、Happy birthday、Happy New Year、Merry Christmas、Take care、Safe trip、Wish you success、Thank you、Thanks、You too、The same to you，一般将来时标志I will/am going to、现在完成时标志I have won/got、祈使句、感叹句、省略结构；③ 涉及考查知识点有：祝贺他人常用表达、祝愿他人常用表达、节日祝福语、回应祝贺与祝愿的礼貌用语、不同场合祝贺与祝愿的适用区别、英语国家祝贺与祝愿文化常识、祝福的书面与口头表达规范；注意：排他性规则：不属于祝贺、祝愿、回应祝福类情景的题目不打此标签；易混淆点：Good luck适用于未来事件场景，Congratulations适用于已取得成就的已发生事件场景，二者不可混用,否,,,,,小潘,,,,,,,,,,,,,,,,,,,,,,,,,,,,,,,,
知识点->语用->社会交往->请求允许,"常见题型：选择题、补全对话、听力单选题、情景运用

题干关键词可能有：

① 题干多为对话形式，一方提出请求（借用物品、允许做某事、请求帮助等），另一方给出回应；常见结构：---A: Can/Could/May I ...? ---B: _____（回应允许或拒绝）、---A: Could you please ...? ---B: _____（请求对方帮忙）、---A: Would you mind (my) ...? ---B: _____（请求许可或请求对方做某事）、---A: Do you mind if I ...? ---B: _____、---A: Is it OK if I ...? ---B: _____；题干中常出现具体请求内容（如use your phone, open the window, borrow a pen, go out with friends, take out the rubbish等）

② 情态动词是核心：Can I / Could I / May I（请求允许自己做某事）、Could you / Can you / Would you please（请求对方做某事）、Would you mind (my) + 动名词（礼貌请求对方做某事或允许自己做某事）；一般现在时为主（日常请求）；疑问句形式（一般疑问句或特殊疑问句，后者较少）；回应常用简短结构：肯定（Sure. / Of course. / Certainly. / Yes, please. / Go ahead. / No problem. / Not at all. / Of course not.等）、否定（Sorry, you can't. / I'm afraid not. / I'd rather you didn't. / No way. / Sorry, I'm busy.等）

③ 高频词有：请求表达（Can I / Could I / May I、Could you / Can you / Would you please、Would you mind (my) + v-ing、Do you mind if I、Is it OK if I等）；回应肯定（Sure, Of course, Certainly, Yes, please, Go ahead, No problem, Not at all, Of course not, Here you are等）；回应否定（Sorry, I'm afraid not, I'm sorry you can't, No way, Better not, I'd rather you didn't等）；请求内容名词/动词（use, borrow, lend, open, close, turn on/off, go out, sit, help, pass, take out, clean, watch, play等）

涉及考查知识点有：请求允许的基本句型（Can I / Could I / May I + 动词原形）；请求对方帮忙的句型（Could you / Can you + 动词原形）；Would you mind + 动名词的用法及回应（Not at all. 表示不介意；Sorry. 表示介意）；礼貌请求与直接请求的区别（Could比Can更委婉，May更正式）；肯定回应与否定回应的常用表达；文化差异：英语中请求通常使用疑问句而非祈使句，以表礼貌；拒绝时往往给出理由或委婉表达；语境判断：根据对话情景判断请求是否合理，以及回应是否恰当（如对长辈的请求更应使用Could/May）","第三轮：最终的高密度结构化释义。① 常见题型：选择题、补全对话、听力单选题、情景运用
② 题干关键词：Can I、Could I、May I、Could you、Can you、Would you please、Would you mind (my)+v-ing、Do you mind if I、Is it OK if I、Sure、Of course、Certainly、Yes, please、Go ahead、No problem、Not at all、Of course not、Here you are、Sorry、I'm afraid not、I'm sorry you can't、No way、Better not、I'd rather you didn't、use、borrow、lend、open、close、turn on/off、go out、sit、help、pass、take out、clean、watch、play
③ 涉及考查知识点有：请求允许的基本句型、请求对方帮忙的句型、Would you mind + 动名词的用法及回应、礼貌请求与直接请求的区别、肯定回应与否定回应的常用表达、英语请求类表达文化差异、对话语境判断
注意：无明确说明",否,,,,,小潘,,,,,,,,,,,,,,,,,,,,,,,,,,,,,,,,
知识点->语用->社会交往->劝告/建议,"常见题型：选择题、补全对话、听力单选题、情景运用

题干关键词可能有：

① 题干多为对话形式，一方提出问题或困境，另一方给出建议；或一方直接提出建议，另一方回应；常见结构：---A: What should I do? ---B: _____（寻求建议 → 给出建议）、---A: Why not / How about / Let's ...? ---B: _____（提出建议 → 回应）、---A: You should / shouldn't ... ---B: _____（直接建议 → 回应）、---A: Could you give me some advice? ---B: _____（请求建议 → 回应）、---A: I have a problem. ---B: _____（描述问题 → 建议）；题干中常出现问题描述（如生病、学习困难、人际关系冲突、环境问题等）和建议内容（如看病、休息、沟通、学习方法等）

② 情态动词为核心：should / shouldn't（最常用，表示应该/不应该）、could（委婉建议）、must / mustn't（强烈建议或禁止）、had better (not)（最好做/不做）；建议句型：Why not + 动词原形? / Why don't you + 动词原形?、How about / What about + 动名词/名词?、Let's + 动词原形.、You'd better (not) + 动词原形.、It's a good idea to + 动词原形.、You could + 动词原形.；回应建议：接受：Good idea! / Sounds great! / That's a good idea. / OK. / Sure. / I'll try. / Thank you for your advice.等、拒绝/犹豫：I'd love to, but... / Sorry, I can't. / I'm not sure. / Maybe another time. / That depends.等；询问建议：What should I do? / Could you give me some advice? / What do you suggest? / What's your advice?等

③ 高频词有：建议表达（should, shouldn't, could, had better, why not, how about, let's, what about, it's a good idea, you need to, you must, you'd better not等）；回应建议（Good idea, Sounds great, That's a good idea, OK, Sure, I'd love to, Thanks, I'll try, Maybe, I'm not sure, That depends等）；问题描述（have a cold/fever/headache/stomachache/toothache, argue with, fail the exam, can't sleep, feel stressed, have trouble in, be weak in等）；建议内容名词/动词（see a doctor, take medicine, drink water, rest, exercise, talk to, say sorry, practice, read, listen to music, go to bed early, recycle, save water等）

涉及考查知识点有：提出建议的多种句型及其语气强弱（should最直接，could更委婉，why not/have you tried更友好）；接受与拒绝建议的礼貌表达；针对不同问题的常见建议词汇（健康、学习、人际、安全、环保等）；情态动词在建议中的用法辨析（should vs. could vs. had better）；建议类对话的交际策略：先倾听问题，再给出具体、可行的建议；文化差异：不同文化中对个人问题的建议方式（如西方更注重委婉，中国可能更直接）；听力策略：从对话中识别建议的关键词和语气","第三轮：最终的高密度结构化释义。① 常见题型：选择题、补全对话、听力单选题、情景运用② 题干关键词：What should I do、Why not、How about、Let's、should、shouldn't、Could you give me some advice、could、must、mustn't、had better (not)、Why don't you、What about、It's a good idea to、Good idea、Sounds great、That's a good idea、OK、Sure、I'll try、Thank you for your advice、I'd love to, but、Sorry, I can't、I'm not sure、Maybe another time、That depends、have a cold、fever、headache、stomachache、toothache、argue with、fail the exam、can't sleep、feel stressed、have trouble in、be weak in、see a doctor、take medicine、drink water、rest、exercise、talk to、say sorry、practice、read、listen to music、go to bed early、recycle、save water、对话形式、问题描述、建议内容、寻求建议、提出建议、回应建议、请求建议③ 涉及考查知识点有：提出建议的多种句型及其语气强弱辨析、接受与拒绝建议的礼貌表达、健康/学习/人际/安全/环保场景常见建议词汇、情态动词在建议场景的用法辨析、建议类对话的交际策略、建议表达跨文化差异、听力场景建议信息识别策略注意：无明确说明",否,,,,,小潘,,,,,,,,,,,,,,,,,,,,,,,,,,,,,,,,
知识点->语用->社会交往->提醒/注意,"常见题型：选择题、补全对话、听力单选题、情景运用

题干关键词可能有：

① 题干多为对话形式，一方发出提醒，另一方回应；或给出中文情景要求写出英文提醒；常见结构：---A: Don't forget to ... ---B: _____（提醒 → 回应）、---A: Be careful! / Look out! / Watch out! ---B: _____、---A: Hurry up! / Come on! ---B: _____、---A: Remember to ... ---B: _____、---A: Please ... ---B: _____；根据情景提示，写出提醒语：你想提醒同学上课铃响了，可以说：_____；题干中常出现具体行为（如关窗、锁门、带伞、别跑、别迟到、别忘带东西等）和地点/时间（如in the library, on the road, before leaving等）

② 祈使句为主要句式：（肯定祈使句：Be careful! / Hurry up! / Remember to ... / Please ...等、否定祈使句：Don't forget to ... / Don't run. / Don't smoke here.等）；情态动词用于提醒（You should / shouldn't ...（应该/不应该）、You'd better (not) ...（最好/最好不）；感叹词/短语（Look out! / Watch out! / Be quiet! / No smoking!等）；回应提醒（接受：OK. / I will. / Sorry, I won't. / I get it. / Thanks for reminding me.等、拒绝/推迟：Wait a minute. / Just a moment. / I'm coming.等）

③ 高频词有：提醒用语（Be careful, Look out, Watch out, Hurry up, Come on, Don't forget, Remember to, Please, No smoking/parking/photos, Keep quiet, Slow down, Mind your step等）；回应提醒（OK, I will, Sorry I won't, I get it, Thanks, Wait a minute, Just a moment, I'm coming等）；提醒内容（close the window, turn off the light, lock the door, bring your umbrella, wear a helmet, keep a safe distance, don't run, don't eat in class, don't be late, it's time to...等）

涉及考查知识点有：祈使句的肯定与否定形式（用于直接提醒、命令、劝告）；情态动词在提醒中的用法（must/mustn't, should/shouldn't, had better）；对提醒的礼貌回应（接受、道歉、解释、感谢）；公共场所标识语的理解与表达（No smoking, Quiet area, No exit, Wet floor等）；安全常识与规则意识（交通规则、校园纪律、家庭安全、环保行为）；时间管理与守时提醒（It's time to... / Hurry up! / Don't be late.）；文化差异：不同场合下提醒的礼貌程度（如对长辈用“Please...”更礼貌）","第三轮：最终的高密度结构化释义：① 常见题型：选择题、补全对话、听力单选题、情景运用② 题干关键词：Be careful、Look out、Watch out、Hurry up、Come on、Don't forget to、Remember to、Please、should、shouldn't、You'd better (not)、No smoking、No parking、No photos、Keep quiet、Slow down、Mind your step、OK、I will、Sorry, I won't、I get it、Thanks for reminding me、Wait a minute、Just a moment、I'm coming、in the library、on the road、before leaving、close the window、turn off the light、lock the door、bring your umbrella、wear a helmet、keep a safe distance、don't run、don't eat in class、don't be late、it's time to、对话形式、提醒、回应、中文情景要求③ 涉及考查知识点有：祈使句的肯定与否定形式、情态动词must/mustn't/should/shouldn't/had better在提醒中的用法、提醒的礼貌回应（接受、道歉、解释、感谢）、公共场所标识语的理解与表达、安全常识与规则意识、时间管理与守时提醒、不同场合下提醒礼貌程度的文化差异④ 注意：无明确说明",否,,,,,小潘,,,,,,,,,,,,,,,,,,,,,,,,,,,,,,,,
知识点->语用->社会交往->禁止/警告,"常见题型：选择题、补全对话、听力单选题、情景运用

题干关键词可能有：

① 题干多为看图选择或对话形式，一方指出规则或警告，另一方回应；常见结构：---What does the sign mean? ---It means ""_____""、---Which sign means ""No swimming""? ---_____、---Don't ... ---_____（回应：Sorry, I won't. / OK, I will.等）、---Can we ...?、---No, you can't. Look at the sign.；根据情景提示，写出禁止语：你想告诉同学不要在图书馆说话，可以说：_____；题干中常出现标志图片（如禁止停车、禁止吸烟、禁止拍照等）或具体违规行为（如乱扔垃圾、踩草坪、迟到、在走廊跑等）

② 祈使句否定形式为主：Don't + 动词原形（Don't smoke here. / Don't be late.）、“No + 动名词/名词” 结构：No smoking / No parking / No photos / No eating等；情态动词表示禁止：mustn't / can't（You mustn't swim here. / You can't park here.等）；回应禁止/警告（接受/承诺：Sorry, I won't. / OK, I will. / I see. / I get it.等）；拒绝/反驳（较少）（No way! / Why not?等）；感叹词/短语：Stop! / Be quiet! / Look out! / Watch out!等

③ 高频词有：禁止标志/用语（No smoking, No parking, No swimming, No photos, No eating, No littering, No talking, No entry, Don't touch, Don't walk on the grass, Don't run, Don't be late, Don't forget等）；警告提醒（Be careful, Look out, Watch out, Stop, Quiet area, Wet floor, Mind your step等）；回应（Sorry, I won't, OK, I will, I see, I get it, Thanks for reminding等）；规则名词（rule, sign, notice, warning, forbidden, allowed等）

涉及考查知识点有：祈使句的否定形式（Don't + 动词原形）用于直接禁止；“No + 动名词”结构的用法（常见于公共标识）；情态动词表示禁止：mustn't（强烈禁止）、can't（不允许）；公共标识的英文表达与理解（如交通标志、图书馆规则、公园告示）；对禁止或警告的礼貌回应（承认错误、承诺改正、表示感谢）；安全与规则意识（遵守交通规则、校园纪律、环保行为）；文化差异：不同国家对某些行为禁止的严格程度及表达方式（如英国地铁“Please give up your seat”比“No sitting”更礼貌）","第三轮：最终的高密度结构化释义。① 常见题型：选择题、补全对话、听力单选题、情景运用；② 题干关键词：What does the sign mean?、Which sign means、Don't、Can we、No, you can't、No smoking、No parking、No swimming、No photos、No eating、No littering、No talking、No entry、Don't touch、Don't walk on the grass、Don't run、Don't be late、Don't forget、mustn't、can't、Sorry, I won't.、OK, I will.、I see.、I get it.、No way!、Why not?、Stop!、Be quiet!、Look out!、Watch out!、Be careful、Quiet area、Wet floor、Mind your step、Thanks for reminding、rule、sign、notice、warning、forbidden、allowed、标志图片、违规行为；③ 涉及考查知识点有：祈使句否定形式（Don't+动词原形）用法、No+动名词/名词公共标识结构用法、情态动词mustn't/can't表禁止的用法、公共标识英文表达与理解、禁止/警告场景的礼貌回应、安全与规则意识、中外规则表达方式文化差异；注意：无明确说明",否,,,,,小潘,,,,,,,,,,,,,,,,,,,,,,,,,,,,,,,,
知识点->语用->社会交往->接受/拒绝,"常见题型：选择题、补全对话、听力单选题、情景运用

题干关键词可能有：

① 题干多为对话形式，一方发出邀请、建议、请求或提供帮助，另一方给出接受或拒绝的回应；常见结构：---A: Would you like to ...? ---B: _____（接受或拒绝）、---A: Can/Could you ...? ---B: _____（接受或拒绝请求）、---A: Let's ... / Why not ... / How about ...? ---B: _____、---A: Do you mind if I ... / Would you mind ...? ---B: _____、---A: Can I help you? / Would you like some ...? ---B: _____

② 一般现在时为主（日常交际）；情态动词常用：Would you like to ...?（邀请）、Can / Could you ...?（请求）、Do you mind if ...? / Would you mind ...?（请求许可）；接受邀请/建议/帮助常用：Yes, please.（接受提供）、Sure / Of course / Certainly、I'd love to. / I'd like to、Sounds great / good. / That's a good idea、No problem. / With pleasure、OK. / All right.；拒绝邀请/建议/帮助常用：No, thanks.（拒绝提供）、Sorry, I can't. / I'm sorry I can't、I'd love to, but ...（礼貌拒绝并说明理由）、I'm afraid I can't、Maybe another time、Better not. / No way.（较直接）；对“Do you mind...?”的回应：不介意：Not at all. / Of course not. / No, I don't mind、介意：Sorry, I do. / Yes, I do. / I'd rather you didn't.

③ 高频词有：接受表达（Yes, please, Sure, Of course, Certainly, I'd love to, I'd like to, Sounds great, That's a good idea, No problem, With pleasure, OK, All right, Not at all, Of course not等）；拒绝表达（No, thanks, Sorry, I'm afraid not, I'm sorry I can't, I'd love to but, Maybe next time, Better not, No way, I have to, I'm busy等）；邀请/建议/请求动词（Would you like, Can you, Could you, Let's, Why not, How about, What about, Do you want等）；提供帮助/物品（Can I help you, Would you like some, Here you are等）

涉及考查知识点有：接受与拒绝的礼貌表达方式（拒绝通常说明理由以表礼貌）；不同情境下接受/拒绝的语用差异（邀请 vs. 提供 vs. 请求）；“Would you like to...”与“Do you want to...”的语气区别；对“Do you mind...?”的正确回应（注意肯定回答表示介意）；委婉拒绝的常用句型（I'd love to, but... / I'm afraid I can't.）；文化差异：英语国家拒绝时通常给出简短理由，但不必过度解释；接受时常用“Yes, please”或“I'd love to”；听力策略：根据对话中的关键词（如“but”、“have to”）判断拒绝意图","第三轮：最终的高密度结构化释义。① 常见题型：选择题、补全对话、听力单选题、情景运用；② 题干关键词：Would you like to ...?、Can/Could you ...?、Let's ...、Why not ...、How about ...、What about、Do you mind if I ...?、Would you mind ...?、Can I help you?、Would you like some ...?、Do you want、Here you are、Yes, please、Sure、Of course、Certainly、I'd love to.、I'd like to、Sounds great / good.、That's a good idea、No problem.、With pleasure、OK.、All right.、Not at all.、Of course not、No, thanks.、Sorry, I can't.、I'm sorry I can't、I'd love to, but ...、I'm afraid I can't、Maybe another time、Maybe next time、Better not.、No way.、Sorry, I do.、Yes, I do.、I'd rather you didn't.、I have to、I'm busy、but；③ 涉及考查知识点有：接受与拒绝的礼貌表达方式、不同情境下接受/拒绝的语用差异、“Would you like to...”与“Do you want to...”的语气区别、“Do you mind...?”的正确回应、委婉拒绝的常用句型、英语交际文化差异、听力关键词判断策略；注意：易混淆点：对“Do you mind...?”的肯定回答表示介意，否定回答表示不介意；无明确“不打此标签”的排他性规则",否,,,,,小潘,,,,,,,,,,,,,,,,,,,,,,,,,,,,,,,,
知识点->语用->社会交往->询问,"常见题型：选择题、补全对话、听力单选题、情景运用

题干关键词可能有：

① 题干多为对话形式，一方提出问题，另一方回答；或给出中文情景，要求写出英文问句；常见结构：---A: _____? ---B: ...（根据答语选择问句）、---A: ... ---B: _____（根据问句选择答语）、根据情景提示，写出问句：你想知道对方的年龄，可以这样问：_____；题干中常出现具体信息点（如名字、年龄、职业、爱好、颜色、数量、地点、时间、原因、方式等）

② 疑问句为主要形式：一般疑问句：Do you...? / Can you...? / Is this...? / Are you...?等；特殊疑问句：What / Where / When / Why / How / How many / How much / How old / How often / How long / Whose / Which等；选择疑问句：Do you like tea or coffee?等；时态：一般现在时（询问日常情况、习惯、爱好、职业等）、一般过去时（询问过去的事件：What did you do yesterday?等）、一般将来时（询问未来计划：What are you going to do?等）；礼貌表达：Could you tell me...? / May I have your name? / Excuse me, where is...?等；答语通常直接回应，与问句在语法上保持一致

③ 高频词有：疑问词（What, Where, When, Why, How, Who, Whose, Which等）；疑问短语（How many, How much, How old, How often, How long, How far, What time, What colour, What kind of, What about, How about等）；礼貌询问（Excuse me, Could you tell me, May I have, Can you tell me等）；常见动词（do, does, did, is, are, can, will, would等）；回答中的信息词：name, age, hobby, like, from, school, teacher, colour, size, price, time, date, day, weather等）

涉及考查知识点有：特殊疑问句的构成与使用（疑问词 + 一般疑问句语序）；一般疑问句的构成与回答（Yes/No）；选择疑问句的表达与回答（直接选择一项）；礼貌询问的常用句型（Could you...? / May I...? / Excuse me...）；不同场景下的询问功能（如购物问价格、问路、采访个人信息、日常聊天）；疑问词与答语的对应关系（How many 答数字，How much 答价格或不可数数量，What time 答具体时间，How long 答时间段等）；文化差异：询问年龄、收入等在某些文化中可能被视为隐私；听力策略：根据问句的关键词预判答语类型",第三轮：最终的高密度结构化释义。① 常见题型：选择题、补全对话、听力单选题、情景运用；② 题干关键词：对话形式、中文情景提示；疑问词：What/Where/When/Why/How/Who/Whose/Which；疑问短语：How many/How much/How old/How often/How long/How far/What time/What colour/What kind of/What about/How about；礼貌表达：Excuse me/Could you tell me/May I have/Can you tell me；助动词：do/does/did/is/are/can/will/would；信息词：name/age/hobby/like/from/school/teacher/colour/size/price/time/date/day/weather；一般疑问句、特殊疑问句、选择疑问句结构、一般现在时/一般过去时/一般将来时询问句型；③ 涉及考查知识点有：特殊疑问句的构成与使用、一般疑问句的构成与回答、选择疑问句的表达与回答、礼貌询问常用句型、不同场景下的询问功能、疑问词与答语的对应关系、跨文化交际询问隐私禁忌、听力答语预判策略；④ 注意：无明确说明,否,,,,,小潘,,,,,,,,,,,,,,,,,,,,,,,,,,,,,,,,
知识点->语用->社会交往->争辩,"常见题型：选择题、补全对话、听力单选题、情景运用

题干关键词可能有：

① 题干多为对话形式，一方提出观点、指责或陈述事实，另一方表示不同意、纠正或反驳；常见结构：---A: ... (陈述观点/事实) ---B: _____（选择反驳表达）、---A: Did you ...? ---B: _____（对指控的否认或辩解）、---A: I think ... ---B: _____（表达不同意）、---A: You should have ... ---B: _____（反驳对方）；题干中常出现观点陈述（如“生肖决定性格”、“语法是英语学习的关键”）、指责（如“你又在玩游戏浪费时间”）、事实断言（如“某人昨晚在做什么”）等

② 一般现在时为主（表达观点、习惯性行为）；情态动词用于表达可能性或推测（should, can, may）；否定结构用于反驳：No, ... / Not really. / Not exactly、I don't think so. / I disagree、That's not the case等；疑问或反问表达惊讶或质疑：You're kidding? / You can't be serious?等；解释原因常用but...或because...来补充自己的理由

③ 高频词有：表达不同意/反驳（I disagree. / I don't think so、That's not the case. / Not exactly. / Not really、You're kidding. / You can't be serious、No way等）；争论相关名词/动词（argue, fight, complain, blame, accuse等）；理由连接词（but, because, in fact等）；观点表达（I think, I heard, It is said that等）

涉及考查知识点有：表达不同意见的多种方式（直接、委婉、强烈）；礼貌反驳与不礼貌反驳的区别（如“I disagree”较礼貌，“You're kidding”较随意）；反驳后补充理由的常见句型（but in fact... / because...）；对他人指责的否认与辩解（Not really. I was...）；听力中识别说话人态度（通过语调、用词判断是赞同还是反对）；文化差异：在英语交流中，直接表达不同意是常见的，但通常会用“I'm afraid”或“I don't think so”等缓和语气；常见争论话题：学习方法、生活习惯、动物权益、科学常识等","① 常见题型：选择题、补全对话、听力单选题、情景运用
② 题干关键词：should、can、may、No、Not really、Not exactly、I don't think so、I disagree、That's not the case、You're kidding?、You can't be serious?、but、because、No way、argue、fight、complain、blame、accuse、in fact、I think、I heard、It is said that，题干为对话形式，包含观点陈述、指责、事实断言类内容
③ 涉及考查知识点有：表达不同意见的多种方式（直接、委婉、强烈）；礼貌反驳与不礼貌反驳的区别；反驳后补充理由的常见句型；对他人指责的否认与辩解；听力中通过语调、用词识别说话人态度；英语交流中表达不同意的文化差异
注意：无明确说明",否,,,,,小潘,,,,,,,,,,,,,,,,,,,,,,,,,,,,,,,,
知识点->语用->社会交往->描述,"常见题型：选择题、补全对话、听力单选题、情景运用

题干关键词可能有：

① 题干多为对话形式，一方提问，另一方回答；或给出中文情景，要求写出英文问句/答语。；常见结构：—A: _____? —B: ... （根据答语选择问句）、—A: ... —B: _____ （根据问句选择答语）、根据情景提示，写出问句：你想知道对方的年龄，可以这样问：_____、根据图片和提示词，写出一个完整的句子（如：Emma, twice → Emma plays tennis twice a week.）；题干中常出现具体信息点：名字、年龄、职业、外貌、性格、爱好、颜色、数量、地点、时间、原因、方式、频率等。

② 疑问句为主要形式：一般疑问句：Do you...? / Can you...? / Is this...? / Are you...?等；特殊疑问句：What / Where / When / Why / How / How many / How much / How old / How often / How long / Whose / Which / What colour / What kind of等；选择疑问句：Do you like tea or coffee?等；时态：一般现在时（询问日常情况、习惯、爱好、职业、性格等）、一般过去时（询问过去的事件）、一般将来时（询问未来计划）；礼貌表达：Could you tell me...? / May I have your name? / Excuse me, where is...?等；答语通常直接回应，与问句在语法上保持一致（如问外貌答外貌，问性格答性格）。

③ 高频词有：疑问词（What, Where, When, Why, How, Who, Whose, Which等）；疑问短语（How many, How much, How old, How often, How long, How far, What time, What colour, What kind of, What about, How about等）；礼貌用语（Excuse me, Could you tell me, May I have, Can you tell me等）；常见动词（do, does, did, is, are, can, will, would, like, look like, be like等）；回答中的信息词（name, age, hobby, like, from, school, teacher, colour, size, price, time, date, day, weather, kind, tall, short, fat, thin, friendly, helpful等）

涉及考查知识点有：特殊疑问句的构成与使用（疑问词 + 一般疑问句语序）；一般疑问句的构成与回答（Yes/No）；选择疑问句的表达与回答（直接选择一项）；礼貌询问的常用句型（Could you...? / May I...? / Excuse me...）；不同场景下的询问功能（如购物问价格、问路、采访个人信息、日常聊天）；疑问词与答语的对应关系（How many → 数字、How much → 价格或不可数数量、What time → 具体时间、How long → 时间段、What...like? → 描述外貌或性格）；听力与口语策略：根据问句的关键词预判答语类型，如听到“What’s...like?”则预期回答描述性格或外貌",第三轮：最终的高密度结构化释义：① 常见题型：选择题、补全对话、听力单选题、情景运用；② 题干关键词：对话形式、中文情景提示、根据答语选问句、根据问句选答语、根据情景提示写问句/答语、根据提示写完整句子；What/Where/When/Why/How/Who/Whose/Which/How many/How much/How old/How often/How long/How far/What time/What colour/What kind of/What about/How about/Excuse me/Could you tell me/May I have/Can you tell me/do/does/did/is/are/can/will/would/like/look like/be like/name/age/hobby/like/from/school/teacher/colour/size/price/time/date/day/weather/kind/tall/short/fat/thin/friendly/helpful；一般疑问句、特殊疑问句、选择疑问句、一般现在时、一般过去时、一般将来时；③ 涉及考查知识点有：特殊疑问句的构成与使用、一般疑问句的构成与回答、选择疑问句的表达与回答、礼貌询问的常用句型、不同场景下的询问功能、疑问词与答语的对应关系、听力与口语答语预判策略、不同时态对应询问场景、答语与问句语法及内容匹配规则；注意：无明确说明,否,,,,,小潘,,,,,,,,,,,,,,,,,,,,,,,,,,,,,,,,
知识点->语用->社会交往->比较,"常见题型：选择题、补全对话、听力单选题、情景运用

题干关键词可能有：

① 图文结合：大量题目配有图片（人物、动物、物品等），要求根据图示写出比较句或完成对话。；提示词引导：题干中给出关键词（如 than, as...as, tall, fast, heavy等），要求写出完整句子。；问答对应：根据答语补全问句（如答语为 The blue whale is the largest animal. → 问句为 What is the largest animal in the world?等）；根据问句补全答语（如 Is Tina taller than Tara? → No, she isn't. She is shorter.等）；选择疑问句常见：Which season do you like better, spring or autumn?Who runs faster, you or your sister?等

② 1. 比较级句型：A + be + 形容词比较级 + than + B（如 Tom is taller than Mike.）、A + 实义动词 + 副词比较级 + than + B（如 Lily runs faster than Lucy.）；2. 最高级句型：A + be + the + 形容词最高级 + 范围（如 The blue whale is the largest animal in the world.）、A + 动词 + (the) + 副词最高级 + 范围（如 The cheetah runs the fastest.）3. 同级比较：as + 原级 + as（如 Tina is as hard-working as Tara.）、否定形式：not as/so + 原级 + as 4. 选择疑问句：Which do you like better, A or B?、Who runs faster, you or your brother?等 5. 比较级常用修饰语：much, a little, even, a lot, far 等（如 much taller, a little faster）等 6. 比较对象一致性：The population in China is much larger than that in America.（用 that/those 替代前面提到的名词）等

③ 高频词有：比较级标志词（than, much, a little, even, faster, taller, heavier, more outgoing, more expensive等）；最高级标志词（the tallest, the fastest, the best, the most beautiful, in the world, of all, among）；同级比较（as...as, not as...as）；选择疑问词（which, who等）；比较对象（you or your sister, spring or autumn, Tina or Tara等）；范围短语（in our class, in the world, of the three, among the boys等）

涉及考查知识点有：形容词/副词比较级的构成与用法：规则变化（-er, more + 原级）、不规则变化（good → better, bad → worse, far → farther/further等）；形容词/副词最高级的构成与用法：规则变化（-est, most + 原级）、不规则变化（good → best, bad → worst等）；as...as 结构：肯定形式：表示“和……一样”

否定形式：表示“不如……”；比较级的选择疑问句：Which do you like better, A or B?、Who is taller, A or B?；比较对象的一致性：使用 that 替代单数不可数名词或可数名词单数、使用 those 替代可数名词复数；比较级与最高级的语境区分：两者之间用比较级（常与 than 连用）、三者及以上用最高级（常与 in... / of... 连用）；常用表达：It's hard to say.（表示两者各有优缺点，难以选择）、People sure change.（表示人与过去相比变化很大）、I don't mind. / Either is OK.（表示两者都可以接受）等","第三轮：最终的高密度结构化释义。
① 常见题型：选择题、补全对话、听力单选题、情景运用
② 题干关键词：than, as...as, not as/so...as, much, a little, even, a lot, far, in the world, of all, among, which, who, or, tall, fast, heavy, faster, taller, heavier, more outgoing, more expensive, the tallest, the fastest, the best, the most beautiful, in our class, of the three, among the boys
③ 涉及考查知识点有：形容词/副词比较级的构成与用法（含规则变化、不规则变化）、形容词/副词最高级的构成与用法（含规则变化、不规则变化）、as...as结构用法、比较级选择疑问句用法、比较对象一致性规则、比较级与最高级的语境区分规则、比较相关常用表达
注意：无明确说明",否,,,,,小潘,,,,,,,,,,,,,,,,,,,,,,,,,,,,,,,,
知识点->语用->社会交往->决定,"常见题型：选择题、补全对话、听力单选题、情景运用

题干关键词可能有：

① 选择疑问句后接表态：题干常给出两个或多个选项，回答者表示“随便”“由你定”。例：---Do you want to go to the movies or go shopping? ---______. Both are my favorites. → It's up to you.；条件或不确定情况下的回答：使用 It depends. 表示取决于某些条件。例：---What time will you arrive? ---It depends. If I come by train, I'll arrive at 5 o'clock.；直接表达决定：对话中一方说出自己的计划或决定。例：I'm going to take piano lessons. / I decide to join the music club.；征求对方决定：用 Which one do you want? Where shall we go? 等询问对方意见，对方回答 It's up to you.；听力题中考查最终决定：通过对话中的转折或条件，判断最终选择。

② 一般将来时：表达计划、打算、决定要做的事。I'm going to... / I will... / We'll have...等；情态动词：should（征求意见：What should I do?等）、can（能力或建议：You can join the art club.）；固定句型：It's up to you.（由你决定）、It depends.（看情况）、That's a deal.（成交）、I decide to do sth.（决定做某事）、Let's...（提议做某事，对方表示同意或反对）等；选择疑问句：Do you want A or B? / Shall we do A or B?等；条件状语从句：If it rains, we'll stay at home.（决定受条件影响）等

③ 高频词有：表示“决定”的动词（decide, choose, make a decision, plan, go with, take等）；表示“取决于”的短语（It depends, up to you, that depends等）；表示“随便/无所谓”（I don't mind, either is OK, any time will do, anything is OK等）；表示“成交/同意”（That's a deal, OK, sure, no problem等）；表示“提议”（Let's, Shall we, Why not, What about等）；表示“最终决定”（at last, finally, decide to, will, be going to等）；疑问词（which, what, where, when, how等）

涉及考查知识点有：It's up to you. 的用法：表示“由你决定”，用于对方询问意见而自己无偏好时；It depends. 的用法：表示“看情况”，常用于回答时间、方式等受条件影响的问题；That's a deal. / Deal! 的用法：表示“成交”，用于双方达成一致时；选择疑问句的回答方式：直接选择一项、表示随便：Either is OK. / I don't mind.等、把决定权给对方：It's up to you.等；一般将来时表达计划与决定：be going to（打算）、will（决定、承诺）、plan to / decide to等；提议与回应的交际用语：提议：Let's... / Shall we... / Why not... / How about...等、同意：Sure. / Great idea. / Sounds good.等、反对或提出其他方案：I'd rather... / What about... instead?等；听力中捕捉最终决定：注意转折词（but, however）、条件句（if）、以及最后的肯定表达。",第三轮：最终的高密度结构化释义。① 常见题型：选择题、补全对话、听力单选题、情景运用；② 题干关键词：随便、由你定、看情况、成交、同意、无所谓、最终决定、提议、It's up to you、It depends、That's a deal、I'm going to、I will、We'll have、should、can、I decide to do sth、Let's、Do you want A or B、Shall we do A or B、If、decide、choose、make a decision、plan、go with、take、that depends、I don't mind、either is OK、any time will do、anything is OK、Deal、OK、sure、no problem、Why not、What about、at last、finally、which、what、where、when、how、but、however；③ 涉及考查知识点有：It's up to you.用法、It depends.用法、That's a deal./Deal!用法、选择疑问句回答方式、一般将来时表达计划与决定用法、提议与回应的交际用语、听力中最终决定捕捉技巧；注意：无明确说明,否,,,,,小潘,,,,,,,,,,,,,,,,,,,,,,,,,,,,,,,,
知识点->语用->社会交往->请求/提供帮助,"常见题型：选择题、补全对话、听力单选题、情景运用

题干关键词可能有：

① 题干形式

直接请求：使用 Could you please...? / Can you...? / Would you please...?等；提供帮助：使用 Can I help you? / Would you like me to...? / Shall I...? / Do you need a hand?等；回应请求（肯定：Sure. / Certainly. / No problem. / With pleasure. / Yes, I'd love to. / Of course.等、否定：Sorry, I can't. / I'm afraid not. / I'd love to, but...等）；回应提供帮助（接受：Yes, please. / That would be great. / Thank you. / That's very kind of you.等、拒绝：No, thanks. / Thanks, but I can manage.等）；中文情景提示：题干常给出中文情景，要求写出英文句子。例：妈妈想请你帮忙遛狗，可以这样说：Could you please walk the dog?等；图片提示：根据图片情景，写出请求或提供帮助的句子。

② 题干语法

情态动词：Could（比 Can 更礼貌）用于请求：Could you please...?等、Can 用于一般请求或询问能力：Can you help me?等、Would 用于礼貌提供帮助：Would you like me to...?等、Shall 用于提议帮助：Shall I carry that for you?等；祈使句：较少直接使用，除非非正式场合，如Give me the cup, please.等；Would you mind...? （结构：Would you mind helping me?等、回答 Of course not. 表示不介意）；时态：一般现在时：Can you help me?等、一般将来时：I'll help you. / I will do it at once；please 的使用：常与请求句连用，表示礼貌。

③ 高频词有：请求帮助（Could you please, Can you, Would you please, help me, give me a hand, do me a favor等）；提供帮助（Can I help you, Would you like me to, Shall I, Do you need any help, Let me help you等）；肯定回应（Sure, Certainly, Of course, No problem, With pleasure, My pleasure, I'd love to, Yes, please等）；否定回应（Sorry, I can't, I'm afraid not, No, thanks, Thanks all the same, I can manage等）；礼貌用语（Excuse me, please, thank you, you're welcome等）；具体动作（carry, clean, sweep, wash, cook, walk (the dog), look after, teach, help with等）

涉及考查知识点有：礼貌请求的句型：Could you please + 动词原形?（最常用）、Can you + 动词原形?（较随意）、Would you please + 动词原形?；主动提供帮助的句型：、Can I help you?（服务行业常用）、Would you like me to + 动词原形?、Shall I + 动词原形?、Do you need a hand? / Let me help you；接受帮助的表达：Yes, please. / Sure. / That would be great. / Thank you. / That's very kind of you.等；拒绝帮助的表达：No, thanks. / Thanks, but I can manage. / I'm fine, thank you. / Sorry, I can't.等；Would you mind...? 的用法：后接 doing，回答 Of course not. / Not at all. 表示不介意；With pleasure 与 My pleasure 的区别：With pleasure：用于答应帮别人做某事（请求帮助时回答）、My pleasure：用于回应感谢（别人道谢时回答）；文化意识：英语中请求帮助通常用 Could you please 表示礼貌，直接命令式（如 Give me...）不礼貌；拒绝帮助时通常先感谢，再委婉拒绝（Thanks, but...）；动词短语：help with（在某方面帮助）、help out（帮忙解决）、give a hand（搭把手）、look after / take care of（照顾）等","第三轮：最终的高密度结构化释义。
① 常见题型：选择题、补全对话、听力单选题、情景运用
② 题干关键词：Could you please...?、Can you...?、Would you please...?、Can I help you?、Would you like me to...?、Shall I...?、Do you need a hand?、Sure.、Certainly.、No problem.、With pleasure.、My pleasure、Yes, I'd love to.、Of course.、Sorry, I can't.、I'm afraid not.、I'd love to, but...、Yes, please.、That would be great.、Thank you.、That's very kind of you.、No, thanks.、Thanks, but I can manage.、Would you mind...?、help me、give me a hand、do me a favor、Do you need any help、Let me help you、Thanks all the same、Excuse me、you're welcome、carry、clean、sweep、wash、cook、walk (the dog)、look after、take care of、teach、help with、help out、please、I'll help you
③ 涉及考查知识点有：礼貌请求句型、主动提供帮助句型、接受帮助的表达、拒绝帮助的表达、Would you mind...?用法、With pleasure与My pleasure的用法辨析、英语请求类表达文化常识、相关动词短语用法
注意：易混淆点：1. With pleasure用于应答他人的帮助请求，My pleasure用于回应他人的感谢；2. Could表请求语气比Can更礼貌；3. 正式场合直接使用命令式祈使句表请求不符合英语表达习惯，不属于该考点常规考查内容；不打此标签的具体条件无明确说明",否,,,,,小潘,,,,,,,,,,,,,,,,,,,,,,,,,,,,,,,,
知识点->语用->社会交往->意图,"常见题型：选择题、补全对话、听力单选题、情景运用

题干关键词可能有：

① 题干形式

中文情景提示：题干常以“你想知道……，可以这样问”或“你想……，你会怎么说”等形式出现。例：你想知道对方的名字，你可以说：_____；文本或图片情景：给出短信、通知、图片等，要求判断说话者或写作者的意图。例：Suzy is sending a message to ______.（根据短信内容判断）；对话形式：一问一答，通过问句或答语体现意图。例：---What are you going to do this summer? ---I'm going to travel to Beijing.；听力题干：直接提问说话者的意图、计划或目的。例：Why does the girl ask for help? / What does the man want to do?

② 题干语法

一般将来时（be going to / will）：表达计划、打算。例：What are you going to do? / I'm going to join the music club；情态动词：would like to（想要做某事，礼貌表达意图）、want to（想要）、can（询问能力，有时隐含意图）、may / could（礼貌请求，也可表达意图）；疑问词：What, Where, When, Why, How 引导的特殊疑问句，用于询问意图。例：What do you want to be? / Why are you going there?；一般现在时：表达习惯或普遍意图。例：I want to be a teacher.；祈使句：有时用于表达请求或建议的意图。例：Let's go to the park；宾语从句：在间接问句中表达意图。例：I wonder if you can help me.

③ 高频词有：表达意图的动词短语（want to, would like to, plan to, be going to, will, hope to, decide to等）；询问意图的疑问词（What, Where, When, Why, How, Which等）；常见句型（What do you want to...? / What are you going to...? / Would you like to...? / Do you want to...? / Why are you...? / How do you...?等）；意图判断词（purpose, intend, plan, message, notice, ask for, suggest等）；听力中的关键词（want, need, would like, going to, will, why, because, so that等）

涉及考查知识点有：

表达意图的常用句型：I want to + 动词原形、I would like to + 动词原形、I'm going to + 动词原形、I plan to + 动词原形、I hope to + 动词原形、I will + 动词原形（表示决定或承诺）等

询问意图的常用句型：What do you want to do?、What are you going to do?、What would you like to do?、Where are you going?、Why are you doing that?、Who are you going with?、Which one do you want?等

通过上下文推断意图：阅读短信、邮件、通知等，理解发信人的目的（如邀请、询问、建议、告知等）。例：Can we get together soon? → 意图是“见面商讨事情”。

听力中捕捉意图：

注意听表示计划的词组（going to, will, want to等）、注意听原因状语从句（because, so that等）、注意说话者的语气（请求、建议、决定等）

礼貌表达意图：

使用 Would you like to... 比 Do you want to... 更礼貌、使用 I was wondering if... 表达委婉的请求或询问。

意图与功能对应：

邀请：Would you like to come to my party?等、建议：Let's go to the cinema. / Shall we have a picnic?等、请求：Could you help me?等、提供帮助：Can I help you?等",第三轮：最终的高密度结构化释义：① 常见题型：选择题、补全对话、听力单选题、情景运用；② 题干关键词：你想知道……可以这样问、你想……你会怎么说、What、Where、When、Why、How、Which、want to、would like to、plan to、be going to、will、hope to、decide to、purpose、intend、plan、message、notice、ask for、suggest、need、because、so that、What do you want to...?、What are you going to...?、Would you like to...?、Do you want to...?、Why are you...?、How do you...?；③ 涉及考查知识点有：表达意图的常用句型、询问意图的常用句型、上下文意图推断、听力场景意图捕捉、礼貌表达意图规则、意图与交际功能对应；④ 注意：无明确说明,否,,,,,小潘,,,,,,,,,,,,,,,,,,,,,,,,,,,,,,,,
知识点->语用->社会交往->推测,"常见题型：选择题、补全对话、听力单选题、情景运用

题干关键词可能有：

① 题干形式

情态动词选择：题干给出语境，要求选择 must, might, could, can't 等。例：The boy ______ be Tom. He has gone to Beijing. → can't

交际用语选择：根据对话情景选择表达推测、希望、不确定的回答。例：---Do you think it will be sunny tomorrow? ---______. Then we can go to the park. → I hope so.

文本/图片推断：根据通知、短信、图片等信息，推断事实或意图。例：From the notice, we know that Miss Smith ______.（根据卖包信息推断）

中文情景提示：要求写出表达推测的英文句子。例：你猜测这本字典可能是Mary的，可以这样说：______

听力推断：听对话后判断人物关系、地点、态度、可能性等。

② 题干语法

1. 情态动词表推测：must：肯定推测（可能性很大，“一定”）、might / may / could：可能性推测（“可能”，“也许”）、can't / couldn't：否定推测（“不可能”）

2. 表达个人看法或猜测：I think so. / I guess so. / I suppose so. / I hope so、I'm not sure. / It's hard to say. / It depends、You read my mind.（你猜对了我的想法）

3. 时态：一般现在时：对现在情况的推测、现在进行时：对正在发生的事的推测、一般过去时 / 现在完成时：对过去情况的推测

4. 反意疑问句与推测：You used to, didn't you? → 回答 Yes, I did. 确认推测等

③ 高频词有：情态动词（must, might, may, could, can't, couldn't等）；表达猜测的动词（guess, think, suppose, hope, believe, imagine等）；表达不确定（not sure, hard to say, depends, maybe, perhaps, probably等）；推测结论：must be, can't be, might be, could be等）；推断依据（because, look at, I saw, I heard, the notice says等）；交际用语（I think so, I guess so, I hope so, I'm afraid so, You read my mind, No way, It depends等）；疑问词（Whose, Who, What, Where, Why等）

涉及考查知识点有：

情态动词表推测的用法：must 用于肯定推测（有充分依据）、can't 用于否定推测（不可能）、might / may / could 用于可能性推测（也许）

I think so / I guess so / I suppose so 的用法：表示同意对方推测或表达自己的猜测、否定形式：I don't think so. / I guess not.

I hope so / I hope not 的用法：表达对将来事件的希望（与推测相关，但带有情感色彩）

It depends. 的用法：表示“看情况”，用于无法确定、受条件影响的情况

You read my mind. 的用法：表示对方猜中了自己的想法

从上下文或图片中推断信息：阅读通知、短信、图片等，提取关键信息进行合理推断、注意否定词（not, never, hardly）、时间词、数量词等

听力中的推断技巧：根据语气、关键词、背景声音推断地点、人物关系、态度等、根据对话内容推断下一步可能发生什么

文化意识：在英语中，表达不确定时常用 I'm not sure 或 It depends，避免过于绝对、猜测他人想法时用 You read my mind 表示幽默和默契。",第三轮：最终的高密度结构化释义。① 常见题型：选择题、补全对话、听力单选题、情景运用；② 题干关键词：must、might、may、could、can't、couldn't、guess、think、suppose、hope、believe、imagine、not sure、hard to say、depends、maybe、perhaps、probably、must be、can't be、might be、could be、because、look at、I saw、I heard、the notice says、I think so、I guess so、I suppose so、I hope so、I'm afraid so、You read my mind、No way、It depends、Whose、Who、What、Where、Why；③ 涉及考查知识点有：情态动词表推测的用法、I think so/I guess so/I suppose so的用法、I hope so/I hope not的用法、It depends的用法、You read my mind的用法、上下文/图片信息推断、听力推断技巧、推测相关表达文化意识；注意：若题目考查情态动词非推测类用法（如must表义务、can表能力）、非推测类交际用语，不得打此标签。,否,,,,,小潘,,,,,,,,,,,,,,,,,,,,,,,,,,,,,,,,
知识点->语用->态度->能够与不能够,"常见题型：选择题、补全对话、听力单选题、情景运用

题干关键词可能有：

① 题干形式

直接询问能力：Can you...? / What can you do?等；回答能力：肯定：Yes, I can. / Sure. / Of course. / I can...等、否定：No, I can't. / Sorry, I can't. / I'm afraid not.等；礼貌请求（能力与许可的混合）：Could you please...? 回答 Sure. / Sorry, I can't.等；邀请与回应：Can you come to my party? 回答 Sure, I'd love to. / Sorry, I can't.等；表达自己能力：I can speak English. / I can play the guitar.等；中文情景提示：题干给出中文情景，要求写出英文句子。例：你想知道对方是否会唱英语歌，可以这样问：Can you sing English songs?等

② 题干语法

情态动词 can：肯定句：主语 + can + 动词原形（表示能力或可能性）、否定句：主语 + can't (cannot) + 动词原形；一般疑问句：Can + 主语 + 动词原形? 回答 Yes, 主语 + can. / No, 主语 + can't.；情态动词 could：用于过去能力（could 是 can 的过去式）、用于礼貌请求（Could you please...?），此时不是询问能力，而是请求帮助；be able to：有时与 can 互换，但更正式或用于将来时。例：I will be able to finish the work.；疑问词 What 引导的能力询问：What can you do?；否定回答的常见表达：Sorry, I can't、I'm afraid not.（更委婉）、No, I can't.等；肯定回答的常见表达：Yes, I can、Sure. / Of course. / Certainly、No problem.（常用于答应请求）等

③ 高频词有：情态动词（can, can't, could, couldn't, be able to等）；询问能力的疑问词（What, Can等）；肯定回答（Yes, I can; Sure; Of course; Certainly; No problem; With pleasure等）；否定回答（No, I can't; Sorry, I can't; I'm afraid not; Not really等）；能力动词（play, speak, swim, dance, sing, draw, cook, spell, ride, drive, fly, make, repair, finish等）；表达“也”（too, either, me too, me neither等）

涉及考查知识点有：

can 的基本用法：表示能力（ability）：I can swim.、表示许可（permission）：Can I go out?（非正式）、表示可能性（possibility）：It can be cold here；can't 的用法：表示没有能力：I can't dance、表示不允许：You can't smoke here；could 的用法：过去能力：When I was young, I could run fast、礼貌请求：Could you help me?（比 Can you 更礼貌）；一般疑问句的回答：肯定：Yes, 主语 + can、否定：No, 主语 + can't、注意 Could I...? 的否定回答常用 Sorry, you can't. 而非 No, you couldn't；What can you do? 的问答：回答直接说出能力，而不是爱好或意愿；Me too 与 Me neither：Me too：用于肯定句，表示“我也是”、Me neither / I can't, either：用于否定句，表示“我也不”；","第三轮：最终的高密度结构化释义。①常见题型：选择题、补全对话、听力单选题、情景运用；②题干关键词：Can you...?、What can you do?、Yes, I can.、Sure.、Of course.、I can...、No, I can't.、Sorry, I can't.、I'm afraid not.、Could you please...?、Sure, I'd love to.、can、can't、could、couldn't、be able to、What、No problem、With pleasure、Not really、too、either、me too、me neither、play、speak、swim、dance、sing、draw、cook、spell、ride、drive、fly、make、repair、finish；③涉及考查知识点有：can表能力/许可/可能性用法、can't表无能力/不允许用法、could表过去能力/礼貌请求用法、can引导的一般疑问句问答规则、What can you do?问答规则、Me too/Me neither用法辨析、be able to基本用法；注意：Could I...?的否定回答需用Sorry, you can't，禁止使用No, you couldn't；What can you do?需对应回答能力，不得答爱好或意愿；could仅用于礼貌请求场景、不涉及能力考查时不打本标签；be able to单独考查正式用法/将来时用法、不涉及与can互换的场景不打本标签",否,,,,,小潘,,,,,,,,,,,,,,,,,,,,,,,,,,,,,,,,
知识点->语用->态度->同意与不同意,"常见题型：选择题、补全对话、听力单选题、情景运用

题干关键词可能有：

① 题干形式

题干多为对话形式，一方提出观点、提议或陈述事实，另一方表示同意、不同意或反驳；常见结构：---A: I think ... ---B: _____（选择同意/不同意表达）、---A: Let's ... ---B: _____（回应提议）、---A: I don't like ... ---B: _____（表达相同或不同感受）、---A: You should have ... ---B: _____（反驳或辩解）等；中文情景提示：直接要求写出同意或不同意的英文句子；题干中常出现观点陈述（如“阅读是学习英语的好方法”）、提议（如“我们去看电影吧”）、喜好（如“我不喜欢嘈杂的音乐”）、指责（如“你从不帮忙做家务”）等。

② 题干语法

一般现在时为主（表达当前观点、习惯、喜好）；常用句型：同意：I agree (with you)、I think so、That's true. / That's right、Good idea. / Sounds great、Exactly. / Certainly、I can't agree more.（强烈同意）、You said it.（口语，强烈同意）、Me too. / Same here.（同意对方的情况或感受）、Why not?（同意提议）等；不同意：I disagree、I don't think so、That's not the case.（反驳“事实并非如此”）、Not really. / Not exactly.（委婉否定）、I'm afraid not.（委婉拒绝或否定）、Me neither.（同意对方的否定陈述）、No way.（强烈否定）等；反驳后常接 but... 或 because... 补充理由；情态动词：should, can, must 等出现在观点句中；否定结构：don't think, don't agree, not the case 等。

③ 高频词有：同意表达（agree, think so, that's true, good idea, sounds great, exactly, can't agree more, you said it, same here, me too, why not, sure, of course等）；不同意表达（disagree, don't think so, not the case, not really, not exactly, I'm afraid not, no way等）；观点动词（think, believe, guess, suppose等）；提议动词（let's, why not, what about, how about, shall we等）；回应词（yes, no, exactly, certainly等）；反驳连接词（but, because, in fact等）

涉及考查知识点有：

同意与不同意的常用句型分类：完全同意：I agree. / I think so. / That's true. / Exactly. / I can't agree more. / You said it.等；同意提议：Good idea. / Sounds great. / Why not? / Sure等；同意感受：Me too. / Same here等；不同意：I disagree. / I don't think so. / That's not the case. / Not really. / I'm afraid not等；I can't agree more 的用法：字面“不能同意更多”，实际表示“完全同意”，是强烈赞同的表达；You said it 的用法：口语中表示“你说得对”，常用于强烈同意对方观点；That's not the case 的用法：表示“事实并非如此”，用于反驳对方的说法；Me neither 与 Me too 的区别：Me too 用于肯定句后，表示“我也是”、Me neither 用于否定句后，表示“我也不”；Same here 的用法：等同于 Me too，表示“我也是/我也一样”；委婉不同意的表达：I'm afraid not. / Not really. / I don't think so. 比直接说 No 更礼貌；反驳后补充理由的常见结构：That's not the case, because... / I don't think so, in fact...等；听力中识别态度：通过语气词（Well..., Actually...）、语调升降、关键词判断说话人是同意还是反对；文化差异：英语中直接表达不同意并不粗鲁，但常加 I'm afraid 或 I don't think so 以示委婉。同意时使用 Exactly 或 You said it 显得更自然、地道。",第三轮：最终的高密度结构化释义。①常见题型：选择题、补全对话、听力单选题、情景运用；②题干关键词：对话结构、要求写同意/不同意英文句子的中文情景提示、观点/提议/喜好/指责类表述，一般现在时，should、can、must，agree、think so、that's true、good idea、sounds great、exactly、can't agree more、you said it、same here、me too、why not、sure、of course、disagree、don't think so、not the case、not really、not exactly、I'm afraid not、no way、think、believe、guess、suppose、let's、what about、how about、shall we、yes、no、certainly、but、because、in fact、me neither；③涉及考查知识点有：同意与不同意常用句型分类，I can't agree more用法，You said it用法，That's not the case用法，Me neither与Me too的区别，Same here用法，委婉不同意表达规则，反驳后补充理由的常见结构，听力态度识别方法，同意不同意表达的文化差异；④注意：易混淆点：I can't agree more字面义为“不能同意更多”，实际表完全同意，不可按字面误判为不同意；Me too用于肯定句后表“我也是”，Me neither用于否定句后表“我也不”，二者不可混用；无明确“不打此标签”的条件,否,,,,,小潘,,,,,,,,,,,,,,,,,,,,,,,,,,,,,,,,
知识点->语用->态度->可能与不可能,"常见题型：选择题、补全对话、听力单选题、情景运用

题干关键词可能有：

① 题干形式

题干多为对话形式，一方对未来事件、他人说法、自身能力等进行推测或表态，另一方表示不确定、怀疑或否定可能性；常见结构：---A: I hope/wish ... ---B: _____（对不切实际愿望的否定，如 “In your dreams.”等）、---A: Will you ...? ---B: _____（表达不确定，如 “I'm not sure.”、“It depends.”等）、---A: I heard that ... ---B: _____（对消息的怀疑，如 “You're kidding.”、“Are you serious?”等）---A: Can you ...? ---B: _____（对能力的否定或不确定，如 “I'm afraid not.”等）、---A: Do you think ...? ---B: _____（对可能性的不确定回答）；题干中常出现对未来的愿望（如中彩票、买飞机）、对他人的断言（如某人获奖、去了某地）、对自身能力的质疑等。

② 题干语法

一般现在时：表达当前的观点、推测（I think, I'm not sure等）；一般将来时：表达对未来事件的推测（Will you...?, Maybe I will...等）；情态动词：may, might, could, can, must 表达可能性程度；否定结构：I'm afraid not.（恐怕不行/不是）、I don't think so.（我不这么认为）、No way.（不可能）、In your dreams.（做梦去吧）；疑问与反问：You're kidding? / Are you serious? / Really?（表达惊讶和怀疑）等；条件与依赖：It depends.（看情况）；委婉表达不确定性：I'm not sure、Perhaps. / Maybe、It's hard to say等

③ 高频词有：表达不确定（not sure, it depends, maybe, perhaps, I don't know, it's hard to say等）；表达怀疑/不相信（you're kidding, are you serious, really, no way, in your dreams, come on等）；表达否定可能性（I'm afraid not, not exactly, out of the question等）；表达希望（I hope so, I hope not等）；表达恐惧/担忧（I'm afraid so等）；疑问词/短语（Will...? Can...? Do you think...? What if...?等）；可能性情态动词（may, might, could, can, must等）

涉及考查知识点有：

表达确定与不确定的常用句型：确定：Certainly. / Of course. / That's for sure等；不确定：I'm not sure. / It depends. / Maybe. / Perhaps. / It's hard to say等；表达怀疑与不相信：You're kidding! / Are you serious? / No way! / In your dreams. / Come on!等；I hope so 与 I hope not：I hope so：希望某事发生、I hope not：希望某事不要发生，用于回应关于未来的推测；I'm afraid so 与 I'm afraid not：I'm afraid so：恐怕是的（表达不好的消息的确认）、I'm afraid not：恐怕不行/不是（委婉否定可能性）；It depends 的用法：表示结果取决于其他条件，常用于回答是否参加活动、能否完成某事等；情态动词表可能性：may / might / could：可能（不确定）；must：一定（较肯定）；can't：不可能（否定推测）；听力中识别态度：通过语调（升调表怀疑）、语气词（Well..., Really?）、关键词判断说话人是相信、怀疑还是不确定。",第三轮：最终的高密度结构化释义。① 常见题型：选择题、补全对话、听力单选题、情景运用；② 题干关键词：I hope/wish、Will you...?、I heard that...、Can you...?、Do you think...?、not sure、it depends、maybe、perhaps、I don't know、it's hard to say、you're kidding、are you serious、really、no way、in your dreams、come on、I'm afraid not、not exactly、out of the question、I hope so、I hope not、I'm afraid so、Will...?、Can...?、What if...?、may、might、could、can、must；③ 涉及考查知识点有：表达确定与不确定的常用句型、表达怀疑与不相信的常用句型、I hope so与I hope not用法辨析、I'm afraid so与I'm afraid not用法辨析、It depends的用法、情态动词表可能性、听力中识别说话人态度；注意：无明确说明,否,,,,,小潘,,,,,,,,,,,,,,,,,,,,,,,,,,,,,,,,
知识点->语用->态度->喜欢与不喜欢,"常见题型：选择题、补全对话、听力单选题、情景运用

题干关键词可能有：

① 题干形式

题干多为对话形式，一方询问喜好，另一方回答；或一方表达喜好，另一方表示相同或不同；常见结构：---What's your hobby? / What do you like? ---_____（回答喜好）、---Do you like...? ---Yes, I do. / No, I don't.、---I like... ---Me too. / Same here.、---I don't like... ---Me neither.、---What do you think of...? ---I love it. / I can't stand it. / I don't mind it.、---Which do you prefer, A or B? ---A.、---How do you like...? ---It's great. / I really enjoy it；题干中常出现具体喜好对象：食物（水果、蔬菜、肉类）、运动（篮球、游泳）、科目（数学、英语）、节目类型（喜剧、新闻、才艺秀）、音乐类型（流行、摇滚）、颜色、动物等。

② 题干语法

一般现在时：表达习惯性喜好（I like..., She likes...等）；一般疑问句：Do you like...? / Does he like...? 回答 Yes, I do. / No, I don't.等；特殊疑问句：What do you like? / What's your hobby?、What do you think of...? / How do you like...?、Which do you prefer, A or B?等；表达喜好的动词：like, love, enjoy, prefer, be interested in, be fond of等；表达不喜欢的动词/短语：don't like, hate, can't stand, dislike, don't mind（不介意，中性）等；表达相同喜好的回应：肯定：Me too. / Same here. / So do I. / I like it, too等、否定：Me neither. / Neither do I. / I don't like it, either.等；选择疑问句：Do you like A or B? 回答直接选择一项，或说 Both. / Neither. / Either is OK；反问或追问：What about you? / How about you?

③ 高频词有：询问喜好（What's your hobby?, What do you like?, What about you?, How about you?, Do you like..., What do you think of..., How do you like..., Which do you prefer等）；肯定喜好（like, love, enjoy, prefer, be interested in, be fond of, I'm a fan of, it's great/fantastic/interesting等）；否定喜好（don't like, dislike, hate, can't stand, not really, it's boring/terrible等）；中性态度（I don't mind it, it's OK, just so-so等）；相同回应（Me too, Same here, So do I, I like it too等）；否定相同回应（Me neither, Neither do I, I don't like it either等）；评价形容词（interesting, boring, exciting, funny, relaxing, educational, meaningless, wonderful, fantastic, terrible, scary等）

涉及考查知识点有：

表达喜好的基本句型：I like + 名词/动名词（如 I like swimming.）、I love + 名词/动名词（程度更深）、I enjoy + 动名词、I prefer + 名词/动名词（偏好）、My hobby is + 动名词；表达不喜欢的句型：I don't like + 名词/动名词、I hate + 名词/动名词（强烈厌恶）、I can't stand + 名词/动名词（无法忍受）、I dislike + 名词/动名词（较正式）；询问喜好的句型：What's your hobby?、What do you like doing in your free time?、Do you like...?、What do you think of...?（询问看法，常与喜好相关）、How do you like...?（同义）、Which do you prefer, A or B?（选择偏好）；What about you? / How about you? 的用法：用于反问对方，避免重复提问；Me too / Me neither 的区别：Me too：用于肯定句后，表示“我也是”、Me neither：用于否定句后，表示“我也不”、也可以使用 So do I / Neither do I（更正式）；What do you think of...? 的回答：可以表达喜好：I love it. / It's great、也可以表达不喜好：I can't stand it. / It's boring、还可以表达中立：I don't mind it；prefer 的用法：prefer A to B：喜欢A胜过B、prefer doing A to doing B、prefer to do A rather than do B；听力中捕捉喜好信息：注意听 like, love, enjoy, prefer 等肯定词、注意听 don't like, hate, can't stand 等否定词、注意听 Me too, Me neither 等回应；文化差异：英语中直接表达喜好是正常的，但评价他人喜好的节目或食物时，用 I can't stand it 可能显得强烈，朋友间可以，正式场合用 I don't really like it 更委婉；询问喜好时常用 What do you think of...? 而不是 Do you like...? 以显得更开放。","第三轮：最终的高密度结构化释义：① 常见题型：选择题、补全对话、听力单选题、情景运用；② 题干关键词：What's your hobby?、What do you like?、Do you like...?、Does he like...?、Me too.、Same here.、Me neither.、What do you think of...?、How do you like...?、Which do you prefer, A or B?、like、love、enjoy、prefer、be interested in、be fond of、don't like、hate、can't stand、dislike、don't mind、So do I、Neither do I、What about you?、How about you?、I'm a fan of、great、fantastic、interesting、boring、terrible、not really、just so-so、exciting、funny、relaxing、educational、meaningless、wonderful、scary；③ 涉及考查知识点有：一般现在时表达习惯性喜好的用法、喜好/不喜好/中立态度的表达句型（含动名词搭配规则）、询问喜好的一般/特殊/选择疑问句句型、What about you?/How about you?反问用法、Me too/Me neither用法区别、So do I/Neither do I正式表达用法、What do you think of...?应答规则、prefer的三类固定搭配、听力场景喜好信息捕捉技巧、表达喜好的跨文化交际注意事项；注意：易混淆点：Me too仅用于肯定句后表“我也是”，Me neither仅用于否定句后表“我也不”，二者适用场景不可混用，无明确不打此标签的限定条件",否,,,,,小潘,,,,,,,,,,,,,,,,,,,,,,,,,,,,,,,,
知识点->语用->态度->表扬和鼓励,"常见题型：选择题、补全对话、听力单选题、情景运用

题干关键词可能有：

① 题干形式

题干多为对话形式，一方表达自己的成绩、困难或担忧，另一方给予表扬或鼓励；常见结构：---I won first prize. / I did well. ---_____（表扬，如 “Well done!”、“Good job!”、“Congratulations!”等）、---I'm afraid I can't... / I'm worried... ---_____（鼓励，如 “Cheer up!”、“Don't give up!”、“You can make it.”等）、---Thank you for your help. ---_____（表扬对方的帮助，如 “It's very kind of you.” 但更多是对方先表扬，自己回应感谢）、---Your English is good. ---_____（对表扬的回应，如 “Thank you.”）；题干中常出现的情景：考试或比赛取得好成绩、完成任务、克服困难、担忧失败、感到紧张等。

② 题干语法

表扬常用句型：Well done! / Good job! / Nice work、Congratulations、You did a good job、I'm proud of you、That's great / wonderful / fantastic、How + 形容词 + 主语 + 谓语!（如 How smart it is!）、What + 名词短语!（如 What a lovely cake!）等；鼓励常用句型：Cheer up! / Don't worry. / Take it easy、Don't give up. / Keep trying. / Never say no before you try、Come on! / You can do it! / You'll make it、Believe in yourself、It takes time. / Practice makes perfect、Just give it a go. / Have a go、I'm sure you can. / You have my support等；回应表扬：Thank you. / Thanks a lot. / It's nice of you to say so等；时态：一般现在时为主，表扬过去成就用过去时（You did a good job.）；情态动词：can, will, may 表达可能性或鼓励（You can make it.）；祈使句：鼓励常用祈使句（Cheer up!, Don't give up!等）

③ 高频词有：表扬关键词（Well done, Good job, Nice work, Great, Wonderful, Fantastic, Excellent, Perfect, Congratulations, Proud of you, You did a good job, That's great, How + adj., What + n.等）；鼓励关键词（Cheer up, Don't worry, Take it easy, Don't give up, Keep trying, Come on, You can make it, You can do it, Believe in yourself, Never say no before you try, Just give it a go, Have a go, It takes time, Practice makes perfect, I'm sure you can等）；回应表扬（Thank you, Thanks a lot, It's nice of you to say so等）；表达担忧/困难（I'm afraid..., I'm worried..., I can't..., It's too hard, I failed, I'm nervous等）；其他相关词（progress, success, prize, competition, exam, test, race, speech, contest, help, clean, cook, draw, sing, dance等）

涉及考查知识点有：

表扬的常用表达：通用表扬：Well done! / Good job! / Nice work! / Great!等、针对成就：Congratulations! / You did a good job. / I'm proud of you.等、针对外貌或物品：How beautiful! / What a lovely dress! / You look great.等、针对品质：That's very kind of you. / You are so helpful.等；鼓励的常用表达：安慰：Don't worry. / Take it easy. / Never mind.等、打气：Cheer up! / Come on! / Keep trying. / Don't give up.等、表达信心：You can do it. / I believe in you. / I'm sure you will make it.等、鼓励尝试：Just give it a go. / Have a try. / Why not have a go?等、强调过程：It takes time. / Practice makes perfect；对表扬的回应：标准回答：Thank you. / Thanks.等、谦虚回答：It's nothing. / I'm glad you like it.（较少，但可接受）等；感叹句在表扬中的应用：How + 形容词 + 主语 + 谓语!（如 How smart it is!）、What + 名词短语!（如 What a wonderful day!）；谚语与习语用于鼓励：Practice makes perfect.（熟能生巧）、Where there is a will, there is a way.（有志者事竟成）、Actions speak louder than words.（行动胜于言辞）、Every dog has its day.（人人皆有得意时）、It's never too late to learn.（活到老学到老）；听力中识别表扬与鼓励：注意听表扬词（well done, good job, congratulations等）、注意听鼓励词（cheer up, don't worry, come on, you can do it等）、注意听语气（激昂、温暖、支持）","第三轮：最终的高密度结构化释义。① 常见题型：选择题、补全对话、听力单选题、情景运用② 题干关键词：progress, success, prize, competition, exam, test, race, speech, contest, help, clean, cook, draw, sing, dance, I'm afraid..., I'm worried..., I can't..., It's too hard, I failed, I'm nervous, Well done, Good job, Nice work, Great, Wonderful, Fantastic, Excellent, Perfect, Congratulations, Proud of you, You did a good job, That's great, How + adj., What + n., Cheer up, Don't worry, Take it easy, Don't give up, Keep trying, Come on, You can make it, You can do it, Believe in yourself, Never say no before you try, Just give it a go, Have a go, It takes time, Practice makes perfect, I'm sure you can, Thank you, Thanks a lot, It's nice of you to say so, 祈使句, 情态动词can、will、may, 一般现在时, 一般过去时③ 涉及考查知识点有：表扬的常用表达，鼓励的常用表达，对表扬的回应表达，感叹句在表扬中的应用，鼓励类谚语与习语，听力中表扬与鼓励的识别注意：无明确说明",否,,,,,小潘,,,,,,,,,,,,,,,,,,,,,,,,,,,,,,,,
知识点->语用->态度->判断与意见,"常见题型：选择题、补全对话、听力单选题、情景运用

题干关键词可能有：

① 题干形式

题干多为对话形式，一方询问另一方对某事物、经历、人物等的看法，或直接表达自己的判断；常见结构：---What do you think of...? / How do you like...? ---_____（表达意见，如 “It’s great.”、“I love it.”）、---How was your trip / weekend / holiday? ---_____（评价经历，如 “It was wonderful.”、“Terrible.”）、---What is...like? ---_____（描述性格或外貌）、---Do you think...? ---_____（表达判断，如 “I think so.”、“I hope so.”）、---I think... ---_____（回应对方观点，如 “That’s true.”、“Exactly.”、“I agree.”）、---Isn’t that...? ---_____（反问或确认）；题干中常出现对电影、书籍、旅行、食物、人物、天气、科技产品、社会现象等的评价。

② 题干语法

一般现在时：表达一般性看法或判断（I think..., It is great.）；一般过去时：评价过去的经历或事件（How was your trip?, It was fantastic.）；特殊疑问句：What do you think of...?、How do you like...?、How was...?、What is...like?；表达观点的动词：think, believe, find, feel, suppose, guess；形容词：表达评价（great, wonderful, fantastic, terrible, boring, interesting, amazing, cool, fun 等）；副词：really, quite, so, very, too 修饰形容词；感叹句：What + 名词短语! / How + 形容词!（表达强烈意见）；反问或确认：Isn't it?, Don't you think so?

③ 高频词有：询问意见（What do you think of..., How do you like..., How was..., What is...like, Do you think..., Isn't it...?等）；表达积极意见（great, wonderful, fantastic, amazing, cool, fun, interesting, exciting, perfect, awesome, nice, beautiful, delicious等）；表达消极意见（terrible, boring, awful, not good, disappointing, too bad, no good等）；表达判断（I think so, I hope so, I believe, I suppose, I guess, That's true, Exactly, You said it, That's right, No doubt, That's for sure等）；表达不确定或中立（It depends, I'm not sure, It's hard to say, Not really, Not exactly等）；感叹词/句（Wow!, What a..., How...!）

涉及考查知识点有：

询问意见的常用句型：What do you think of...?、How do you like...?、How was...?（询问过去的经历）、What is...like?（询问性格或外貌）、Do you think...?（询问判断）；表达意见的常用句型：I think (that)... / I believe... / I find...、In my opinion,...、It's + 形容词.（如 It's great.）、That sounds + 形容词.（如 That sounds fun.）；表达强烈意见的感叹句：What + 名词短语!（What a beautiful view!）、How + 形容词 + 主语 + 谓语!（How wonderful it is!）；对经历的过去时评价：How was your trip? → It was amazing、注意时态一致性：问过去，答过去；听力中识别意见：注意听形容词（正面/负面）、语气词（Wow!, Oh!）、以及 I think, I feel 等引导词。

",第三轮：最终的高密度结构化释义。① 常见题型：选择题、补全对话、听力单选题、情景运用② 题干关键词：What do you think of...?、How do you like...?、How was...?、What is...like?、Do you think...?、Isn't it...?、Don't you think so?、think、believe、find、feel、suppose、guess、great、wonderful、fantastic、terrible、boring、interesting、amazing、cool、fun、awful、not good、disappointing、too bad、no good、exciting、perfect、awesome、nice、beautiful、delicious、really、quite、so、very、too、I think so、I hope so、That's true、Exactly、You said it、That's right、No doubt、That's for sure、It depends、I'm not sure、It's hard to say、Not really、Not exactly、Wow!、What + 名词短语!、How + 形容词!③ 涉及考查知识点有：询问意见常用句型、表达意见常用句型、表达强烈意见的感叹句结构、过去时评价的时态一致性规则、听力场景下意见表达的识别技巧注意：无明确说明,否,,,,,小潘,,,,,,,,,,,,,,,,,,,,,,,,,,,,,,,,
知识点->语用->态度->偏爱和优先选择,"常见题型：选择题、补全对话、听力单选题、情景运用

题干关键词可能有：

① 题干形式

题干多为对话形式，一方提供两个或多个选项，询问对方偏好，另一方做出选择或表达难以选择；常见结构：---Which do you prefer, A or B? ---_____（直接选择一项，如 “A.” / “I prefer A.” / “I like A better.”）、---What's your favorite...? ---_____（回答最喜欢的事物）、---Would you like A or B? ---_____（选择一项，如 “A, please.”）、---Do you like A or B? ---_____（回答“A”或“B”，或“Both.”、“Neither.”、“Either is OK.”）、---Which one do you like better? ---_____（表达偏好）；题干中常出现选择疑问句（or 连接两个选项），以及特殊疑问句（What's your favorite...?）。

② 题干语法

选择疑问句：Which do you prefer, A or B?、Would you like A or B?、Do you like A or B?、Which one do you like better, A or B?；一般现在时：表达习惯性偏好（I prefer tea.、I like swimming.）；回答方式：直接选择一项：A, please. / I prefer A. / I like A better、表示两者都可：Either is OK. / Both are good. / I don't mind、表示两者都不：Neither. / I don't like either、表示难以选择：It's hard to say. / It depends. / I'm not sure；动词：prefer, like, love, enjoy 后接名词或动名词；感叹句：What a good idea! 等表达对选择的认同；反问或追问：How about you? / What about you?

③ 高频词有：询问偏好的疑问词/短语（Which, What, What's your favorite..., Which do you prefer..., Would you like..., Do you like... or...等）；表达偏好的动词（prefer, like better, like best, love, enjoy, be into等）；选择疑问句连接词（or）；回答中的常用表达（直接选择：A, please. / I prefer A. / I like A better. / A is my favorite等、两者都可：Either is OK. / Both are fine. / I don't mind. / It's up to you.等、两者都不：Neither. / I don't like either.等、难以选择：It's hard to say. / It depends. / I'm not sure.等）；偏好对象名词（food, drink, sport, season, color, animal, subject, music, movie, book, art form, festival, city, payment method等）

涉及考查知识点有：

选择疑问句的构成与回答：构成：一般疑问句 + or + 选项 或 特殊疑问句 + A or B?、回答时直接给出所选选项，不用 Yes/No；prefer 的用法：prefer A to B：喜欢A胜过B、prefer doing A to doing B、prefer to do A rather than do B、回答选择疑问句时，可直接说 I prefer A；like better 与 like best：like better 用于两者比较、like best 用于三者及以上；favorite 的用法：What's your favorite...? 询问最喜欢的事物、回答：My favorite ... is ... 或直接说出事物；Would you like A or B? 的用法：礼貌地询问对方想要哪个，回答时直接说选项 + please；Either is OK. / Neither. 的用法：Either 表示两者中任意一个都可以、Neither 表示两者都不喜欢/不选择；It depends. 的用法：表示选择取决于其他条件，常用于无法直接做出选择时；It's hard to say. 的用法：表示难以判断哪个更好，常用于两者各有优劣时；文化差异：英语中询问偏好时常用选择疑问句，回答应直接给出选择，而非用 Yes/No；表达“两者都可以”时用 Either is OK. 比 Both are OK. 更常见（Both 通常指两者都喜欢，但不一定表示选择任意一个）；在正式场合，用 I would prefer... 比 I like... better 更礼貌。

","第三轮：最终的高密度结构化释义。① 常见题型：选择题、补全对话、听力单选题、情景运用② 题干关键词：Which, What, What's your favorite..., Which do you prefer..., Would you like..., Do you like... or..., prefer, like better, like best, love, enjoy, be into, or, A, please., I prefer A., I like A better., A is my favorite, Either is OK., Both are fine., I don't mind., It's up to you., Neither., I don't like either., It's hard to say., It depends., I'm not sure.③ 涉及考查知识点有：选择疑问句的构成与回答，prefer的用法，like better与like best辨析，favorite的用法，Would you like A or B?的用法，Either/Neither相关表达用法，It depends.的用法，It's hard to say.的用法，询问偏好类场景的文化差异注意：回答选择疑问句不可使用Yes/No；like better仅用于两者比较，like best用于三者及以上比较；表达“两者都可选择”时Either is OK.比Both are OK.更常用，Both通常指两者都喜欢，不表示可任选其一；正式场合表达偏好时I would prefer...比I like...better更礼貌；无明确不打此标签的条件",否,,,,,小潘,,,,,,,,,,,,,,,,,,,,,,,,,,,,,,,,
知识点->语用->态度->意愿和打算,"

常见题型：选择题、补全对话、听力单选题、情景运用

题干关键词可能有：

① 题干形式

题干多为对话形式，一方询问另一方未来的计划、意愿或梦想，另一方做出回答；或直接表达自己的打算；常见结构：---What are you going to do...? ---_____（回答计划，如 “I'm going to...”）、---What do you want to be when you grow up? ---_____（回答未来职业）、---Would you like to...? ---_____（表达意愿，如 “Yes, I'd love to.” / “Sorry, I can't.”）、---I plan to... ---_____（回应对方的计划）、---Are you going to...? ---_____（确认计划）、---What would you like to...? ---_____（询问意愿）；中文情景提示：直接要求写出表达打算或意愿的句子（如 “你打算教你的朋友放风筝，你会说：I'm going to teach you to fly kites.”）；题干中常出现的关键信息：未来时间（tomorrow, next week, this weekend, in the future）、职业（doctor, teacher, pilot）、活动（go to the zoo, visit grandparents, take photos）等。

② 题干语法

一般将来时（be going to / will）：be going to 表示计划、打算（已有准备）、will 表示意愿、决心或临时决定；现在进行时表将来：I'm leaving for... 表示即将发生的计划（较正式）、want to / would like to：表达意愿、希望、plan to / hope to / decide to：表达计划、希望、决定；What about...? / How about...?：用于提出建议，间接表达打算；选择疑问句：Are you going to A or B? 询问倾向；祈使句：Let's... 表达共同打算；条件句：If it's fine, I will... 表达取决于条件的计划；时态搭配：询问计划用一般将来时或 be going to，回答也用相应时态

③ 高频词有：表达意愿/打算的动词短语（want to, would like to, be going to, will, plan to, hope to, decide to, intend to, choose to等）；询问计划/意愿的疑问词/句型（What are you going to do...?、What do you want to be...?、Would you like to...?、Are you going to...?、What will you do...?、What's your plan...?、How are you going to...?等）；时间状语（tomorrow, next week, this weekend, on Sunday, in the future, during the holiday, after school等）；职业名词（doctor, teacher, engineer, pilot, singer, artist, fireman, scientist, writer, cook, dancer, actor等）；活动动词（visit, go, see, watch, play, take, make, help, learn, teach, buy, read, travel, climb, swim, run等）；回应表达（肯定：Sounds great! That's a good idea. I'd love to. That's cool. Have fun!等、否定或不确定：I'm not sure. It depends. Maybe. Sorry, I can't.等）

涉及考查知识点有：

be going to 的用法：表示计划、打算（已有明确安排）、结构：主语 + be going to + 动词原形、疑问句：What are you going to do?；will 的用法：表示意愿、决心（I will help you.）、表示临时决定（I'll take it.）、表示预测（It will rain tomorrow.）；want to 与 would like to 的区别：want to 较直接，表达愿望、would like to 更礼貌，常用于邀请或征求意见；plan to / hope to / decide to后接动词原形，表达不同程度的计划或意愿；现在进行时表将来：I'm leaving tomorrow. 表示按计划即将发生的动作（常用于 go, come, leave, arrive 等动词）；询问计划的句型：What are you going to do...?、What do you plan to do...?、What will you do...?、What would you like to do?；对邀请或提议的回应：接受：Yes, I'd love to. / Sure. / That sounds great、拒绝：Sorry, I can't. I have to... / I'd love to, but...；表达不确定的计划：I'm not sure. / It depends. / Maybe I will...；从文本中提取计划信息：阅读便条、短信、通知、日历等，理解人物的时间安排和意图。","第三轮：最终的高密度结构化释义：① 常见题型：选择题、补全对话、听力单选题、情景运用；② 题干关键词：""What are you going to do...?""、""What do you want to be when you grow up?""、""Would you like to...?""、""I plan to...""、""Are you going to...?""、""What would you like to...?""、""What will you do...?""、""What's your plan...?""、""How are you going to...?""、be going to、will、want to、would like to、plan to、hope to、decide to、intend to、choose to、tomorrow、next week、this weekend、on Sunday、in the future、during the holiday、after school、doctor、teacher、engineer、pilot、singer、artist、fireman、scientist、writer、cook、dancer、actor、visit、go、see、watch、play、take、make、help、learn、teach、buy、read、travel、climb、swim、run、""Sounds great!""、""That's a good idea.""、""I'd love to.""、""That's cool.""、""Have fun!""、""I'm not sure.""、""It depends.""、""Maybe.""、""Sorry, I can't.""；③ 涉及考查知识点有：be going to表计划打算的用法、will表意愿/决心/临时决定/预测的用法、want to与would like to的语用区别、plan to/hope to/decide to后接动词原形的用法、现在进行时表将来的用法、询问计划/意愿的常用句型、邀请或提议的回应规则、不确定计划的表达方法、从文本中提取计划信息的能力；注意：无明确说明",否,,,,,小潘,,,,,,,,,,,,,,,,,,,,,,,,,,,,,,,,
知识点->语用->情感->惊讶,"常见题型：选择题、补全对话、听力单选题、情景运用

题干关键词可能有：

① 题干形式

题干多为对话形式，一方陈述一个令人意外、难以置信或超出预期的事实，另一方表示惊讶或怀疑；常见结构：---A: (陈述令人惊讶的消息) ---B: _____（选择惊讶反应，如 “Really?”、“No way!”、“You're kidding!”）、---A: Guess what? ... ---B: _____（对惊喜消息的反应）、---A: I heard that ... ---B: _____（表示怀疑或惊讶）、---A: ... ---B: How come?（询问原因，隐含惊讶）、---A: (描述意外情况) ---B: Are you serious?；感叹句表达惊讶：What a surprise!、How amazing!、That's incredible!；听力题干中常出现：How does the man feel?、What feeling does the tone show? 等，要求识别惊讶情感。

② 题干语法

感叹句：What + 名词短语!（What a lovely cake!、What a surprise!）、How + 形容词 + 主语 + 谓语!（How amazing!、How time flies!）；疑问句表达惊讶：Really?、Are you serious?、You did?、How come?、You can't be serious!；否定反问：No way!、You're kidding!、You must be joking!；表达难以置信的短语：That's unbelievable!、That's amazing!、That's incredible!、I can't believe it!；表达意外惊喜：What a surprise!、Oh, you remembered!、Guess what!；时态：一般现在时或一般过去时（对已发生事件的反应）语调：在听力中，升调、重音、拖长音等表示惊讶

③ 高频词有：直接表达惊讶的短语（Really?, No way!, You're kidding!, Are you serious?, You can't be serious!, How come?, You did?, Guess what?, Believe it or not, That's amazing, That's unbelievable, That's incredible, What a surprise!, I can't believe it!, That's shocking, What a shock!等）；感叹词/句（Wow!, Oh!, Ah!, How time flies!, How amazing!, What a lovely...!等）；询问原因（隐含惊讶）（How come?, Why?等）；听力中描述情感的形容词（surprised, shocked, amazed, astonished, excited (有时惊讶与兴奋混合), unbelievable等）；其他（unbelievable, incredible, amazing, shocking, surprising等）

涉及考查知识点有：

表达惊讶的常用句型：直接感叹：Really?、No way!、You're kidding!等、反问确认：Are you serious?、You can't be serious!等、表达难以置信：That's unbelievable!、I can't believe it!等、表达惊喜：What a surprise!、Guess what!等；感叹句的用法：What + 名词短语! 强调事物、How + 形容词/副词! 强调程度、常用于表达强烈的情感，包括惊讶；How come? 的用法：相当于 Why?，但更口语化，常表达惊讶或不解。后面接陈述句语序：How come you are late?；Guess what! 的用法：用于引出令人惊讶的消息，引起对方注意；Believe it or not 的用法：用于陈述令人难以置信的事实，引起对方惊讶；听力中识别惊讶情感：注意听感叹词（Wow!, Oh!）、升调（Really?）、重音（You did?）、以及关键词（unbelievable, no way）、通过上下文判断说话人是对好消息还是坏消息感到惊讶（惊喜 vs 惊愕）；常见惊讶场景：听到好消息（获奖、成功）、听到坏消息（事故、失败）、听到不寻常的事实（动物习性、科技突破）、收到意外礼物或惊喜、时间飞逝的感慨","第三轮：① 常见题型：选择题、补全对话、听力单选题、情景运用② 题干关键词：对话结构（一方陈述意外/超出预期/难以置信事实，另一方需回应惊讶/怀疑）、Really?、No way!、You're kidding!、Guess what?、I heard that、How come?、Are you serious?、What a surprise!、How amazing!、That's incredible!、听力设问：How does the man feel?、What feeling does the tone show?、What + 名词短语!、How + 形容词/副词 + 主语 + 谓语!、You did?、You can't be serious!、You must be joking!、That's unbelievable!、I can't believe it!、Oh, you remembered!、Believe it or not、That's shocking、What a shock!、Wow!、Oh!、Ah!、How time flies!、Why?、surprised、shocked、amazed、astonished、excited、unbelievable、incredible、shocking、surprising③ 涉及考查知识点有：表达惊讶的常用句型、What/How引导感叹句的用法、How come?的语义及用法、Guess what!的用法、Believe it or not的用法、听力场景下惊讶情感的识别方法、惊讶表达适用场景④ 注意：无明确说明",否,,,,,小潘,,,,,,,,,,,,,,,,,,,,,,,,,,,,,,,,
知识点->语用->情感->高兴,"

常见题型：选择题、补全对话、听力单选题、情景运用

题干关键词可能有：

① 题干形式

题干多为对话形式，一方分享好消息、计划、成就或愉快经历，另一方表示高兴、兴奋、祝贺或期待；常见结构：---A: (分享好消息/成就) ---B: _____（表达高兴反应，如 “That's great!”、“I'm glad to hear that.”、“Congratulations!”）、---A: I'm going to... / We'll... ---B: _____（表达期待或兴奋，如 “I can't wait!”、“Sounds great!”）、---A: Guess what? ... ---B: _____（对惊喜消息的兴奋反应）、---A: How was your...? ---B: _____（描述愉快经历，如 “It was great!”、“I had a wonderful time.”）、---A: Long time no see. ---B: _____（表达见到对方的喜悦，如 “Nice to see you!”、“I'm so happy to see you!”）；感叹句表达高兴：How exciting!、What good news!、What fun；题干中常出现的关键信息：好消息（获奖、考试通过、假期计划）、愉快经历（旅行、聚会）、期待的事件（新电影、学校旅行、见到朋友）等。

② 题干语法

一般现在时：表达当前的高兴情绪（I'm so happy.、That sounds great.）；一般过去时：描述过去愉快的经历（I had a great time.、It was wonderful.）；一般将来时：表达对未来的期待（I can't wait to...、I'm looking forward to...）；感叹句：How + 形容词 + 主语 + 谓语!（How exciting!、How wonderful!）、What + 名词短语!（What good news!、What fun!）；动词短语：can't wait to do sth.（迫不及待做某事）、look forward to doing sth.（期待做某事）、be glad/happy to do sth.（很高兴做某事）；回应好消息的表达：That's great! / That's wonderful! / That's fantastic、I'm glad to hear that. / I'm happy for you、Congratulations! / Good for you、Sounds great! / How exciting；表达自己兴奋的句型：Guess what!（引出好消息）、I'm so excited、I can't believe it!（惊喜）；见面时的喜悦：Nice to meet you. / Glad to see you. / Long time no see.

③ 高频词有：表达高兴/兴奋的形容词（great, wonderful, fantastic, excellent, amazing, exciting, fun, happy, glad, pleased, joyful等）；表达高兴的动词/短语（be glad to, be happy to, be excited about, look forward to, can't wait to, enjoy, have a good time, have fun等）；对好消息的反应（That's great! That's wonderful! That's fantastic! Sounds great! How exciting! What good news! I'm glad to hear that. I'm happy for you. Congratulations! Good for you! Lucky you!等）；引出好消息（Guess what! You know what? Believe it or not!等）；见面时的表达（Nice to meet you. Glad to see you. Long time no see. Welcome!等）；感叹词（Wow! Great! Hurray! Oh, that's nice!等）；听力中的情绪词（happy, excited, glad, pleased, cheerful, joyful等）

涉及考查知识点有：

对好消息的常见反应：That's great! / That's wonderful! / That's fantastic、I'm glad to hear that. / I'm happy for you、Congratulations!（对成就）、Good for you!（对进步或成功）、Lucky you!（对对方的幸运表示羡慕和高兴）；表达自己兴奋的句型：I'm so excited、I can't wait! / I can't wait to...、I'm looking forward to...、Guess what!（引出好消息）；描述愉快经历的句型：I had a great time. / I enjoyed myself、It was wonderful/fantastic、We had so much fun；感叹句表达高兴：

How + 形容词!（How exciting!）、What + 名词短语!（What fun!、What good news!）；见面时的喜悦表达：Nice to meet you.（初次见面）、Nice to see you. / Glad to see you.（再次见面）、Long time no see.（好久不见）、Welcome!（欢迎）；对他人愉快经历的反应：用 I'm glad to hear that. 表示对对方好经历的正面回应、用 That sounds great! 表示对对方描述的活动的兴趣和高兴；Sounds great 与 That's great 的区别：Sounds great 多用于回应提议或计划（对未发生的事表示期待）、That's great 多用于回应已完成的好消息或成就。","第三轮：最终的高密度结构化释义。① 常见题型：选择题、补全对话、听力单选题、情景运用；② 题干关键词：中文：好消息、计划、成就、愉快经历、获奖、考试通过、假期计划、旅行、聚会、新电影、学校旅行、见到朋友、一般现在时、一般过去时、一般将来时、感叹句；英文：That's great!、I'm glad to hear that.、Congratulations!、I'm going to...、We'll...、I can't wait!、Sounds great!、Guess what?、How was your...?、It was great!、I had a wonderful time.、Long time no see.、Nice to see you!、I'm so happy to see you!、How exciting!、What good news!、What fun、I'm so happy.、That sounds great.、I had a great time.、It was wonderful.、I'm looking forward to...、can't wait to do sth.、look forward to doing sth.、be glad/happy to do sth.、That's wonderful!、That's fantastic、I'm happy for you、Good for you、I'm so excited、I can't believe it!、Nice to meet you.、great、wonderful、fantastic、excellent、amazing、exciting、fun、happy、glad、pleased、joyful、be excited about、enjoy、have a good time、have fun、Lucky you!、You know what?、Believe it or not!、Welcome!、Wow!、Hurray!、Oh, that's nice!、cheerful；③ 涉及考查知识点有：好消息常见回应表达、自我兴奋情绪表达句型、愉快经历描述句型、高兴类感叹句结构、见面喜悦场景表达、他人愉快经历回应表达、Sounds great与That's great的用法辨析；注意：无明确排他性规则，易混淆点：Sounds great多用于回应未发生的提议/计划表期待，That's great多用于回应已完成的好消息/成就。",否,,,,,小潘,,,,,,,,,,,,,,,,,,,,,,,,,,,,,,,,
知识点->语用->情感->安慰/关切,"常见题型：选择题、补全对话、听力单选题、情景运用

题干关键词可能有：

① 题干形式

题干多为对话形式，一方表达自己遇到了问题（生病、受伤、考试失败、丢东西、与朋友吵架等），另一方表示关心、同情或安慰；常见结构：---A: I have a cold / failed the exam / lost my wallet... ---B: _____（表达同情或安慰，如 “I'm sorry to hear that.”、“Don't worry.”）、---A: You look sad / tired / upset. ---B: _____（询问原因或表达关心，如 “What's wrong?”、“Are you OK?”）、---A: I'm worried about... ---B: _____（安慰对方，如 “Take it easy.”、“Don't worry.”）、---A: I'm sorry I broke your... ---B: _____（回应道歉，表示没关系，如 “Never mind.”、“It doesn't matter.”）、---A: (描述意外或不幸) ---B: _____（表达遗憾，如 “That's too bad.”、“What a pity!”）；题干中常出现的状况：生病（头痛、感冒、发烧）、受伤（腿伤、手指割伤）、考试失败、丢东西、与朋友争吵、担心考试、失眠等。

② 题干语法

一般现在时：表达当前的状态或情绪（I have a headache.、I feel sad.）；一般过去时：描述已经发生的事情（I lost my wallet.、I failed the exam.）；询问状况的句型：What's wrong (with you)?、What's the matter (with you)?、What happened?、Are you OK?、You look sad/tired. What's up?等；表达同情的句型：、I'm sorry to hear that.、That's too bad. / What a pity!、I'm sorry for you.等；表达安慰/鼓励的句型：Don't worry.、Take it easy.、Never mind.（回应道歉或小错误）、It doesn't matter.（回应道歉）、It's not a big deal.、Cheer up!、Everything will be fine.、You can make it.等；回应道歉的句型：That's all right.、It doesn't matter.、Never mind.、Don't worry about it.等；情态动词：should（建议，如 You should see a doctor.）；条件句：If you work hard, you will improve.（安慰中的鼓励）

③ 高频词有：询问状况（What's wrong, What's the matter, What happened, Are you OK, You look + 形容词, How are you feeling等）；表达同情/遗憾（I'm sorry to hear that, That's too bad, What a pity, I'm sorry for you, That's terrible, Poor you等）；表达安慰/鼓励（Don't worry, Take it easy, Never mind, It doesn't matter, It's not a big deal, Cheer up, Everything will be fine, You can make it, Keep trying, Believe in yourself等）；回应道歉：（That's all right, It doesn't matter, Never mind, Don't mention it等）；描述问题的词（sick, ill, hurt, pain, headache, cold, fever, cough, fail, lose, worry, nervous, upset, sad, tired等）

涉及考查知识点有：

询问他人状况的常用句型：What's wrong (with you)?、What's the matter (with you)?、What happened?、Are you OK? / Are you all right?、You look sad/tired/pale. What's up?；表达同情与遗憾的常用句型：I'm sorry to hear that.（最常用）、That's too bad. / What a pity!、I'm sorry for you.、That's terrible；表达安慰与鼓励的常用句型：安慰：Don't worry. / Take it easy. / Never mind. / It's not a big deal. / Everything will be fine.等、鼓励：Cheer up! / You can make it. / Keep trying. / Believe in yourself. / You'll do better next time等；回应道歉的常用句型：That's all right. / It doesn't matter. / Never mind. / Don't worry about it. / It's OK.等；听力中识别关切与安慰：注意听 What's wrong?、I'm sorry to hear that.、Don't worry. 等关键词、通过说话人的语调（关切、温柔）判断。",第三轮：最终的高密度结构化释义。① 常见题型：选择题、补全对话、听力单选题、情景运用；② 题干关键词：What's wrong、What's the matter、What happened、Are you OK、You look + 形容词、How are you feeling、I'm sorry to hear that、That's too bad、What a pity、I'm sorry for you、That's terrible、Poor you、Don't worry、Take it easy、Never mind、It doesn't matter、It's not a big deal、Cheer up、Everything will be fine、You can make it、Keep trying、Believe in yourself、That's all right、Don't mention it、sick、ill、hurt、pain、headache、cold、fever、cough、fail、lose、worry、nervous、upset、sad、tired；③ 涉及考查知识点有：询问他人状况常用句型、表达同情与遗憾常用句型、表达安慰与鼓励常用句型、回应道歉常用句型、听力场景中关切与安慰表达的识别；注意：无明确说明,否,,,,,小潘,,,,,,,,,,,,,,,,,,,,,,,,,,,,,,,,
知识点->语用->情感->自信,"常见题型：选择题、补全对话、听力单选题、情景运用

题干关键词可能有：

① 题干形式

题干多为对话形式，一方询问对方是否有信心、是否能完成某事，或对方主动表达自信；常见结构：---Are you sure you can do well in...? ---_____（回答表达自信，如 “I think so.”、“Sure, I am.”）、---Can you...? ---_____（回答表达轻松胜任，如 “It's a piece of cake.”）、---I believe we will... ---_____（表达赞同和自信，如 “That's for sure.”）、---You promised you would... ---_____（回应承诺，如 “I'm a man of my word.”）、---How do you feel about...? ---_____（回答表达自信，如 “Confident.”）、---I hope you won't disappoint us. ---_____（回应表达决心，如 “Believe in me.”）；题干中常出现的关键信息：考试、比赛、演讲、面试、任务完成等需要能力或信心的场景。

② 题干语法

一般现在时：表达当前的状态或能力（I am confident.、I think so.等）；一般将来时：表达对未来的信心或承诺（I will try my best.、I'll do it.等）；情态动词：can（表达能力，如 I can do it.）、will（表达决心）；固定短语：It's a piece of cake.（小菜一碟）、That's for sure.（那是肯定的）、You bet!（当然！）、Believe in me.（相信我）、I'm a man of my word.（我说话算话）、No problem.（没问题）等；否定形式：I'm afraid not.、It's hard to say.、I'm not sure.（表示缺乏自信）等；疑问句：Are you sure...?、Do you think you can...?、How do you feel about...?等；听力中识别自信：通过关键词（confident, sure, piece of cake, no problem）和语调（平稳、坚定）判断。

③ 高频词有：表达自信的形容词/短语（confident, sure, certain, no problem, a piece of cake, easy, for sure, you bet, believe in me, I can do it, I think so, of course等）；表达承诺/决心（I promise, I will, I'll try my best, I'm a man of my word, count on me, you have my word等）；询问自信的句型（Are you sure..., Do you think you can..., How do you feel about..., Are you confident about...等）；缺乏自信的表达（I'm afraid not, I'm not sure, It's hard to say, I'm worried, I'm nervous等）；听力中的情绪词（confident, nervous, worried, stressed, relaxed, excited等）

涉及考查知识点有：

表达自信的常用句型：I think so. / I'm sure. / I'm confident、No problem. / It's a piece of cake. / It's easy、That's for sure. / You bet. / Of course、Believe in me. / Trust me、I can do it. / I will make it.等；表达承诺与决心：I promise. / I give you my word. / I'm a man of my word、I'll try my best. / I'll do it等；询问自信的常用句型：Are you sure you can...?、Do you think you can...?、How confident are you about...?、Are you confident about...?等；对自信的回应：肯定：That's great. / I believe in you. / Good for you等、鼓励：Just believe in yourself. / You can make it等；缺乏自信的委婉表达：I'm not sure. / I'm afraid not. / It's hard to say. / I'm a little nervous等；听力中识别自信：注意听肯定词（sure, confident, no problem）和否定词（not sure, worried）、通过语调（平稳、坚定）和语气（犹豫、迟疑）判断。",第三轮：最终的高密度结构化释义。①常见题型：选择题、补全对话、听力单选题、情景运用；②题干关键词：Are you sure...?、Do you think you can...?、How do you feel about...?、Are you confident about...?、confident、sure、certain、no problem、a piece of cake、easy、for sure、you bet、believe in me、I can do it、I think so、of course、I promise、I will、I'll try my best、I'm a man of my word、count on me、you have my word、I'm afraid not、I'm not sure、It's hard to say、I'm worried、I'm nervous、nervous、worried、stressed、relaxed、excited、can、will、一般现在时、一般将来时、平稳坚定语调、犹豫迟疑语调；③涉及考查知识点有：表达自信的常用句型、表达承诺与决心的常用句型、询问自信的常用句型、对自信表达的回应句型、缺乏自信的委婉表达、听力中自信情绪识别方法；注意：无明确说明,否,,,,,小潘,,,,,,,,,,,,,,,,,,,,,,,,,,,,,,,,
知识点->语用->情感->满意,"常见题型：选择题、补全对话、听力单选题、情景运用

题干关键词可能有：

① 题干形式

题干多为对话形式，一方询问对某事物、经历或结果的看法，另一方给出积极评价；或一方主动赞美，另一方回应；常见结构：---How was your trip / weekend / holiday? ---_____（评价经历，如 “It was great.”、“Pretty good.”）、---What do you think of...? / How do you like...? ---_____（表达看法，如 “It's fantastic.”、“I love it.”）、---How do you find...? ---_____（评价，如 “Wonderful, indeed.”）、---(描述自己的成就或完成的任务) ---_____（对方表示赞美，如 “Well done!”、“Nice work!”）、---(展示物品或作品) ---_____（对方赞美，如 “It looks fantastic.”、“How beautiful!”）、---I had a great time... ---_____（对方回应，如 “I'm glad to hear that.”）、---Thank you for... ---_____（回应感谢并表达满意，如 “I'm glad you like it.”）；题干中常出现的关键信息：旅行、假期、电影、食物、学校生活、考试成绩、完成的任务、收到的礼物、作品等。

② 题干语法

一般过去时：评价过去的经历（How was your trip? → It was great.）；一般现在时：表达对事物的一般看法（What do you think of the film? → It's fantastic.）；感叹句：What + 名词短语!（What a lovely cake!、What beautiful flowers!）、How + 形容词 + 主语 + 谓语!（How nice the flower is!、How exciting!）；形容词：用于评价（great, wonderful, fantastic, excellent, perfect, nice, beautiful, delicious, cool, amazing, pretty good, comfortable, interesting, relaxing, fun等）；副词：really, quite, so, very, pretty 等修饰形容词；动词短语：enjoy oneself（玩得开心）、have a good time / have fun、be pleased with / be satisfied with（较少，但可表达满意）等；回应赞美：Thank you. / I'm glad you like it、I'm glad to hear that.（对他人愉快经历的回应）；时态一致性：问过去用过去时答过去，问一般情况用现在时。

③ 高频词有：表达满意的形容词（good, great, wonderful, fantastic, excellent, perfect, nice, beautiful, delicious, cool, amazing, awesome, pretty good, not bad, comfortable, interesting, relaxing, fun, enjoyable, satisfied, pleased等）；表达赞美的动词短语（Well done, Good job, Nice work, Good for you, Congratulations, That's great, That's wonderful, How nice, What a lovely...等）；回应满意的表达（I'm glad to hear that, I'm glad you like it, That's good to hear, Sounds great, Lucky you等）；询问满意度的句型（How was...? What do you think of...? How do you like...? How do you find...? Did you enjoy...? Is it good?等）；表达享受的动词（enjoy, love, like, have a good time, have fun等）；听力中的情感词（happy, pleased, satisfied, excited, relaxed, proud（与满意相关）等）

涉及考查知识点有：

询问对经历看法的句型：How was...?（过去）、How is...?（现在）、What do you think of...?、How do you like...?、How do you find...?（较正式）；表达满意的常用回答：It was great/wonderful/fantastic、Pretty good. / Not bad、I enjoyed it very much、It couldn't be better.（表示非常满意）、It's a piece of cake.（对任务的满意，表示容易）；赞美他人或事物的句型：Well done! / Good job! / Nice work!（对成就）、How + 形容词 + 主语 + 谓语!（How beautiful!）、What + 名词短语!（What a lovely cake!）、It looks fantastic. / It sounds great；回应他人赞美的表达：Thank you. / Thanks、I'm glad you like it、I'm happy to hear that；对他人愉快经历表示欣慰：I'm glad to hear that. / That's good to hear、Sounds great. / Lucky you；感叹句在表达满意中的应用：What + 名词短语!（强调事物）、How + 形容词!（强调程度）；听力中识别满意情绪：注意听积极的形容词（great, wonderful, fantastic）、注意听语调（轻快、上扬）、注意听肯定回应（Of course, Pretty good, I enjoyed it）","第三轮：最终的高密度结构化释义。
① 常见题型：选择题、补全对话、听力单选题、情景运用
② 题干关键词：How was..., How is..., What do you think of..., How do you like..., How do you find..., Did you enjoy..., Is it good?, What + 名词短语!, How + 形容词+主语+谓语!, great, wonderful, fantastic, excellent, perfect, nice, beautiful, delicious, cool, amazing, awesome, pretty good, not bad, comfortable, interesting, relaxing, fun, enjoyable, satisfied, pleased, really, quite, so, very, pretty, enjoy oneself, have a good time, have fun, be pleased with, be satisfied with, Well done, Good job, Nice work, Good for you, Congratulations, That's great, That's wonderful, How nice, What a lovely..., I'm glad to hear that, I'm glad you like it, That's good to hear, Sounds great, Lucky you, enjoy, love, like, happy, excited, relaxed, proud
③ 涉及考查知识点有：询问对经历/事物看法的句型、表达满意的常用回答、赞美他人/事物的句型、回应他人赞美的表达、回应他人愉快经历的表达、感叹句结构及用法、听力场景满意类积极情绪识别、时态一致性运用
注意：题干无询问看法、赞美、回应赞美/愉快经历相关表述，或对应答语为消极评价的，不打此标签",否,,,,,小潘,,,,,,,,,,,,,,,,,,,,,,,,,,,,,,,,
知识点->语用->情感->遗憾/同情,"常见题型：选择题、补全对话、听力单选题、情景运用

题干关键词可能有：

① 题干形式

题干多为对话形式，一方陈述不幸、失望或不如意的事情，另一方表达遗憾、同情或惋惜；常见结构：---A: I have a cold / failed the exam / lost my wallet... ---B: _____（表达同情，如 “I'm sorry to hear that.”）、---A: I can't go to the party / concert / picnic... ---B: _____（表达遗憾，如 “What a pity!”、“That's too bad.”）、---A: The school trip was cancelled. ---B: _____（对取消或坏消息的反应）、---A: My pet dog died yesterday. ---B: _____（对不幸事件的同情）、---A: I missed the beginning of the movie. ---B: _____（对错过机会的惋惜）；题干中常出现的情景：生病、受伤、考试失败、丢东西、无法参加活动、活动取消、天气糟糕导致计划改变、亲人或宠物去世、错过重要节目或比赛等。

② 题干语法

一般现在时：陈述当前的状态（I have a headache.、I feel terrible.）；一般过去时：描述已经发生的不幸事件（I lost my bike.、I missed the concert.）；表达遗憾/同情的固定短语：I'm sorry to hear that.（最常用）、What a pity!、That's too bad!、What a shame!、Bad luck!、Poor you.、I'm sorry for you.、It's a pity.、That's a shame；感叹句：What + 名词短语!（What a pity!、What a shame!）、注意：不能说 How pity!，pity 是名词。否定/肯定结构：有时用 I'm afraid so. 表示不好的确认，但不是直接遗憾；听力中识别：通过关键词和语调（低沉、缓慢）判断遗憾或同情。

③ 高频词有：表达遗憾/同情的短语（I'm sorry to hear that, What a pity, That's too bad, What a shame, Bad luck, Poor you, It's a pity, That's a shame, I'm sorry for you等）；坏消息的陈述关键词（sick, ill, hurt, fail, lose, miss, cancel, can't, sorry, terrible, accident, die, break, problem等）；听力中的情感词（sorry, pity, shame, bad luck, unfortunate等）；回应方式（直接使用上述短语，有时加 Oh, 或 Oh dear等）

涉及考查知识点有：

表达遗憾与同情的常用句型：I'm sorry to hear that.（听到坏消息的标准回应）、What a pity! / That's a pity.（表示可惜）、That's too bad! / What a shame!（表示惋惜）、Bad luck!（表示运气不好）、Poor you.（表示同情，较口语化）、I'm sorry for you.（较直接）；不同情境下的恰当表达：对生病、受伤、亲人离世等用 I'm sorry to hear that. 更正式、更同情、对错过活动、计划取消等用 What a pity! 或 That's too bad! 更合适、对考试失败、丢东西等也可用 That's too bad. 或 What a shame；感叹句的构成：What + 名词短语!（What a pity! 正确，What pity! 错误）、不能用 How pity!，因为 pity 是名词；区分遗憾与安慰：遗憾/同情：I'm sorry to hear that.（对已经发生的不幸）、安慰/鼓励：Don't worry. / Take it easy. / Cheer up.（对未来的担忧或暂时困难）、两者有时可以结合，但本题侧重遗憾/同情；听力中识别遗憾/同情：注意听 sorry, pity, shame, too bad 等关键词、语调通常低沉、缓慢，表达同情、注意区分 I'm sorry to hear that 与 I'm sorry（道歉）。",第三轮：最终的高密度结构化释义。①常见题型：选择题、补全对话、听力单选题、情景运用②题干关键词：I'm sorry to hear that、What a pity、That's too bad、What a shame、Bad luck、Poor you、I'm sorry for you、It's a pity、That's a shame、sick、ill、hurt、fail、lose、miss、cancel、can't、sorry、terrible、accident、die、break、problem、unfortunate、Oh、Oh dear，题干为对话形式，包含一方不幸/失望/不如意事件陈述、另一方需给出遗憾同情类回应的要求③涉及考查知识点有：表达遗憾与同情的常用句型、不同情境下遗憾同情的恰当表达、What引导的感叹句构成规则、遗憾同情类表达与安慰鼓励类表达的区分、听力场景中遗憾同情的语义及语调识别、同情类I'm sorry to hear that与道歉类I'm sorry的区分注意：错误表达How pity!/What pity!不适用；安慰鼓励类表达（Don't worry./Take it easy./Cheer up等）不属于本标签考点；仅表负面确认的I'm afraid so不属于直接遗憾同情表达，以上情况不打本标签,否,,,,,小潘,,,,,,,,,,,,,,,,,,,,,,,,,,,,,,,,
知识点->语用->情感->抱怨,"常见题型：选择题、补全对话、听力单选题、情景运用

题干关键词可能有：

① 题干形式

题干多为对话形式，一方陈述自己遇到的糟糕情况、不满或烦恼，另一方表示理解、同情或提出建议；常见结构：---A: (描述糟糕情况) ---B: _____（回应抱怨，如 “That's too bad.”、“Bad luck.”、“What a pity!”）、---A: I want to complain about... ---B: _____（客服或店员回应，如 “What's the problem?”）、---A: (表达不满，如太吵、太乱) ---B: _____（提出建议或安慰）、---A: You look unhappy / upset. ---B: _____（解释抱怨的原因）、---A: (表达对某人行为的不满) ---B: _____（劝解或建议）；题干中常出现的情景：噪音干扰（邻居太吵、收音机音量过大）、房间脏乱、天气糟糕导致计划取消、父母唠叨或管束过多、作业太多、考试失败、丢东西、物品质量有问题（投诉）、朋友迟到或失约、服务不满意等。

② 题干语法

感叹句：常用 What + 名词短语! 表达强烈不满：What a mess!（真乱！）、What a pity!（真可惜！）、What a shame!（真遗憾！）、What bad luck!（真倒霉！）、表达抱怨的动词/短语：complain about（抱怨）、make a complaint about（投诉）、can't stand（无法忍受）、be tired of（厌倦）、argue with（与……争吵）、nag（唠叨）；描述不满的形容词：

terrible, awful, bad, noisy, messy, unfair, stressful, boring等；询问原因的句型：What's wrong? / What's the matter? / What happened?、Why do you look so upset?等；回应抱怨的句型：That's too bad. / Bad luck. / What a pity、I'm sorry to hear that.（同情）、You should... / Why don't you...（提出建议）等；客服/投诉场景的句型：I want to make a complaint about、What's the problem? / What seems to be the trouble?、Sorry for the inconvenience.等；一般现在时：描述经常性的不满（My mother always nags me.）；一般过去时：描述已经发生的不愉快事件（I lost my wallet.）

③ 高频词有：表达抱怨/不满的名词/动词（complaint, complain, argue, nag, can't stand, be tired of, be fed up with等）；描述负面情况的形容词（terrible, awful, bad, noisy, messy, unfair, stressful, boring, crazy等）；感叹词/短语（What a mess!, What a pity!, What a shame!, Bad luck!, That's too bad!, How terrible!等）；回应抱怨的常用语（I'm sorry to hear that., That's too bad., Bad luck., What a pity., Don't worry., Take it easy., You should...等）；投诉场景用语（I want to make a complaint about..., What's the problem?, What's the trouble?, Sorry for the inconvenience.等）；询问状况（What's wrong?, What's the matter?, What happened?, Why do you look upset?等）；具体抱怨对象（noise, mess, weather, homework, parents, friends, service, product, traffic等）

涉及考查知识点有：

表达抱怨的常用句型：I can't stand + 名词/动名词（无法忍受……）、I'm tired of + 名词/动名词（厌倦……）、What a mess / pity / shame!（感叹句表达不满）、It's too noisy / crowded / terrible；投诉的礼貌表达：I'd like to make a complaint about...、I want to complain about...、There's a problem with...；回应抱怨的常用表达：表示同情：I'm sorry to hear that.、表示遗憾：That's too bad. / What a pity.、提出建议：You should... / Why don't you... / Maybe you could...、安慰：Don't worry. / Take it easy. / It's not a big deal.；感叹句的构成：What + 名词短语!（What a mess!）、注意：How + 形容词! 也可用于表达不满（How terrible!）；客服/投诉对话的典型问答：顾客：I want to complain about...、客服：What's the problem? / Can you tell me more details?、客服：Sorry for the inconvenience. / I'll look into it.；听力中识别抱怨情绪：注意听负面形容词（terrible, noisy, messy）、感叹词（What a...!）、以及 can't stand, complain 等关键词、语调通常低沉、急促或带有不满情绪",第三轮：最终的高密度结构化释义。① 常见题型：选择题、补全对话、听力单选题、情景运用；② 题干关键词：对话形式（一方表述糟糕情况/不满/烦恼，另一方作出理解、同情或建议类回应）；英文标志词：complain about、make a complaint about、can't stand、be tired of、be fed up with、argue with、nag、terrible、awful、bad、noisy、messy、unfair、stressful、boring、crazy、What a mess!、What a pity!、What a shame!、What bad luck!、That's too bad.、Bad luck.、I'm sorry to hear that.、You should...、Why don't you...、What's wrong?、What's the matter?、What happened?、Why do you look so upset?、What's the problem?、What seems to be the trouble?、Sorry for the inconvenience.、How terrible!、Don't worry.、Take it easy.、Maybe you could...、It's not a big deal.、Can you tell me more details?、I'll look into it.、noise、mess、weather、homework、parents、friends、service、product、traffic；③ 涉及考查知识点有：表达抱怨的常用句型、投诉的礼貌表达、回应抱怨的常用表达、感叹句的构成、客服/投诉对话的典型问答、听力中抱怨情绪识别；注意：无明确说明,否,,,,,小潘,,,,,,,,,,,,,,,,,,,,,,,,,,,,,,,,
知识点->语用->情感->责备,"常见题型：选择题、补全对话、听力单选题、情景运用

题干关键词可能有：

① 题干形式

题干多为对话形式，一方指出另一方的错误、疏忽或不良行为，另一方可能辩解或道歉；常见结构：---A: (描述对方的错误或后果) ---B: _____（表达责备，如 “How could you do that?”、“It serves you right.”）、---A: I’m sorry, I... ---B: _____（不接受道歉，继续责备，如 “That’s no excuse.”、“You’re always careless.”）、---A: Look at the mess! / You left your clothes everywhere! ---B: _____（对脏乱的责备）、---A: (解释自己迟到的原因) ---B: _____（表示不相信或责备，如 “I don’t buy your story.”）、---A: I lost my wallet again. ---B: _____（责备对方粗心，如 “It serves you right.”）、---A: I failed the exam. ---B: _____（指责不努力，如 “You didn’t work hard.”）；题干中常出现的情景：迟到、考试失败、丢东西、房间脏乱、忘记做某事、说谎、作弊、与朋友打架、不遵守规则、浪费食物等。

② 题干语法

感叹句：常用于表达对脏乱、浪费等的强烈不满：What a mess!（真乱！）、What a waste!（真浪费！）、What a shame!（真丢脸/真可惜——此处可表责备）；固定短语：It serves you right.（你活该）——对他人因自身错误而遭受后果的责备、That’s no excuse.（那不是借口）——反驳对方的解释、How could you do that?（你怎么能那样做？）、You’re always...（你总是……）——习惯性责备；一般现在时：描述经常性错误（You’re always forgetting things.）；一般过去时：描述已发生的错误行为（You left your clothes on the playground.）；疑问句：反问表达责备：How could you...?、Why didn’t you...?、Do you realize...?；祈使句：间接责备：Don’t eat in class anymore. → 回应 Sorry, I won’t.；否定回答：对责备的承认或道歉（I’m sorry. I won’t do it again.）

③ 高频词有：直接表达责备的短语（It serves you right, That’s no excuse, How could you, What a mess, What a waste, What a shame, You’re always..., You should have..., Don’t you know..., Shame on you等）；责备相关的形容词/名词（careless, lazy, rude, unfair, excuse, mistake, fault等）；回应责备的短语（I’m sorry, I won’t do it again, I’ll be more careful, You’re right等）；描述错误行为的动词（forget, lose, break, cheat, lie, argue, hit, be late, make a mess等）；听力中的情感词（angry, unhappy, mad, disappointed等）

涉及考查知识点有：

表达责备的常用句型：It serves you right.（你活该）——用于对方因自身错误而遭受不良后果时、That’s no excuse.（那不是借口）——反驳对方的解释、How could you do that?（你怎么能那样做？）、You’re always + 动名词/形容词（你总是……）——表达习惯性不满、What a mess / waste / shame!（感叹句表达责备）、Don’t you know...?（反问责备）；对责备的回应：承认错误：I’m sorry. / You’re right. / I won’t do it again.、辩解（可能不被接受）：But... / It’s because...；感叹句的构成：What + 名词短语!（What a mess!）、注意：How + 形容词! 也可用于责备（How careless you are!）；听力中识别责备：注意听严厉的语气、升调反问、以及 serve you right, no excuse, how could you 等关键词、通过上下文判断责备的原因（迟到、丢东西、脏乱等）",第三轮：最终结构化释义：① 常见题型：选择题、补全对话、听力单选题、情景运用；② 题干关键词：对话形式，涉及情景：迟到、考试失败、丢东西、房间脏乱、忘记做某事、说谎、作弊、与他人打架、不遵守规则、浪费食物；英文标志词：It serves you right、That’s no excuse、How could you、What a mess、What a waste、What a shame、You’re always、You should have、Don’t you know、Shame on you、careless、lazy、rude、unfair、excuse、mistake、fault、forget、lose、break、cheat、lie、argue、hit、be late、make a mess、angry、unhappy、mad、disappointed、I’m sorry、I won’t do it again、I’ll be more careful、You’re right；③ 涉及考查知识点有：责备类常用固定句型、责备场景回应规则、What/How引导的感叹句结构、听力场景责备语气及语义识别技巧；注意：What a shame仅表惋惜而非责备的场景不打此标签，对话中为接受道歉而非表达责备的场景不打此标签,否,,,,,小潘,,,,,,,,,,,,,,,,,,,,,,,,,,,,,,,,
知识点->语用->情感->厌烦,"常见题型：选择题、补全对话、听力单选题、情景运用

题干关键词可能有：

① 题干形式

题干多为对话形式，一方表达对某事物（节目、活动、音乐、噪音、行为等）的厌烦或无法忍受，另一方可能表示赞同或提出建议；常见结构：---A: What do you think of...? ---B: _____（表达厌烦，如 “I can’t stand it.”、“It’s boring.”）、---A: I love rock music. Listen to this! ---B: _____（表示厌烦，如 “Give me a break! It’s too noisy.”）、---A: (描述令人厌烦的情况) ---B: _____（表达同感，如 “I hate it, too.”、“Same here.”）、---A: I’m tired of... ---B: _____（回应厌烦，提出建议或表示理解）、---A: Let’s watch... ---B: _____（拒绝，表示不喜欢）；题干中常出现的情景：对电视节目（肥皂剧、才艺秀）、音乐（摇滚、嘈杂音乐）、活动（作业、考试）、噪音（邻居、喇叭）、他人行为（唠叨、迟到）等表示厌烦。

② 题干语法

一般现在时：表达经常性的厌烦（I can’t stand soap operas.、It’s boring.）；固定短语：I can’t stand + 名词/动名词（无法忍受……）、I’m tired of + 名词/动名词（厌倦……）、It’s boring / noisy / awful.、Give me a break!（表示厌烦，意为“饶了我吧”）、I hate it. / I don’t like it at all.、It’s not my cup of tea.（非正式，表示不喜欢）；感叹句：What a boring show!、How noisy!；否定结构：I don’t like..., I don’t mind...（有时表示中性，但结合上下文可表厌烦）；反问或拒绝：Why not? 有时表达不耐烦；听力中识别：通过语气（不耐烦、冷淡）、关键词（boring, can’t stand, noisy）判断。

③ 高频词有：直接表达厌烦的短语（I can’t stand it, I’m tired of, It’s boring, How boring, Give me a break, I hate it, It’s not my cup of tea, It’s awful, It’s terrible, It’s noisy, It drives me crazy等）；询问看法后表厌烦的回应（I don’t like it at all, I don’t mind it（有时中性，但可表不喜欢）, I can’t stand them等）；描述厌烦的形容词（boring, noisy, awful, terrible, annoying, tiring, meaningless等）；名词（noise, mess, homework, exam, traffic, nagging等）；听力中的情感词（bored, annoyed, unhappy, tired (of)等）

涉及考查知识点有：

表达厌烦的常用句型：I can’t stand + 名词/动名词（强烈厌烦）、I’m tired of + 名词/动名词（厌倦）、It’s boring / noisy / awful.、I hate it. / I don’t like it at all.、Give me a break!（口语，表达不耐烦）、It’s not my cup of tea.（委婉表达不喜欢）；对电视节目、音乐等的评价：询问：What do you think of...? / How do you like...?、厌烦回答：I can’t stand it. / It’s so boring；听力中识别厌烦情绪：注意听 can’t stand, boring, noisy, tired of 等关键词、语调通常不耐烦、冷淡或升高；文化差异：I can’t stand it. 语气较重，适合朋友间表达强烈不喜欢，对长辈或正式场合应避免、It’s not my cup of tea. 是更礼貌、委婉的表达方式、Give me a break! 是非正式表达，意为“饶了我吧”，常用于对反复出现的事情表示厌烦；与“不喜欢”的区别：“不喜欢”可以是温和的（I don’t like it.），而“厌烦”带有更强的情绪，通常是因为反复或持续的不愉快体验；本类题目侧重厌烦、无法忍受的情感，而非简单的否定喜好。",第三轮：最终的高密度结构化释义。① 常见题型：选择题、补全对话、听力单选题、情景运用；② 题干关键词：What do you think of...?、How do you like...?、I can’t stand it、I’m tired of、It’s boring、How boring、Give me a break、I hate it、It’s not my cup of tea、It’s awful、It’s terrible、It’s noisy、It drives me crazy、I don’t like it at all、boring、noisy、awful、terrible、annoying、tiring、meaningless、noise、mess、homework、exam、traffic、nagging、bored、annoyed、unhappy、tired (of)；③ 涉及考查知识点有：表达厌烦的常用句型、事物评价类问答句式、听力场景厌烦情绪识别方法、厌烦表达的文化语用差异、厌烦情绪与普通不喜欢的语义区分；注意：仅考查厌烦、无法忍受强情绪的题目可打此标签，仅涉及温和普通不喜欢表达、I don't mind为中性含义语境、仅考查简单否定喜好的题目不打此标签。,否,,,,,小潘,,,,,,,,,,,,,,,,,,,,,,,,,,,,,,,,
知识点->语用->情感->紧张,"常见题型：选择题、补全对话、听力单选题、情景运用

题干关键词可能有：

① 题干形式

题干多为对话形式，一方表达对即将到来的事件（考试、演讲、比赛、面试等）的紧张或担忧，另一方给予安慰或建议；常见结构：---A: I feel nervous / worried about... ---B: _____（安慰，如 “Take it easy.”、“Don’t worry.”）、---A: How do you feel about...? ---B: _____（回答紧张，如 “I’m nervous.”、“I’m worried.”）、---A: (描述紧张的表现，如手抖、心跳加速) ---B: _____（表示理解或建议）、---A: What’s wrong? You look worried. ---B: _____（解释原因）、---A: Why are you so nervous? ---B: _____（回答原因）；题干中常出现的情景：考试（midterm exam, final exam, test）、演讲（speech, presentation）、比赛（competition, match）、面试（interview）、上台表演、第一次做某事（如第一次去国外、第一次演讲）等。

② 题干语法

一般现在时：表达当前的情绪状态（I feel nervous.、I’m worried.）；一般将来时：表达对未来事件的担忧（I’m nervous about the exam tomorrow.）；形容词：nervous, worried, stressed, anxious, scared, afraid, tense；动词短语：feel nervous / worried / stressed、be nervous about...、worry about...、be afraid of...、can’t sleep because of...；安慰/鼓励的常用表达：Take it easy.、Don’t worry.、Calm down.、Believe in yourself.、You can do it.、Everything will be fine.、Just relax；询问原因的句型：What’s wrong?、Why are you so nervous?、What are you worried about?；听力中识别：通过关键词（nervous, worried, stressed）、语气（颤抖、急促）、上下文（提到考试、演讲等）判断。

③ 高频词有：表达紧张的形容词/短语（nervous, worried, stressed (out), anxious, tense, scared, afraid, uneasy, on edge等）；表达紧张的原因（exam, test, speech, presentation, competition, match, interview, performance, first time等）；询问紧张的句型（What’s wrong?, Why are you so nervous?, What are you worried about?, You look worried / nervous.等）；安慰/鼓励的短语（Take it easy, Don’t worry, Calm down, Relax, Believe in yourself, You can do it, It’ll be OK, Just breathe, Everything will be fine, Keep your cool等）；动词（feel, worry, stress, fear, prepare, practice等）听力中的情感词（nervous, worried, stressed, anxious, scared, frightened等）

涉及考查知识点有：

表达紧张的常用句型：I’m nervous / worried about...、I feel stressed out.、I’m afraid of...（害怕）、I can’t sleep because I’m so worried.、My heart is beating fast.（紧张的身体反应）；询问紧张原因的句型：What’s wrong? / What’s the matter?、Why are you so nervous?、What are you worried about?、You look worried. What’s up?；安慰与鼓励的常用表达：Take it easy.（放轻松）、Don’t worry.（别担心）、Calm down.（冷静下来）、Believe in yourself.（相信自己）、You can do it.（你能行的）、Just take a deep breath.（深呼吸）、It’s not a big deal.（没什么大不了的）、Everything will be fine.（一切都会好的）；听力中识别紧张情绪：注意听 nervous, worried, stressed 等关键词、注意说话人的语调（颤抖、急促、犹豫）、注意上下文提到的压力源（考试、演讲等）",第三轮：最终的高密度结构化释义。① 常见题型：选择题、补全对话、听力单选题、情景运用；② 题干关键词：nervous、worried、stressed、stressed out、anxious、scared、afraid、tense、uneasy、on edge、frightened、midterm exam、final exam、test、speech、presentation、competition、match、interview、performance、first time、feel、worry、stress、fear、prepare、practice、Take it easy、Don't worry、Calm down、Relax、Believe in yourself、You can do it、It'll be OK、Just breathe、Everything will be fine、Keep your cool、What's wrong?、What's the matter?、Why are you so nervous?、What are you worried about?、You look worried / nervous.、What's up?；③ 涉及考查知识点有：紧张情绪表达常用句型、询问紧张原因常用句型、安慰鼓励类情景交际表达、听力紧张类情感态度识别技巧；注意：无明确说明,否,,,,,小潘,,,,,,,,,,,,,,,,,,,,,,,,,,,,,,,,
知识点->语用->时间->时刻,"常见题型：选择题、补全对话、听力单选题、情景运用

题干关键词可能有：

① 题干形式

题干多以对话形式或中文情景提示呈现，具体形式包括：

一问一答式：

--- What time is it now?

--- It's half past eight.

根据答语补全问句：

--- ______?

--- At 7:00 in the morning.

根据中文情景写英文句子：

你想知道现在几点了，可以这样问：______

结合钟表图片或日程表：

Look at the clock. The time on the clock is ______.

根据Simon的课程表，9:00 a.m. on Monday他可能在哪里？

听力题干：

When does the girl get up every day?

听对话，选择正确的时间。

② 题干语法

1. 疑问句类型

特殊疑问句：What time is it? / What's the time?（最常用）、When do you get up?（询问日常作息时间）、What time do you go to school?

一般疑问句（较少，用于确认）：Is it four fifty now?

2. 时态

一般现在时：询问日常习惯、客观时间（What time does the school start?）

一般将来时：询问未来安排（When will the train leave?）

一般过去时：询问过去某一时刻（What time did you go to bed last night?）

3. 介词搭配

具体时刻前用 at：at 7:30，at half past six

上/下午用 in the morning / afternoon / evening，但若与具体时刻连用仍用at：at 7:00 in the morning

星期几用 on：on Monday（但时刻本身不用on）

4. 礼貌表达

Excuse me, what time is it?、Could you tell me what time it is?

5. 答语规律

直接回答时间，通常以 It's + 时间 或 At + 时间 开头

时间表达法：整点（eight o'clock）、半点（half past seven）、刻钟（a quarter past nine / a quarter to ten）、分钟差（twenty to ten）

③ 高频词有：疑问词 （What time, When等）；时间表达（o'clock, half past, quarter past, quarter to, to, past等）；介词（at（+时刻）, in（+上午/下午/晚上）, on（+星期）等）；活动名词（get up, have breakfast, go to school, have class, go to bed, start, begin, leave, arrive等）；钟表相关（clock, watch, hour, minute等）；礼貌用语（Excuse me, Could you tell me等）；听力常见（When does..., What time does..., At what time...等）

涉及考查知识点有：

1. 时刻的英文表达法：

整点：数字 + o'clock（如 three o'clock）

半点：half past + 数字（如 half past seven = 7:30）

刻钟：a quarter past + 数字（如 a quarter past eight = 8:15）

差刻钟：a quarter to + 数字（如 a quarter to nine = 8:45）

分钟表达：≤30分钟用 分钟 + past + 小时（如 twenty past eight = 8:20）

30分钟用 （60-分钟） + to + （小时+1）（如 ten to nine = 8:50）

2. 介词 at / in / on 在时间中的用法

at + 具体时刻（at 6:30）

in + 时间段（in the morning）

on + 星期或具体日期（on Monday）

混合使用：at 7:00 in the morning / on Monday at 8:00

3. What time 与 When 的区别

What time 询问精确的钟点（几点几分）

When 询问的时间范围更广（可问日期、星期、时刻等），但在日常作息中常可互换

4. 日常活动时间询问句的句型结构

What time do/does + 主语 + 动词原形？（如 What time does your father go to work?）

答语：At + 时间 或 主语 + 动词 + at + 时间

5. 读钟表能力

识别时针和分针的位置，并用英文正确读出

6. 听力策略

根据问句中的 What time / When 预判答语为时间点

注意对话中时间信息的同义转换（如 7:45 可能读作 a quarter to eight）

7. 文化注意点

英语中时间表达多用 past 和 to，不同于中文的“几点几分”直译

12小时制需区分 a.m.（上午）和 p.m.（下午），但口语中常根据语境省略",第三轮：最终的高密度结构化释义：① 常见题型：选择题、补全对话、听力单选题、情景运用② 题干关键词：What time、When、o'clock、half past、quarter past、quarter to、to、past、at、in、on、get up、have breakfast、go to school、have class、go to bed、start、begin、leave、arrive、clock、watch、hour、minute、Excuse me、Could you tell me③ 涉及考查知识点有：时刻的英文表达法、时间介词at/in/on的用法、What time与When的区别、日常活动时间询问句的句型结构、钟表认读能力、听力信息预判与同义转换技巧、英语时间表达文化规则注意：无明确说明,否,,,,,小潘,,,,,,,,,,,,,,,,,,,,,,,,,,,,,,,,
知识点->语用->时间->时段,"常见题型：选择题、补全对话、听力单选题、情景运用

题干关键词可能有：

① 题干形式

题干多以对话形式或中文情景提示呈现，具体形式包括：

一问一答式：

--- How long have you been in the Helpers' Club?

--- Since 2006.

根据答语选择问句：

--- ______?

--- For half a year.（正确问句为 How long have you used this app?）

根据情景写英文句子：

你想告诉同学们每天都要花半小时练习说英语，可以这样说：______

结合海报、课程表、博物馆开放时间等：

How long is Sunshine Science Museum open on Wednesday afternoon?（需从表格计算时长）

听力题干：

How long did the man keep under the water in the past?

When will the Blacks be back?

② 题干语法

1. 疑问句类型

How long：询问时间段（“多久”）：How long have you studied English?、How long does it take to get to Shanghai?

How soon：询问未来多久以后（“多快/多久之后”）：How soon will you be back?（答语：In a week.）

When / What time：询问具体时间点（可与时段区分）：When did you go to Shanghai?（答语：Last Monday.）

Since when：询问从何时开始（答语：Since I was a child.）

2. 时态

现在完成时：表示从过去持续到现在的动作或状态，常与 for + 时间段、since + 时间点 连用：How long have you had that camera? — For three years.

一般现在时：询问日常活动所需时间或客观时长：How long does it take to fly from Beijing to Shanghai?

一般将来时：询问未来动作的完成时间：How soon will the train leave?

一般过去时：询问过去某动作的持续时间：How long did you stay in Tianjin?

3. 介词与连词

for + 时间段：表示持续的时间长度（for two weeks）

since + 时间点：表示从过去某时开始（since 2006 / since last Friday）

in + 时间段：表示将来多久以后（in a month）

from…to… / between…and…：表示起止时间：They have English class from Monday to Friday.

until / not until：表示直到某时（until we reach an agreement）

4. 答语规律

How long 答语：For + 时间段 或直接时间段（Two hours）

How soon 答语：In + 时间段（In 12 hours）

When 答语：具体时间点或日期（Last weekend / On July 5th）

What time 答语：具体钟点（At 8:00 a.m.）

③ 高频词有：疑问词/短语（How long, How soon, When, What time, Since when等）；时间段表达（for + 时间段, since + 时间点, in + 时间段（将来）, from…to, between…and等）；起止介词（from, to, until, not until等）；日常活动（take, last, stay, spend, keep, begin, start, finish, close, open等）；星期/月份/年份（Monday, July, 2023, the 1990s等）；听力常见（How long has…, How soon will…, When did…, For how long等）

涉及考查知识点有：

1. 时间段疑问词的区别：

How long：询问动作或状态持续的时间长度（“多久”）

How soon：询问从说话时到将来动作发生的时间间隔（“多久以后”），答语用 in + 时间段

When / What time：询问具体时间点（日期、钟点）

Since when：询问动作从何时开始

2. 现在完成时中的 for 与 since

for + 时间段：for three years, for a week

since + 时间点：since 2020, since last Monday

注意：How long…? 的回答不能用 in + 时间段（那是 How soon 的答语）

3. 时间段与时间点的介词搭配

具体钟点：at 7:00

上/下午/晚上：in the morning / afternoon / evening

星期几：on Monday

月份/年份：in May, in 2023

具体日期：on June 1st

4. 时间段的英文表达

半小时：half an hour

一个半小时：one and a half hours 或 an hour and a half

两周半：two and a half weeks

表示“几十年”：in the 1980s（注意加 the 和 s）

5. take 与 spend 表示“花费时间”的句型

It takes (sb.) + 时间段 + to do sth.

Sb. spends + 时间段 + (in) doing sth. / on sth.

6. 听力策略

听到 How long 预回答语为 for… 或直接时间段

听到 How soon 预回答语为 in…

听到 When / What time 预回答语为具体时间点或日期

注意对话中的时间同义转换（如 in two weeks = after two weeks）

7. 文化注意点

英语中问“今天几号”用 What's the date today?，问“今天星期几”用 What day is it today?，不要混淆

",第三轮：最终的高密度结构化释义。① 常见题型：选择题、补全对话、听力单选题、情景运用② 题干关键词：How long、How soon、When、What time、Since when、for、since、in、from、to、between…and、until、not until、take、last、stay、spend、keep、begin、start、finish、close、open、Monday、July、2023、the 1990s、How long has…、How soon will…、When did…、For how long③ 涉及考查知识点有：时间段疑问词词义辨析、现在完成时中for与since的用法、时间段与时间点的介词搭配、时间段的英文表达、take与spend表花费时间的句型、听力时间类答题策略、日期与星期的询问表达辨析注意：How long的回答不能用in+时间段（in+时间段为How soon的专属答语）；询问日期与星期的表达不可混淆；非考查时间类相关考点的题目不打此标签,否,,,,,小潘,,,,,,,,,,,,,,,,,,,,,,,,,,,,,,,,
知识点->语用->时间->频率,"常见题型：选择题、补全对话、听力单选题、情景运用

题干关键词可能有：

① 题干形式

题干多以对话形式或单句形式呈现，常见结构包括：

对话式一问一答：一方用 How often 或 How many times 提问，另一方用频率副词、次数短语或 every + 时间单位 回答。

单句填空题：题干为一个不完整的句子，要求从选项中选出正确的频率副词或次数短语填入空白。

图文结合题干：题干包含课程表、活动日程图或图片，要求根据图示信息判断某项活动发生的频率。

情景补全题干：给出中文情景说明（如“你想知道对方多久锻炼一次”），要求写出对应的英文问句。

听力题干：以听句子、短对话或长对话的形式呈现，要求听辨动作发生的频率并选择正确选项。

② 题干语法

1. 疑问句类型

How long：询问时间段（“多久”）：How long have you studied English?、How long does it take to get to Shanghai?

How soon：询问未来多久以后（“多快/多久之后”）：How soon will you be back?（答语：In a week.）

When / What time：询问具体时间点（可与时段区分）：When did you go to Shanghai?（答语：Last Monday.）

Since when：询问从何时开始（答语：Since I was a child.）

2. 时态

1. 疑问句类型

How often：询问动作发生的频率（“多久一次”）

How many times：询问具体次数（“多少次”），常与 in a week/month/year 等连用

2. 时态

以 一般现在时 为主，询问习惯性、重复性的动作

一般过去时偶尔出现，询问过去某段时间内的频率

3. 答语结构

频率副词：always, usually, often, sometimes, seldom, hardly ever, never

次数短语：once / twice / three times + per/a + 时间单位（如 once a week）

every + 时间单位：every day, every week, every other day

4. 否定结构

否定频率副词（never, seldom, hardly ever）直接用于肯定句中表达否定意义

也可用 not + often 等形式

5. 语序

频率副词位于实义动词之前、系动词或助动词之后

③ 高频词有：疑问词/短语（How often, How many times等）；频率副词（always, usually, often, sometimes, seldom, hardly ever, never, rarely等）；次数表达（once, twice, three times, four times, every day, every week, every month, every other day等）；时间单位（a day, a week, a month, a year, per week, daily, weekly, monthly等）；活动动词（exercise, play, go, watch, read, eat, drink, brush, visit, help, shop, study, practise等）

涉及考查知识点有：

1. How often 的用法：

用于询问动作或事件发生的频率，答语为频率副词或“次数 + 时间单位”

2. 频率副词的词义与层级：

100% always → 80% usually → 60% often → 40% sometimes → 10% seldom / hardly ever → 0% never

3. 次数表达的结构：

once（一次），twice（两次），three times（三次）...

后接 a / per + 时间单位：once a week，twice a month，three times a day

every + 时间单位：every day，every week

every other + 时间单位：every other day（每隔一天）

4. 频率副词在句中的位置：

实义动词前：She often goes to the park.

系动词后：He is always late.

助动词/情态动词后：I can never remember his name.

5. How many times 与 How often 的区别

How many times 侧重具体次数，答语常用 once、twice、three times 等

How often 侧重频率，答语可用频率副词或次数+时间单位，两者有时可互换

6. 否定频率的表达

never 表示从不，seldom / hardly ever 表示几乎不

也可用 not + often 表达不常做某事

7. 听力策略

听到 How often 预判答语为频率副词或“次数+时间单位”

注意同义转换：every day = once a day，every two weeks = once every two weeks

8. 文化注意点

sometimes（有时）与 some times（几次）、sometime（某时）、some time（一段时间）的区别需注意

everyday（形容词，日常的）与 every day（每天）拼写不同","第三轮：最终的高密度结构化释义
① 常见题型：选择题、补全对话、听力单选题、情景运用
② 题干关键词：How often、How many times、How long、How soon、When、What time、Since when、always、usually、often、sometimes、seldom、hardly ever、never、rarely、once、twice、three times、four times、every day、every week、every month、every other day、a day、a week、a month、a year、per week、daily、weekly、monthly、exercise、play、go、watch、read、eat、drink、brush、visit、help、shop、study、practise
③ 涉及考查知识点有：How often用法、频率副词语义与层级、次数表达结构、频率副词句中位置、How many times与How often辨析、否定频率表达、频率考查对应时态、听力同义转换策略、易混词汇（sometimes/some times/sometime/some time、everyday/every day）辨析
注意：仅考查动作发生频率、发生次数的考题打此标签；考查How long（询问时间段）、How soon（询问未来多久以后）、When/What time（询问具体时间点）、Since when（询问起始时间）的非频率类考题不打此标签",否,,,,,小潘,,,,,,,,,,,,,,,,,,,,,,,,,,,,,,,,
知识点->语用->时间->顺序,"常见题型：选择题、补全对话、听力单选题、情景运用

题干关键词可能有：

① 题干形式

题干多以叙述性语段、对话或操作步骤说明的形式呈现，常见结构包括：

步骤描述结构：题干描述制作食物、完成某项任务的过程，要求选择正确的顺序连接词或排列步骤。

事件叙述结构：题干讲述一个故事或经历，要求按时间顺序排列句子或选择正确的顺序表达。

对话问答结构：一方询问做某事的步骤或顺序，另一方用 First... Then... Finally... 等回答。

听力理解结构：听对话或短文，判断事件发生的先后顺序、谁先做某事、某一步骤是什么。

排序选择题干：给出几个打乱顺序的句子或短语，要求选出正确的排列顺序。

时间参照结构：题干涉及星期、日期、年份的先后顺序（如“Saturday之后是Sunday”）。

② 题干语法

1. 顺序连接词：

first, first of all（首先）

then, next, after that（然后、接着）

finally, at last, in the end（最后）

before / after（在……之前/之后）

2. 时态：

以一般现在时 为主，描述客观步骤或习惯性顺序（如食谱、日常作息）

一般过去时 用于叙述过去发生的事件顺序（如故事、经历）

3. 祈使句

在步骤说明中大量使用祈使句（如 First, peel the bananas.）

4. 时间状语从句

before you do..., after you finish..., when... 等表示先后关系

5. 序数词

the first step, the second person, the next thing 等表示顺序中的位置

6. 比较级表示先后

earlier, later, before, after 等用于比较时间先后

③ 高频词有：顺序连接词（first, first of all, then, next, after that, finally, at last, in the end, before, after, when等）；步骤相关动词（peel, cut, put, add, mix, pour, boil, turn on, turn off, wash, sweep, clean等）；顺序名词（step, order, sequence, first step, next step等）；时间参照词（before, after, earlier, later, then, now, then等）；星期/日期（Sunday, Monday, Tuesday, Wednesday, Thursday, Friday, Saturday）；序数词（first, second, third, next, last等）；听力常见（What's the first step?, What did he do before...?, Who is the second to...?等）

涉及考查知识点有：

1. 顺序连接词的使用

first / first of all 用于引出第一步

then / next / after that 用于引出后续步骤

finally / at last / in the end 用于引出最后一步

2. 时间顺序在叙述中的运用

按事件发生的自然时间顺序组织叙述（chronological order）

使用 before / after 明确动作先后关系

3. 星期和日期的顺序

一周七天的顺序（Sunday 到 Saturday）

月份顺序、日期数字大小顺序

4. 历史发明或事件的先后顺序

根据常识判断哪些事物先出现、哪些后出现

5. 步骤说明文的写作结构

开头：说明要制作或完成什么

主体：按顺序列出步骤，使用顺序连接词

结尾：总结或提示完成状态

6. 听力中的顺序信息捕捉

关注 first, then, after that, finally 等信号词

注意对话中人物做事的先后顺序，常涉及 before / after 引导的时间状语

7. 序数词表示顺序

the first one, the second person, the next thing 等

","第三轮：最终的高密度结构化释义
① 常见题型：选择题、补全对话、听力单选题、情景运用
② 题干关键词：叙述性语段、对话、操作步骤说明、一般现在时、一般过去时、祈使句、时间状语从句、序数词、first、first of all、then、next、after that、finally、at last、in the end、before、after、when、earlier、later、peel、cut、put、add、mix、pour、boil、turn on、turn off、wash、sweep、clean、step、order、sequence、first step、next step、Sunday、Monday、Tuesday、Wednesday、Thursday、Friday、Saturday、second、third、last、What's the first step?、What did he do before...?、Who is the second to...?
③ 涉及考查知识点有：顺序连接词的使用、时间顺序在叙述中的运用、星期和日期的顺序、历史发明或事件的先后顺序、步骤说明文的写作结构、听力中的顺序信息捕捉、序数词表示顺序
注意：无明确说明",否,,,,,小潘,,,,,,,,,,,,,,,,,,,,,,,,,,,,,,,,
知识点->语用->空间,"常见题型：选择题、补全对话、听力单选题、情景运用

题干关键词可能有：

① 题干形式

题干多以对话式问答、图文结合或听力理解的形式呈现，常见结构包括：

问答结构：一方用 Where 提问，另一方用方位介词短语或地点名词回答。

单句选择题干：题干为不完整的句子，要求从选项中选出正确的方位介词或地点短语。

图文结合题干：题干包含物品摆放图、地图、房间平面图、校园示意图等，要求根据图片判断位置或选择正确描述。

听力理解结构：听句子或对话，判断物品位置、人物所在地或对话发生的场所。

情景补全题干：给出中文情景提示（如“你想问妈妈你的尺子在哪里”），要求写出英文问句。

看图写话结构：提供图片和提示词，要求写出描述图中位置关系的完整句子。

② 题干语法

1. 疑问句类型：

Where 引导的特殊疑问句：询问人或物品的位置（Where is my cap? / Where are the keys?）

Which floor / Which place 等用于更具体的空间询问

2. 方位介词与短语：

静态位置：in, on, under, behind, in front of, next to, between, across from, near, at the back of, in the center of 等

动态方向：to, from, into, out of, across, along, turn left/right 等（多见于问路）

3. 时态：

以一般现在时 为主，描述当前或通常的位置

一般过去时 用于询问过去某时人或物品的位置（如 Where did you go?）

现在进行时 有时用于询问当前正在进行的活动地点

4. 答语结构：

It's + 方位介词短语（It's on the desk.）

They are + 方位介词短语（They are under the bed.）

直接地点名词（In the library. / At school.）

Here it is. / Here you are.（递物时表示“在这里”）

5. there be 句型：

用于描述某处有某物，常与方位介词连用（There is a book on the desk.）

③ 高频词有：疑问词 （Where）；方位介词/短语（in, on, under, behind, in front of, next to, between, across from, near, at the back of, in the center of, on the left/right, to the east/west of等）；方向动词（turn left, turn right, go straight, go along, cross等）；地点名词（library, classroom, school, home, park, hospital, supermarket, restaurant, museum, zoo, kitchen, garden, playground, office等）；物品名词（book, key, pen, bag, cat, dog, ball, cap, phone, eraser等）；听力常见（Where is...?, Where are...?, It's on..., They are under..., The conversation probably takes place in...等）

涉及考查知识点有：

1. Where 疑问句的构成与使用：

Where is + 单数名词/不可数名词？

Where are + 复数名词？

答语中注意主谓一致（It is... / They are...）

2. 方位介词的准确使用：

in：在……内部（in the box）

on：在……表面上（on the desk）

under：在……下方（under the chair）

behind：在……后面（behind the door）

in front of：在……前面（in front of the building）

next to：紧挨着（next to the bookstore）

between...and...：在……和……之间

across from：在……对面（across from the hospital）

at the back of：在……后部

3. 表示相对位置的短语

on the left/right：在左边/右边

to the east/west of：在……以东/以西（用于地理位置）

in the north/south of：在……北部/南部（指内部区域）

4. there be 句型表示存在

There is/are + 名词 + 方位短语（There is a book on the desk.）

疑问形式：Is there...? / Are there...?

5. 听力中推断对话地点

根据关键词判断：如 borrow / keep the book → library

menu / order → restaurant

price / buy → shop/supermarket

class / teacher / homework → school

6. 问路与方向表达

Excuse me, where is the...?

How can I get to the...?

Go straight and turn left/right.

It's on your left/right.

7. 文化注意点

英语中描述位置时，方位介词的使用非常严格，不可混淆（如 on the wall 与 in the wall 含义不同）

问路时常用 Excuse me 开头表示礼貌

英美国家地址书写顺序与中文相反（从小地点到大地点）",① 常见题型：选择题、补全对话、听力单选题、情景运用、看图写话；② 题干关键词：Where、Which floor、Which place、in、on、under、behind、in front of、next to、between、across from、near、at the back of、in the center of、to、from、into、out of、across、along、turn left/right、on the left/right、to the east/west of、in the north/south of、go straight、cross、Where is...?、Where are...?、It's on...、They are under...、The conversation probably takes place in...；③ 涉及考查知识点有：Where引导的特殊疑问句构成及答语主谓一致规则、静态/动态方位介词的准确使用、相对位置短语运用、there be句型表存在的用法、听力场景下根据关键词推断对话地点、问路句式与方向表达、英语位置描述相关文化常识；注意：方位介词使用需严格区分含义，不同介词表意差异明显；英美国家地址书写顺序为从小地点到大地点，与中文相反；无明确不打此标签的条件。,否,,,,,小潘,,,,,,,,,,,,,,,,,,,,,,,,,,,,,,,,
知识点->语用->计量->长度/高度/宽度/深度,"常见题型：选择题、补全对话、听力单选题、情景运用

题干关键词可能有：

① 题干形式

题干多以对话式问答、单句填空题或听力理解的形式呈现，常见结构包括：

问答结构：一方用 How long / How tall / How high / How wide / How deep 提问，另一方用“数字 + 单位 + 形容词”回答。

单句选择题干：题干为不完整的句子，要求从选项中选出正确的疑问词、计量单位或数值。

图文结合题干：题干包含建筑物、自然景观、物品的图片，要求根据图片信息选择或写出正确的尺寸描述。

听力理解结构：听对话或短文，捕捉数值信息并选择正确答案。

情景补全题干：给出中文情景提示（如“你想知道珠穆朗玛峰多高”），要求写出英文问句。

看图写话结构：提供图片和提示词（如 long, high），要求写出描述尺寸的完整句子。

② 题干语法

1. 疑问词的使用：

How long：询问长度（河流、桥、路、物体等）

How tall：询问人或直立物体的高度（人、树、塔、建筑物等）

How high：询问高度（山、建筑、飞行高度等，与 tall 有时可互换，但 high 更常用于离地面高度）

How wide：询问宽度

How deep：询问深度（河、湖、海、井等）

2. 答语结构

数字 + 单位 + 形容词：It is 6,300 kilometers long.

数字 + 单位 + in length/height/width/depth：It is 8,848 meters in height.

口语中可省略形容词：About 6,300 kilometers.

3. 单位表达

长度单位：meter / kilometer / centimeter / foot / feet / mile

注意单复数：1 meter，2 meters

复合形容词：a 2-meter-long ruler（作定语，中间加连字符，单位用单数）

4. 比较级与最高级

比较级：longer, higher, taller, wider, deeper

最高级：the longest, the highest, the tallest, the widest, the deepest

常用于询问或描述世界之最（如 What's the longest river in the world?）

5. 宾语从句语序

在 Do you know... / Could you tell me... 等结构中，疑问词引导的从句用陈述语序：Do you know how long the river is?

6. 时态

以一般现在时 为主，描述客观事实或固有属性

一般过去时 用于描述过去测量的结果或历史数据

③ 高频词有：疑问词 （How long, How tall, How high, How wide, How deep, What's the length/height/width/depth of...等）；计量单位（meter, kilometer, centimeter, foot, feet, mile, kilogram等）；形容词（long, tall, high, wide, deep等）；名词（length, height, width, depth等）；比较相关（longer, taller, higher, wider, deeper, the longest, the highest, the tallest等）；具体对象（river, mountain, building, tower, wall, bridge, person, ruler, bed, tree, waterfall, Great Wall, Qomolangma, Yangtze River, Nile等）；听力常见（How long is...?, How tall is...?, It's ... meters long., ... kilometers high.等）

涉及考查知识点有：

1. 长度、高度、宽度、深度的疑问词区分：

How long：用于长度（水平距离）

How tall：用于人或直立物体的高度（从脚到头）

How high：用于山、建筑、飞行物等离地面的高度（可与 tall 互换，但 tall 更常用于人）

How wide：用于宽度

How deep：用于深度

2. 计量单位的正确表达

数字 + 单位（复数）+ 形容词：2 meters long

数字 + 单位（单数）+ 连字符 + 形容词（作定语）：a 2-meter-long bridge

3. “the + 最高级 + 名词”表示世界之最

the longest river in the world

the highest mountain

4. 比较级与最高级的构成

单音节词加 -er / -est：long → longer → longest

双音节词 y 变 i 加 -er / -est：heavy → heavier → heaviest（虽为重量，同理）

多音节词加 more / most：beautiful → more beautiful → most beautiful（但长、高、宽、深均为单音节）

5. 听力策略

注意听数字和单位，区分 meters 和 kilometers

注意听形容词 long / tall / high / wide / deep 以匹配正确的疑问词

对话中可能出现同义转换，如 height 和 tall 的互换

6. 文化注意点

英美使用英制单位（feet, miles）与国际单位制（meters, kilometers）并存，需根据上下文判断

描述人的身高常用 feet 和 inches 或 meters 和 centimeters

在问路或描述距离时，How long 可能被误解为时间，需根据语境区分（如 How long is the bridge? 显然是长度）",第三轮：最终的高密度结构化释义。① 常见题型：选择题、补全对话、听力单选题、情景运用；② 题干关键词：How long、How tall、How high、How wide、How deep、What's the length/height/width/depth of、meter、kilometer、centimeter、foot、feet、mile、kilogram、long、tall、high、wide、deep、length、height、width、depth、longer、taller、higher、wider、deeper、the longest、the highest、the tallest、the widest、the deepest、How long is...?、How tall is...?、It's ... meters long.、... kilometers high.；③ 涉及考查知识点有：尺寸类疑问词适用范围辨析、计量单位正确表达规则、尺寸描述答语结构、形容词比较级与最高级构成及用法、世界之最固定表达、宾语从句陈述语序规则、客观事实与历史测量数据的时态运用、听力数字与单位信息捕捉策略、中英/英美单位制文化常识；注意：仅考查How long询问时间的题目不打此标签；仅考查重量、温度等非尺寸计量维度的题目不打此标签；How tall与How high适用范围易混，前者用于人或直立物体高度，后者用于山、飞行物等离地面高度，需结合语境区分；单位作定语时需用单数加连字符，作表语时大于1需用复数；英美英制单位与国际单位制需结合语境判断。,否,,,,,小潘,,,,,,,,,,,,,,,,,,,,,,,,,,,,,,,,
知识点->语用->计量->距离,"常见题型：选择题、补全对话、听力单选题、情景运用

题干关键词可能有：

① 题干形式

题干多以对话式问答或听力理解的形式呈现，常见结构包括：

问答结构：一方用 How far 提问，另一方用“数字 + 单位 + 距离表达”回答。

单句选择题干：题干为不完整的句子，要求从选项中选出正确的疑问词、距离单位或所有格形式。

图文结合题干：题干包含地图或场景图片，要求根据图示判断距离或选择正确描述。

听力理解结构：听对话或短文，捕捉距离信息并选择正确答案。

情景补全题干：给出中文情景提示（如“你想知道火车站离这里多远”），要求写出英文问句。

② 题干语法

1. 疑问词的使用

How far：专门询问两地之间的空间距离

2. 答语结构

直接距离数值：It's 5 kilometers. / It's about 2 miles.

时间 + 交通方式：It's 10 minutes' walk. / About 20 minutes by bus.

方位短语：It's 3 kilometers away from here.

3. 距离的常用单位

kilometer / meter / mile

注意单复数：1 kilometer，5 kilometers

4. 时间表示距离的结构

数字 + 分钟 + ' + walk / drive / ride / bus ride：10 minutes' walk

也可用 a 10-minute walk（连字符，名词单数）

介词 by + 交通工具：by bus，by car

5. away from 的用法

It's 5 kilometers away from my home.

How far is it from A to B? / How far is B from A?

6. 宾语从句语序

Could you tell me how far it is from here to the station?（陈述语序）

7. 时态

以一般现在时 为主，询问或描述客观距离

一般过去时 偶尔出现，描述过去的距离或行程

③ 高频词有：疑问词 （How far）；距离单位（kilometer, meter, mile等）；时间表达（minutes' walk, minutes' drive, minutes' ride, minutes' bus ride, minutes on foot等）；介词/短语（from...to..., away from, by bus, by bike, on foot, by car等）；动词（live, get to, go to, take等）；地点名词（home, school, hospital, park, library, supermarket, station, zoo, museum等）；听力常见（How far is it from...to...?, It's about..., ...minutes' walk等）

涉及考查知识点有：

1. How far 疑问句的构成与使用：

How far is it from A to B?

How far is B from A?

答语可以是具体距离（公里/米）或时间距离（步行/乘车时间）

2. 时间表示距离的常见结构

名词所有格：10 minutes' walk（十分钟步行路程）

复合形容词：a 10-minute walk（注意连字符和名词单数）

It's about 20 minutes by bus.（乘坐公交车约20分钟）

3. away 的用法

away 常与具体距离连用，表示“离……多远”：5 kilometers away

far away 表示“很远”，但一般不接具体数字

4. from...to... 与 between...and... 表示距离范围

from my home to school

between the two cities

5. How far 与 How long 的区别

How far 问空间距离（多远）

How long 问时间长度（多久）或物体长度（多长）

答语中 10 minutes' walk 虽然用了时间单位，但回答的是距离（步行所需时间），仍用 How far 提问

6. 听力策略

听到 How far 预判答语为数字+单位或时间+交通方式

注意区分 10 minutes' walk（步行10分钟）和 10 minutes by bus（乘车10分钟）

对话中可能同时出现距离数值和交通方式，需整体理解

7. 文化注意点

英语中回答距离常用时间描述（如 10 minutes' walk），这在中文中也常见，但需注意所有格的写法

英美国家有时使用英制单位（miles, feet），但在初中英语教材中多以公里（kilometers）和米（meters）为主

How far 不能用于询问时间长度，注意与 How long 区分",第三轮：① 常见题型：选择题、补全对话、听力单选题、情景运用 ② 题干关键词：How far、kilometer、meter、mile、minutes' walk、minutes' drive、minutes' ride、minutes' bus ride、minutes on foot、10-minute walk、from...to...、away from、by bus、by bike、on foot、by car、live、get to、go to、take、home、school、hospital、park、library、supermarket、station、zoo、museum、How far is it from...to...?、It's about... ③ 涉及考查知识点有：How far疑问句的构成与使用、时间表示距离的常见结构、away的用法、from...to...与between...and...表距离范围的用法、How far与How long的辨析、听力捕捉距离信息的策略、距离单位单复数规则、How far引导宾语从句的陈述语序规则、时态运用 注意：1. 考查How long（询问时间长度、物体长度）的试题不打此标签；2. far away不可搭配具体数字使用；3. 带连字符的距离复合形容词结构中名词需用单数；4. 距离单位需匹配对应单复数；5. 答语出现时间+交通方式表距离的表述时，对应疑问词为How far而非How long；6. How far引导宾语从句时需用陈述语序,否,,,,,小潘,,,,,,,,,,,,,,,,,,,,,,,,,,,,,,,,
知识点->语用->计量->数量,"常见题型：选择题、补全对话、听力单选题、情景运用

题干关键词可能有：

① 题干形式

题干多以对话式问答或单句填空的形式呈现，常见结构包括：

问答结构：一方用 How many / How much / What's the population of... 提问，另一方用数字或数量短语回答。

单句选择题干：题干为不完整的句子，要求从选项中选出正确的疑问词、量词或数量表达。

图文结合题干：题干包含表格、饼状图、柱状图、图片等，要求根据图示信息选择或计算数量。

听力理解结构：听对话或短文，捕捉数字信息并选择正确答案。

情景补全题干：给出中文情景提示（如“你想知道中国的人口是多少”），要求写出英文问句。

② 题干语法

1. 疑问词的使用

How many：询问可数名词的数量（后接可数名词复数）

How much：询问不可数名词的数量（后接不可数名词）或价格

What：询问人口时用 What's the population of...?（不可用 How many 或 How much）

2. 答语结构

数字 + 可数名词复数：Three apples. / Five students.

数字 + 量词 + of + 名词：Two cups of tea. / Three kilos of meat.

百分数：About 70%.

人口数字：About 1.4 billion.

3. 量词短语的复数形式

a cup of → two cups of（量词变复数，名词不变或变复数取决于是否可数）

a piece of → two pieces of

a kilo of → two kilos of

4. 数词与名词的搭配

基数词 + 可数名词复数：three books

基数词 + 量词单数 + 连字符 + 名词（作定语）：a three-meter-long ruler（但数量询问中少见）

5. 大数表达

thousands of（成千上万），millions of（数百万），billions of（数十亿）

具体数字时用单数：three thousand（不加 s），two million

6. 时态

以一般现在时 为主，询问或描述当前的数量

一般过去时 用于描述过去的数据或历史人口

③ 高频词有：疑问词（How many, How much, What's the population等）；可数名词（apple, book, student, person, people, cup, bottle, kilo等）；不可数名词（water, milk, tea, coffee, honey, butter, yogurt, rice, bread等）；量词（cup of, bottle of, kilo of, piece of, spoon of, bowl of等）；大数词（thousand, million, billion, thousands of, millions of等）；百分比（percent, %）；人口相关（population, What's the population of...?等）；听力常见（How many...?, How much...?, How many people...?, ...kilos, ...bottles等）

涉及考查知识点有：

1. How many 与 How much 的区别

How many + 可数名词复数（问可数数量）

How much + 不可数名词（问不可数数量或价格）

2. 人口数量的提问方式

正确：What's the population of China?

错误：How many population...? / How much population...?

3. 量词短语的结构

结构：数词 + 量词（复数） + of + 名词

名词为可数时通常用复数：two boxes of apples

名词为不可数时用原形：two cups of water

4. 大数的表达

具体数字：one hundred, two thousand, three million（单位词不加 s）

概数：hundreds of, thousands of, millions of, billions of（单位词加 s 且加 of）

5. 百分数的表达

percent 或 %，无复数形式：50 percent / 50%

读作 fifty percent

6. 可数与不可数名词的区分

常见可数：apple, book, student, person, bottle, cup等

常见不可数：water, milk, tea, coffee, bread, rice, honey, butter, yogurt等

有些名词既可为可数也可为不可数，根据语境判断

7. 图表信息提取

根据表格、饼状图、柱状图中的数据，判断数量或百分比，并选择正确描述

8. 听力策略

听到 How many 预判答语为数字 + 可数名词

听到 How much 预判答语为数字 + 不可数名词或价格

注意区分数字的单位（kilos, bottles, cups 等）

注意数字的发音，尤其是十几与几十的区别（如 fifteen 与 fifty）

9. 文化注意点

中英文计数单位不同：英文没有“万”和“亿”的单独单词，需用 ten thousand（一万）和 one hundred million（一亿）",第三轮：最终的高密度结构化释义。① 常见题型：选择题、补全对话、听力单选题、情景运用② 题干关键词：How many、How much、What's the population of、population、thousand、million、billion、thousands of、millions of、billions of、percent、%、cup of、bottle of、kilo of、piece of、spoon of、bowl of③ 涉及考查知识点有：How many与How much的用法区别、人口数量的提问方式、量词短语结构、大数表达规则、百分数表达规则、可数与不可数名词区分、图表数据信息提取、听力数字信息捕捉策略、中英文计数单位差异④ 注意：询问人口不可使用How many/How much，仅可用What's the population of结构；具体数词修饰thousand/million/billion时单位不加s，概数表达需单位加s且加of；percent无复数形式,否,,,,,小潘,,,,,,,,,,,,,,,,,,,,,,,,,,,,,,,,
知识点->语用->计量->重量,"常见题型：选择题、补全对话、听力单选题、情景运用

题干关键词可能有：

① 题干形式

题干多以对话式问答、听力理解或单句填空的形式呈现，常见结构包括：

问答结构：一方用 How heavy / How much does...weigh 提问，另一方用“数字 + 单位”回答。

单句选择题干：题干为不完整的句子，要求从选项中选出正确的疑问词、单位或动词形式。

图文结合题干：题干包含动物、物品、人的图片，要求根据图示信息选择或写出正确的重量描述。

听力理解结构：听对话或短文，捕捉重量数值并选择正确答案。

情景补全题干：给出中文情景提示（如“你想知道世界上最重的动物是什么”），要求写出英文问句。

② 题干语法

1. 疑问词的使用：

How heavy：询问重量（最常用）

How much does...weigh?：询问重量（用动词 weigh）

What's the weight of...?：询问重量（用名词 weight）

2. 动词 weigh 的用法

及物动词：The box weighs 20 kilos.

不及物动词：How much do you weigh?

注意主谓一致和时态

3. 答语结构

数字 + 单位：It's 50 kilos. / About 100 grams.

数字 + 单位 + 形容词：It is 20 kilograms heavy.（较少见，通常直接用 weighs）

口语中可省略单位：About 50.

4. 重量单位

kilogram / kilo（公斤），gram（克），ton（吨），pound（磅）

注意单复数：1 kilo，2 kilos；1 gram，5 grams

5. 比较级与最高级

heavier / the heaviest 用于比较重量

6. 时态

以 一般现在时 为主，询问或描述客观重量

一般过去时 用于描述过去的重量或变化

③ 高频词有：疑问词/短语（How heavy, How much does...weigh, What's the weight of等）；重量单位（kilo, kilogram, gram, ton, pound等）；动词（weigh, weighs）；形容词（heavy, light, heavier, heaviest等）；名词（weight）；动物名词（panda, elephant, whale, cat, dog等）；物品名词（box, bag, beef, chicken, fruit, strawberries等）；听力常见（How heavy is...?, It weighs..., ...kilos, ...grams等）

涉及考查知识点有：

1. How heavy 疑问句的构成与使用

How heavy is the box?（询问重量）

答语：It's 20 kilos.

2. weigh 动词的用法

Something weighs + 数字 + 单位

How much does it weigh?（常用结构）

3. 重量单位的正确表达

公斤：kilogram / kilo（缩写 kg）

克：gram（缩写 g）

吨：ton

磅：pound（缩写 lb）

注意单复数：1 kilogram，2 kilograms

4. How heavy 与 How much 的区别

How heavy 专门询问重量

How much 可询问价格或不可数名词的数量，但在询问重量时也可用 How much does it weigh?（此时 How much 与 weigh 连用）

5. 出生重量的表达

at birth（出生时）常与重量连用：A baby panda weighs only 0.1 to 0.2 kilos at birth.

6. 比较级表示重量差异

He is heavier than me.

The elephant is much heavier than the panda.

7. 听力策略

听到 How heavy 预判答语为数字 + 重量单位

注意区分重量单位（kilos 与 grams）和数字的发音

注意 weigh 与 weight 的发音区别

8. 文化注意点

英美国家有时使用英制单位（pounds），初中英语教材中公斤（kilos）和磅（pounds）都可能出现

重量单位的缩写（如 kg）在书面语中常见，听力中需熟悉全称和缩写",第三轮最终高密度结构化释义：①常见题型：选择题、补全对话、听力单选题、情景运用；②题干关键词：How heavy、How much does...weigh、What's the weight of、weigh、weighs、weight、heavy、light、heavier、heaviest、kilo、kilogram、gram、ton、pound、kg、g、lb、at birth；③涉及考查知识点有：How heavy疑问句的构成与使用、weigh动词用法、重量单位的正确表达、How heavy与How much的区别、出生重量的表达、重量相关比较级用法、重量类听力解题策略、重量单位中英使用差异；注意：1. How much单独考查询问价格、不可数名词数量的题型不打此标签，仅How much与weigh连用表重量询问的题型才符合打标要求；2. 考查heavy表非重量属性（如程度、天气等）的题型不打此标签；3. 仅考查重量单位拼写、不涉及重量询问/表达逻辑的题型不打此标签,否,,,,,小潘,,,,,,,,,,,,,,,,,,,,,,,,,,,,,,,,
知识点->语用->计量->频率,"常见题型：选择题、补全对话、听力单选题、情景运用

题干关键词可能有：

① 题干形式

题干多以对话式问答或单句填空的形式呈现，常见结构包括：

对话式一问一答：一方用 How often 或 How many times 提问，另一方用频率副词、次数短语或 every + 时间单位 回答。

单句填空题：题干为一个不完整的句子，要求从选项中选出正确的频率副词或次数短语填入空白。

图文结合题干：题干包含课程表、活动日程图或图片，要求根据图示信息判断某项活动发生的频率。

情景补全题干：给出中文情景说明（如“你想知道对方多久锻炼一次”），要求写出对应的英文问句。

听力题干：以听句子、短对话或长对话的形式呈现，要求听辨动作发生的频率并选择正确选项。

② 题干语法

1. 疑问句类型

How often：询问动作发生的频率（“多久一次”）

How many times：询问具体次数（“多少次”），常与 in a week/month/year 等连用

2. 时态

以 一般现在时 为主，询问习惯性、重复性的动作

一般过去时偶尔出现，询问过去某段时间内的频率

3. 答语结构

频率副词：always, usually, often, sometimes, seldom, hardly ever, never

次数短语：once / twice / three times + per/a + 时间单位（如 once a week）

every + 时间单位：every day, every week, every other day

4. 否定结构

否定频率副词（never, seldom, hardly ever）直接用于肯定句中表达否定意义

也可用 not + often 等形式

5. 语序

频率副词位于实义动词之前、系动词或助动词之后

③ 高频词有：疑问词/短语（How often, How many times等）；频率副词（always, usually, often, sometimes, seldom, hardly ever, never, rarely等）；次数表达（once, twice, three times, four times, every day, every week, every month, every other day等）；时间单位（a day, a week, a month, a year, per week, daily, weekly, monthly等）；活动动词（exercise, play, go, watch, read, eat, drink, brush, visit, help, shop, study, practise等）

涉及考查知识点有：

1. How often 的用法

用于询问动作或事件发生的频率，答语为频率副词或“次数 + 时间单位”

2. 频率副词的词义与层级

100% always → 80% usually → 60% often → 40% sometimes → 10% seldom / hardly ever → 0% never

3. 次数表达的结构

once（一次），twice（两次），three times（三次）...

后接 a / per + 时间单位：once a week，twice a month，three times a day

every + 时间单位：every day，every week

every other + 时间单位：every other day（每隔一天）

4. 频率副词在句中的位置

实义动词前：She often goes to the park.

系动词后：He is always late.

助动词/情态动词后：I can never remember his name.

5. How many times 与 How often 的区别

How many times 侧重具体次数，答语常用 once、twice、three times 等

How often 侧重频率，答语可用频率副词或次数+时间单位，两者有时可互换

6. 否定频率的表达

never 表示从不，seldom / hardly ever 表示几乎不

也可用 not + often 表达不常做某事

7. 听力策略

听到 How often 预判答语为频率副词或“次数+时间单位”

注意同义转换：every day = once a day，every two weeks = once every two weeks

8. 文化注意点

sometimes（有时）与 some times（几次）、sometime（某时）、some time（一段时间）的区别需注意

everyday（形容词，日常的）与 every day（每天）拼写不同",第三轮最终结构化释义：① 常见题型：选择题、补全对话、听力单选题、情景运用；② 题干关键词：How often、How many times、always、usually、often、sometimes、seldom、hardly ever、never、rarely、once、twice、three times、four times、every day、every week、every month、every other day、a day、a week、a month、a year、per week、daily、weekly、monthly、exercise、play、go、watch、read、eat、drink、brush、visit、help、shop、study、practise、not + often；③ 涉及考查知识点有：How often的用法、频率副词的词义与层级、次数表达结构、频率副词句中位置规则、How many times与How often的辨析、否定频率表达规则、频率类听力解题策略、频率相关近形近义表达辨析；④ 注意：需区分How many times（侧重询问具体次数）与How often（侧重询问发生频率）的用法差异；需区分sometimes（有时）、some times（几次）、sometime（某时）、some time（一段时间）的含义差异；需区分everyday（形容词，表日常的）与every day（频率短语，表每天）的用法差异；若题干未围绕动作发生频率/次数的询问、辨析、运用展开，不打此标签。,否,,,,,小潘,,,,,,,,,,,,,,,,,,,,,,,,,,,,,,,,
知识点->语用->特征->年龄,"常见题型：选择题、补全对话、听力单选题、情景运用

题干关键词可能有：

① 题干形式

题干多以对话式问答或单句填空的形式呈现，常见结构包括：

对话式一问一答：一方用 How old 提问，另一方用“数字 + years old”或直接数字回答。

单句选择题干：题干为不完整的问句或答语，要求从选项中选出正确的疑问词或年龄表达。

情景补全题干：给出中文情景说明（如“你想知道对方几岁了”），要求写出英文问句。

听力题干：以听句子、短对话或长对话的形式呈现，要求听辨年龄数字并选择正确选项。

② 题干语法

1. 疑问句类型

How old + be + 主语？：询问年龄（最常用）

也可用 What's the age of...?（较少见）

2. 答语结构

数字 + years old：I'm twelve years old.

直接数字：I'm twelve.

口语中可省略 years old

3. 年龄的定语用法

作定语时用连字符复合形容词：an 8-year-old boy（名词单数，连字符，无 s）

作表语时用：The boy is 8 years old.

4. 时态

以 一般现在时 为主，询问或描述当前年龄

一般过去时 用于询问过去某时的年龄（如 How old was he when...?）

5. 主谓一致

How old is your sister?（主语单数）

How old are your parents?（主语复数）

③ 高频词有：疑问词 （How old）；年龄单位（years old, year old）；连字符复合词（8-year-old, 10-year-old）；人称名词（you, he, she, your brother, your sister, your mother, your father, your dog等）；听力常见（How old is...?, I'm ... years old., He's ...等）

涉及考查知识点有：

1. How old 疑问句的构成与使用

How old + be + 主语？

答语：主语 + be + 数字 + (years old)

2. 年龄的两种表达方式

表语：He is 10 years old.

定语：a 10-year-old boy（注意：year 用单数，有连字符，名词后不加 s）

3. 询问年龄的礼貌性

在英语文化中，询问成年人年龄有时被视为不礼貌，尤其对女士。但在初中英语语境中，询问年龄是常见交际练习。

对儿童或青少年询问年龄是合适的。

4. 基数词表示年龄

数字直接接 years old：5 years old

数字大于1时 year 用复数 years

5. 听力策略

听到 How old 预判答语为数字或“数字 + years old”

注意区分 How old 与 How are you（你好吗）

6. 文化注意点

英美国家询问年龄时常用 How old are you?，回答可用 I'm twelve.

年龄的表达中，years old 在口语中常省略 years：I'm twelve.

书面语中需写完整：I'm twelve years old.",第三轮：最终的高密度结构化释义。① 常见题型：选择题、补全对话、听力单选题、情景运用；② 题干关键词：How old、What's the age of、years old、year old、[数字]-year-old、How old is...?、I'm ... years old.、He's ...；③ 涉及考查知识点有：How old疑问句的构成与使用、年龄的两种表达方式（表语/定语）、询问年龄的交际礼貌原则、基数词表年龄的规则、年龄类试题听力解题策略、年龄表达的中英文化差异、年龄相关句式的时态运用、年龄相关句式的主谓一致、连字符复合形容词作定语的规则；④ 注意：1. 需区分How old与问候语How are you，仅考查How are you问候用法的试题不打此标签，仅单纯考查基数词不涉及年龄表达的试题不打此标签；2. 年龄作定语时使用连字符连接的复合形容词，year用单数且无s，作表语时数字大于1则year变复数；3. 口语回答年龄可省略years old，书面语需表述完整；4. 英美文化中随意询问成年人尤其女性年龄属于不礼貌行为，初中阶段试题多为合规交际练习场景,否,,,,,小潘,,,,,,,,,,,,,,,,,,,,,,,,,,,,,,,,
知识点->语用->特征->形状/颜色/材料/规格,"常见题型：选择题、补全对话、听力单选题、情景运用

题干关键词可能有：

① 题干形式

题干多以对话式问答或单句填空的形式呈现，常见结构包括：

问答结构：一方用 What color / What size / What...made of 提问，另一方用颜色词、尺寸词或材料词回答。

单句选择题干：题干为不完整的问句或答语，要求从选项中选出正确的疑问词或特征表达。

图文结合题干：题干包含物品图片、标识符号、颜色样本等，要求根据图片选择或描述特征。

情景补全题干：给出中文情景说明（如“你想知道同桌新买的书包是什么颜色”），要求写出英文问句。

听力题干：以听句子、短对话或长对话的形式呈现，要求听辨颜色、尺寸、材料并选择正确选项。

② 题干语法

1. 疑问句类型

询问颜色：What color + be + 主语？

询问尺寸：What size + be + 主语？ / What size bowl of noodles would you like?

询问材料：What is/are + 主语 + made of?（制成材料） / What is/are + 主语 + made from?（看不出原材料）

询问形状：What shape is it?（较少见，文档中偶有出现）

2. 答语结构

颜色：It's + 颜色词. / They're + 颜色词.

尺寸：It's size S/M/L. / Medium, please.

材料：It's made of + 材料.

注意：颜色词前不用冠词（It's red. 而非 It's a red.）

3. 颜色词的用法

作表语：The pen is black.

作定语：a black pen（颜色词 + 名词）

颜色词本身可作名词：Black is my favorite color.

4. 尺寸的常见表达

服装尺寸：small, medium, large（S, M, L）

鞋码：size 36 / Size 7

碗的尺寸：a small/medium/large bowl

5. 材料相关的被动结构

be made of：能看出原材料（The desk is made of wood.）

be made from：看不出原材料（Paper is made from wood.）

be made in + 地点：产地（It's made in China.）

6. 时态

以 一般现在时 为主，询问或描述物品的固有特征

③ 高频词有：颜色疑问词（What color, What colour）；尺寸疑问词（What size）；材料疑问词（What...made of, What...made from）；形状疑问词 （What shape（较少））；颜色词（red, blue, yellow, green, black, white, orange, brown, purple, pink, grey等）；尺寸词（small, medium, large, S, M, L, size）；材料词（wood, metal, paper, silk, cotton, wool, glass, plastic, steel, bamboo, gold, silver等）；标志相关（sign, No smoking, No photos, Don't touch, recycling symbol等）听力常见（What color is...?, What size...?, It's made of...等）

涉及考查知识点有：

1. What color 疑问句的构成与使用

What color + be + 主语？

答语：It's/They're + 颜色词.（颜色词前不加冠词）

2. 颜色词与名词的搭配

颜色作定语时直接修饰名词：a blue pen

颜色作表语时用 be + 颜色词：The pen is blue.

3. What size 疑问句的构成与使用

What size + be + 主语？（询问物品尺码）

What size bowl of noodles would you like?（询问分量）

答语：Size S/M/L. 或 Small/Medium/Large.

4. be made of / be made from 的区别

be made of：能看出原材料（物理变化）

be made from：看不出原材料（化学变化）

be made in + 地点：产地

5. 常见标识的英文含义

No smoking：禁止吸烟

No photos：禁止拍照

Don't touch：禁止触摸

Recycle：可回收

Go straight：直行

Turn left/right：左转/右转

6. 听力策略

听到 What color 预判答语为颜色词

听到 What size 预判答语为尺码或 S/M/L

听到 made of 预判材料名词",第三轮：最终的高密度结构化释义。① 常见题型：选择题、补全对话、听力单选题、情景运用；② 题干关键词：What color、What colour、What size、What...made of、What...made from、What shape、red、blue、yellow、green、black、white、orange、brown、purple、pink、grey、small、medium、large、S、M、L、size、wood、metal、paper、silk、cotton、wool、glass、plastic、steel、bamboo、gold、silver、sign、No smoking、No photos、Don't touch、recycling symbol、Go straight、Turn left、Turn right、What color is...?、What size...?、It's made of...；③ 涉及考查知识点有：What color疑问句构成与使用、颜色词用法（作表语/定语/名词）、What size疑问句构成与使用、be made of/be made from/be made in用法及区别、常见标识英文含义、听力特征信息听辨预判策略；注意：颜色词作表语前不加冠词；be made of表能看出原材料（物理变化），be made from表看不出原材料（化学变化）；考查时态以一般现在时为主，无明确不打此标签的条件。,否,,,,,小潘,,,,,,,,,,,,,,,,,,,,,,,,,,,,,,,,
知识点->语用->特征->价格,"常见题型：选择题、补全对话、听力单选题、情景运用

题干关键词可能有：

① 题干形式

题干多以对话式问答或听力理解的形式呈现，常见结构包括：

问答结构：一方用 How much 提问，另一方用“数字 + 货币单位”回答。

单句选择题干：题干为不完整的问句或答语，要求从选项中选出正确的疑问词或价格表达。

图文结合题干：题干包含商品价签、促销海报、购物小票、价格对比图等，要求根据图示选择或计算价格。

听力理解结构：听对话或短文，捕捉价格数字并选择正确答案。

情景补全题干：给出中文情景提示（如“你想知道这本笔记本多少钱”），要求写出英文问句。

② 题干语法

1. 疑问词的使用

How much + be + 主语？：询问价格（最常用）

What's the price of + 名词？：询问价格（另一种表达）

How much does/do + 主语 + cost?：询问价格（用动词 cost）

2. 答语结构

It's/They're + 数字 + 货币单位.（It's 20 yuan. / They're 5 dollars.）

直接数字 + 单位：20 yuan.

单价表达：Five yuan a kilo. / 10 dollars for one pair.

3. 货币单位

人民币：yuan（单复数同形）

美元：dollar / dollars

英镑：pound / pounds

欧元：euro / euros

4. 主谓一致

How much is the sweater?（主语单数 → is）

How much are the socks?（主语复数 → are）

What's the price of the pants?（price 单数 → is）

5. 动词 cost 的用法

The book costs 10 yuan.（主语单数）

These shoes cost 50 dollars.（主语复数，cost 原形）

How much does the T-shirt cost?

6. 折扣与比较表达

20% off：打八折

half price：半价

cheaper than / more expensive than：价格比较

③ 高频词有：疑问词/短语（How much, What's the price of）；货币单位（yuan, dollar, pound, euro, cent等）；价格相关动词（cost, pay, spend, buy, sell等）；价格形容词（cheap, expensive, high, low, dear等）；折扣表达（off, half price, on sale, discount, % off）；单价表达（a kilo, each, for one pair, per）；物品名词（shirt, sweater, socks, shoes, bag, book, apple, ticket, room等）；听力常见（How much is/are...?, It's/They're... dollars., ...yuan a kilo）

涉及考查知识点有：

1. How much 疑问句的构成与使用

How much + be + 主语？（主语单复数决定 is / are）

How much does/do + 主语 + cost?

答语：数字 + 货币单位

2. What's the price of...? 的用法

与 How much 同义，但 price 本身是名词，问句用 What

答语：It's + 价格.

3. 货币单位的正确表达

人民币 yuan 无复数形式：10 yuan（不说 10 yuans）

美元 dollar 有复数：1 dollar，2 dollars

英镑 pound 有复数：1 pound，5 pounds

4. 价格比较级

cheaper（更便宜的），more expensive（更贵的）

higher / lower 用于修饰 price：The price is higher.

5. 折扣计算

20% off 表示“打八折”（减去20%的价格）

half price 表示“半价”

Buy one get one free：买一送一

6. 听力策略

听到 How much 预判答语为数字 + 货币单位

注意区分价格与数量（How many）或重量（How heavy）

注意对话中的价格同义转换（如 It's on sale for only \$20）","第三轮：最终的高密度结构化释义。
① 常见题型：选择题、补全对话、听力单选题、情景运用
② 题干关键词：How much、What's the price of、yuan、dollar、pound、euro、cent、cost、pay、spend、buy、sell、cheap、expensive、high、low、dear、off、half price、on sale、discount、% off、a kilo、each、for one pair、per、How much is/are...?、It's/They're... dollars.、...yuan a kilo
③ 涉及考查知识点有：How much疑问句构成与使用、What's the price of...?句式用法、货币单位正确表达规则、价格比较级用法、折扣计算规则、听力价格信息捕捉策略
注意：仅使用How many提问数量、How heavy提问重量的题目不打此标签；修饰price需用high/low，不可用cheap/expensive；人民币yuan单复数同形，dollar、pound、euro有复数形式变化。",否,,,,,小潘,,,,,,,,,,,,,,,,,,,,,,,,,,,,,,,,
知识点->语用->特征->外貌,"常见题型：选择题、补全对话、听力单选题、情景运用

题干关键词可能有：

① 题干形式

题干多以对话式问答或听力理解的形式呈现，常见结构包括：

问答结构：一方用 What does...look like? 提问，另一方用身高、体型、发型、脸型等特征回答。

单句选择题干：题干为不完整的问句或答语，要求从选项中选出正确的疑问词或外貌描述。

图文结合题干：题干包含人物图片，要求根据图片选择正确的外貌描述或匹配人物。

听力理解结构：听对话或短文，捕捉外貌特征并选择正确选项。

情景补全题干：给出中文情景提示（如“你想知道新同学长什么样”），要求写出英文问句。

② 题干语法

1. 疑问句类型

询问外貌：What does + 主语 + look like?（最常用）

询问性格/品质：What is + 主语 + like?（注意区分）

错误用法：How does he look like?（不正确，应为 What does he look like?）

2. 答语结构

身高：He is tall/short/of medium height.

体型：He is thin/heavy/strong/of medium build.

头发：She has long/short/curly/straight/black/blonde hair.

眼睛：He has big/small/blue eyes.

脸型：She has a round/square face.

眼镜：He wears glasses.

3. 描述外貌的常用动词

be + 形容词：He is tall.

have/has + 名词短语：She has long hair.

wear + 物品：He wears glasses.

4. 时态

以 一般现在时 为主，描述当前外貌

一般过去时 或 used to 描述过去的外貌（如 She used to have short hair.）

5. 选择疑问句

Is he tall or short?（回答时直接选一项，不用 Yes/No）

③ 高频词有：疑问词/短语（What does...look like, What is...like）；身高（tall, short, medium height）；体型（thin, heavy, fat, strong, medium build等）；头发（long hair, short hair, curly hair, straight hair, blonde, brown, black等）；眼睛（big eyes, small eyes, blue eyes等）；脸型（round face, square face等）；其他（wear glasses, beard, mustache等）；比较（taller than, shorter than, thinner than等）；变化（used to be, used to have）；听力常见（What does she look like?, She is tall and thin., She has long curly hair.等）

涉及考查知识点有：

1. What does...look like? 的用法

专门询问外貌，答语描述身高、体型、头发、眼睛、脸型等。

2. What is...like? 与 What does...look like? 的区别

What is she like? 询问性格、品质（如 kind, friendly）

What does she look like? 询问外貌

3. 描述外貌的句型结构

be + 形容词：He is tall.

have/has + 名词短语：She has long hair.

wear + 物品：He wears glasses.

4. 形容词的顺序

多个形容词修饰时，一般顺序：观点/评价 → 大小 → 形状 → 年龄 → 颜色 → 国籍 → 材料

对外貌描述常见：She is a tall thin girl with long black hair.

5. 选择疑问句的回答

Is he tall or short? → He is tall.（不用 Yes/No）

6. used to 描述过去外貌

She used to have long hair, but now she has short hair.

He used to be short.

7. 听力策略

听到 What does...look like? 预判答语为外貌特征

注意区分 look like（问外貌）与 like（问喜好）

注意头发特征：long/short, curly/straight, blonde/black/brown

8. 文化注意点

描述头发时，blonde 常指金发，brown 指棕发，black 指黑发

描述体型时，fat 可能被视为不礼貌，常用 heavy 或 of medium build 替代","① 常见题型：选择题、补全对话、听力单选题、情景运用
② 题干关键词：What does...look like?、What is...like?、How does he look like?、tall、short、medium height、thin、heavy、fat、strong、medium build、long hair、short hair、curly hair、straight hair、blonde、brown、black、big eyes、small eyes、blue eyes、round face、square face、wear glasses、beard、mustache、taller than、shorter than、thinner than、used to be、used to have
③ 涉及考查知识点有：What does...look like?句型用法、What is...like?与What does...look like?的用法辨析、外貌描述基础句型结构（be+形容词/have/has+名词短语/wear+物品）、多个形容词修饰名词的排序规则、选择疑问句回答规则、used to描述过去外貌的用法、外貌类听力解题策略、外貌描述文化注意事项
注意：1. 仅考查性格/品质询问的What is...like?类题目不打本标签；2. 仅考查喜好询问的like相关题目不打本标签；3. 无外貌相关考查的对话、听力类题目不打本标签",否,,,,,小潘,,,,,,,,,,,,,,,,,,,,,,,,,,,,,,,,
知识点->语用->特征->服饰,"

常见题型：选择题、补全对话、听力单选题、情景运用

题干关键词可能有：

① 题干形式

题干多以对话式问答、听力理解或情景补全的形式呈现，常见结构包括：

问答结构：一方用 What is he/she wearing? 或 What does he/she wear? 提问，另一方用“主语 + be wearing + 衣物”或“主语 + have/has + 衣物”回答。

购物对话结构：售货员用 Can I help you? / What can I do for you? 开头，顾客表达购买意愿，双方讨论颜色、尺码、价格、材质等。

听力理解结构：听对话或短文，捕捉人物穿着的衣物类型、颜色、尺码等信息。

情景补全题干：给出中文情景说明（如“你想知道穿红色裙子的女孩是谁”），要求写出英文问句。

图文结合题干：题干包含人物图片或衣物图片，要求根据图片选择或描述穿着。

② 题干语法

1. 询问穿着的疑问句

What + be + 主语 + wearing?（现在进行时，询问当前穿着）

What does/do + 主语 + wear?（一般现在时，询问习惯性穿着）

What is/are + 主语 + in?（in + 颜色/衣物 表示穿着）

2. 描述穿着的常用句型

主语 + be wearing + 衣物：She is wearing a red dress.

主语 + have/has + 衣物 + on：He has a blue jacket on.

主语 + be in + 颜色/衣物：The girl in a white skirt is my sister.（作定语）

3. 购物相关句型

售货员：Can I help you? / What can I do for you?

顾客：I'd like to buy... / I'm looking for...

询问尺码：What size do you want? / What size do you take?

询问颜色：What color do you like?

询问价格：How much is it? / How much are they?

试穿：Can I try it on?

4. 衣物材质与产地

What is it made of?（询问材质）

It is made of cotton/silk/wool/leather...

Where is it made?（询问产地）

5. 时态

以现在进行时 描述当前穿着

以一般现在时 描述习惯性穿着或客观事实（材质、价格等）

一般过去时 描述过去某时的穿着或购买行为

③ 高频词有：疑问词/短语（What...wearing, What size, What color, How much, What...made of）等；衣物名词（T-shirt, shirt, dress, skirt, sweater, coat, jacket, jeans, trousers, shorts, socks, shoes, hat, cap, scarf, tie, uniform, blouse, boots, trainers等）；颜色词（red, blue, green, yellow, black, white, pink, brown, purple, grey等）；尺码词（small, medium, large, S, M, L, size等）；材质词（cotton, silk, wool, leather, nylon, paper, wood, metal等）；动词（wear, put on, try on, buy, sell, cost, pay等）；听力常见（What is she wearing?, He is in a blue jacket., How much is this sweater?等）

涉及考查知识点有：

1. What + be + 主语 + wearing? 的用法

询问当前穿着的衣物，答语用 主语 + be wearing + 衣物

2. 描述穿着时 in 的用法

The boy in a red T-shirt is my brother.（作定语）

She is in red.（穿红色衣服）

3. 购物常用表达

售货员：Can I help you? / What can I do for you?

顾客：I'd like to buy... / I'm looking for...

询问尺码：What size do you want?

询问价格：How much is it? / How much are they?

试穿：Can I try it on?

决定购买：I'll take it.

4. 材质与产地的表达

be made of + 材料（看得出原材料）

be made from + 材料（看不出原材料）

be made in + 地点

5. 服饰搭配的建议

You can wear a pair of jeans with a bright sweater.

You should wear sports shoes for the trip.

6. 校服讨论的相关表达

We have to wear school uniforms.

I think we should be allowed to wear our own clothes.

7. 听力策略

听到 What is she wearing? 预判答语为衣物描述

注意颜色、尺码、材质等细节信息

在购物对话中，注意价格数字和单位

8. 文化注意点

英语中描述穿着时，衣物名词通常用单数（如 a blue shirt）或复数（jeans, trousers）需注意主谓一致

询问价格时，How much 后 is 或 are 取决于主语单复数","第三轮：最终的高密度结构化释义。
① 常见题型：选择题、补全对话、听力单选题、情景运用
② 题干关键词：What is he/she wearing?、What does he/she wear?、Can I help you?、What can I do for you?、What + be + 主语 + wearing?、What does/do + 主语 + wear?、What is/are + 主语 + in?、I'd like to buy...、I'm looking for...、What size do you want?、What size do you take?、What color do you like?、How much is it?、How much are they?、Can I try it on?、What is it made of?、Where is it made?、I'll take it.、wear、put on、try on、buy、sell、cost、pay，衣物名词（T-shirt、shirt、dress、skirt、sweater、coat、jacket、jeans、trousers、shorts、socks、shoes、hat、cap、scarf、tie、uniform、blouse、boots、trainers），颜色名词（red、blue、green、yellow、black、white、pink、brown、purple、grey），尺码名词（small、medium、large、S、M、L、size），材质名词（cotton、silk、wool、leather、nylon、paper、wood、metal）
③ 涉及考查知识点有：询问当前穿着的现在进行时疑问句用法、询问习惯穿着的一般现在时疑问句用法、in表穿着的定语/表语用法、购物场景固定交际表达、be made of/be made from/be made in表材质/产地的用法、服饰搭配建议表达、校服讨论相关交际表达、穿着类及购物类听力解题策略、穿着描述的时态对应规则、穿着/询价表达的主谓一致规则
④ 注意：无明确说明排他性规则及不打此标签的具体条件；易混淆点：1. be made of（看得出原材料）与be made from（看不出原材料）的用法区别；2. jeans、trousers等复数形式衣物名词作主语时需遵循对应主谓一致规则；3. How much引导的询价句中be动词形式需随主语单复数调整",否,,,,,小潘,,,,,,,,,,,,,,,,,,,,,,,,,,,,,,,,
知识点->语用->特征->职业,"常见题型：选择题、补全对话、听力单选题、情景运用

题干关键词可能有：

① 题干形式

题干多以对话式问答或听力理解的形式呈现，常见结构包括：

问答结构：一方用 What does...do? / What is...job? 提问，另一方用“主语 + be + a/an + 职业名词”回答。

单句选择题干：题干为不完整的问句或答语，要求从选项中选出正确的疑问词或职业名词。

图文结合题干：题干包含人物图片或职业相关场景，要求根据图片选择或描述职业。

听力理解结构：听对话或短文，捕捉职业信息并选择正确选项。

情景补全题干：给出中文情景说明（如“你想知道同桌爸爸的职业”），要求写出英文问句。

② 题干语法

1. 询问职业的疑问句

What + do/does + 主语 + do?（最常用）

What is/are + 主语 + 's job?

What is/are + 主语?（如 What is your father?）

询问未来职业：What do you want to be when you grow up?

2. 答语结构

主语 + be + a/an + 职业名词：He is a teacher.

主语 + work(s) + 地点：She works in a hospital.（回答工作地点而非职业）

3. 职业名词的冠词

可数职业名词前用 a 或 an（元音音素开头用 an）：a doctor, an engineer, an artist

4. 时态

以 一般现在时 为主，询问或描述当前职业

一般将来时 用于询问或描述未来职业（want to be, be going to be）

5. 主谓一致

What does your father do?（主语单数）

What do your parents do?（主语复数）

③ 高频词有：疑问词/短语（What do/does...do, What is...job, What do you want to be, What is...（问职业）等）；职业名词（teacher, doctor, nurse, policeman, policewoman, driver, cook, worker, farmer, engineer, manager, singer, artist, writer, reporter, scientist, pilot, astronaut, postman, waiter, actress, player, coach, businessman, office worker等）；工作地点（hospital, school, factory, office, restaurant, shop, police station, radio station, farm等）；动词（work, teach, drive, cook, help, study等）；听力常见（What does he do?, He is a..., She works in..., I want to be a...等）

涉及考查知识点有：

1. What do/does + 主语 + do? 的用法

询问职业，答语用 主语 + be + a/an + 职业名词

2. What is + 主语 + 's job? 的用法

同义表达，答语同上

3. What is + 主语? 的歧义

可询问职业，也可询问身份/关系（需根据语境判断）

4. 询问未来职业的常用句型

What do you want to be when you grow up?

I want to be a/an...

What are you going to be? / I'm going to be a...

5. 常见职业词汇的拼写与发音

注意 policeman / policewoman 的性别区分

cook（厨师）与 cooker（厨具）的区别

artist（艺术家）与 art teacher（美术老师）的区别

6. 工作地点与职业的关联

school → teacher

hospital → doctor / nurse

police station → policeman

restaurant → cook / waiter

farm → farmer

7. 听力策略

听到 What does he do? 预判答语为职业名词

注意区分 What is he like?（性格）与 What does he do?（职业）

对话中可能通过工作地点或工作内容间接暗示职业

8. 文化注意点

职业名词前通常加 a 或 an，注意 an 用于元音音素开头的词（an engineer, an artist）

部分职业有性别后缀（如 waiter/waitress），现代英语中趋向使用中性词（police officer 替代 policeman）",第三轮：最终的高密度结构化释义。①常见题型：选择题、补全对话、听力单选题、情景运用；②题干关键词：What does...do?、What is...'s job?、What is/are + 主语（问职业）、What do you want to be when you grow up?、What are you going to be?、teacher、doctor、nurse、policeman、policewoman、driver、cook、worker、farmer、engineer、manager、singer、artist、writer、reporter、scientist、pilot、astronaut、postman、waiter、waitress、actress、player、coach、businessman、office worker、police officer、hospital、school、factory、office、restaurant、shop、police station、radio station、farm、work、teach、drive、cook、help、study；③涉及考查知识点有：职业询问基本句型用法、未来职业询问句型用法、职业词汇拼写与发音、职业与工作地点关联、职业名词冠词搭配、一般现在时/一般将来时在职业语境的用法、主谓一致、职业类听力解题策略；注意：仅考查工作地点表述、询问身份/关系、询问性格、非职业类词义辨析的题目不打此标签；需区分cook（厨师）与cooker（厨具）、artist与art teacher、policeman/policewoman的性别差异，元音音素开头的职业名词前用an，What is sb可表询问身份/关系需结合语境判断，What is he like为询问性格不属于职业考查范畴,否,,,,,小潘,,,,,,,,,,,,,,,,,,,,,,,,,,,,,,,,
知识点->语用->存在->存在,"常见题型：选择题、补全对话、听力单选题、情景运用

题干关键词可能有：

① 题干形式

题干多以对话式问答、听力理解或情景补全的形式呈现，常见结构包括：

问答结构：一方用 Is there...? / Are there...? 提问，另一方用 Yes, there is/are. 或 No, there isn't/aren't. 回答，或补充具体存在的内容。

单句选择题干：题干为不完整的 there be 句子，要求从选项中选出正确的 be 动词形式或名词单复数。

图文结合题干：题干包含房间、教室、公园等场景图片，要求根据图片判断或描述存在的事物。

听力理解结构：听句子或对话，判断某地是否存在某物，或选择与描述相符的图片。

情景补全题干：给出中文情景说明（如“你想知道教室里是否有电脑”），要求写出英文问句。

② 题干语法

1. There be 句型的基本结构

肯定句：There is/are + 名词 + 地点状语.

一般疑问句：Is/Are there + 名词 + 地点状语?

答语：Yes, there is/are. / No, there isn't/aren't.

2. 主谓一致

There is + 单数名词或不可数名词

There are + 复数名词

就近原则：多个并列名词时，be 动词与最近的名词一致（如 There is a pen and two books.）

4. 地点状语的表达

常用介词短语：in the box, on the desk, under the chair, behind the door, next to the library, in front of the building, between the chairs 等

5. 时态

以 一般现在时 为主，描述当前的存在状态

一般过去时 用于描述过去某时的存在（There was/were...）

一般将来时 用于预测未来的存在（There will be...）

6. there be 与 have/has 的区别

there be 表示“某处存在某物”

have/has 表示“某人拥有某物”

③ 高频词有：疑问词 （Is there, Are there）；be 动词（is, are, was, were, will be）；存在动词（there be 结构本身）；地点介词/短语（in, on, under, behind, in front of, next to, near, between, across from, at the back of等）；名词（常见存在物：book, pen, desk, chair, computer, map, picture, tree, flower, river, lake, animal, car, bike, shop, library, park, hospital, supermarket, bank等）；听力常见（Is there a...?, Are there any...?, There is/are..., Yes, there is., No, there aren't.）

涉及考查知识点有：

1. There be 句型的构成与用法

表示“某处存在某物/某人”

注意 be 动词的单复数与后面名词的一致

2. There be 与 have/has 的区别

There is a book on the desk.（桌子上有一本书——存在）

I have a book.（我有一本书——拥有）

3. 就近原则

There is a pen and two pencils.（与最近的 a pen 一致，用 is）

4. There be 的其他时态

过去：There was/were...

将来：There will be... 或 There is/are going to be...

5. 听力策略

听到 Is there 预判答语为 Yes, there is. / No, there isn't.

注意区分 Is there（单数）与 Are there（复数）

听力中常结合图片，需根据描述判断物品是否存在

6. 文化注意点

英语中用 there be 句型描述存在时，地点状语通常放在句末

There be 句型与中文“有”字句不完全对应，需注意不要误用 have

在问路或寻找场所时，Is there a... near here? 是非常常见的表达","第三轮：最终的高密度结构化释义。① 常见题型：选择题、补全对话、听力单选题、情景运用；② 题干关键词：Is there、Are there、Yes, there is/are、No, there isn't/aren't、is、are、was、were、will be、there be、in、on、under、behind、in front of、next to、near、between、across from、at the back of；③ 涉及考查知识点有：There be句型的构成与用法、There be与have/has的区别、就近原则、There be的时态变化规则、there be句型听力解题策略、there be句型中英表达差异；注意：排他规则：核心考查have/has所属关系的题目不打此标签；易混淆点：there be表某处存在某物，have/has表某人拥有某物，二者不可混用，there be与中文“有”字句不完全对应，禁止直接直译误用have。",否,,,,,小潘,,,,,,,,,,,,,,,,,,,,,,,,,,,,,,,,
知识点->语用->存在->不存在,"常见题型：选择题、补全对话、听力单选题、情景运用

题干关键词可能有：

① 题干形式

题干多以对话式问答、听力理解或情景补全的形式呈现，常见结构包括：

问答结构：一方用 Is there...? / Are there...? / Do you have...? 提问，另一方用 No, there isn't/aren't. 或 No, I don't. 等否定回答。

陈述句形式：直接描述不存在的情况（如 There were no computers. / We didn't have a gym.）

听力理解结构：听句子或对话，判断某人是否拥有某物、某地是否存在某物，并选择否定选项。

情景补全题干：给出中文情景说明（如“你想告诉对方房间里没有人”），要求写出英文句子。

图文结合题干：题干包含图片，要求根据图片判断是否存在某物（如“图片中桌子上没有书”）。

② 题干语法

1. There be 句型的否定形式

There is no + 单数名词/不可数名词（如 There is no water.）

There are no + 复数名词（如 There are no students.）

There isn't/aren't any + 名词（如 There aren't any chairs.）

2. have / has 的否定形式

don't have / doesn't have / didn't have 表示“没有”

如 He doesn't have a pen. / We didn't have a gym.

3. 否定词的使用

no（后接名词，表示“没有”）

not any / not a（There is not a book.）

nobody / no one（表示“没有人”）

nothing（表示“没有东西”）

never（表示“从不”，可间接表达不存在）

4. 时态

以 一般现在时 描述当前不存在

一般过去时 描述过去不存在（There was no... / didn't have）

一般将来时 预测将来不存在（There will be no...）

5. 否定疑问句与反意疑问句

否定疑问句（如 Don't you have a pen?）可能出现在听力中

反意疑问句（如 You haven't got a bike, have you?）

③ 高频词有：否定词（no, not any, not a, nobody, no one, nothing, never等）；there be 否定（There is no, There are no, There isn't, There aren't）；have 否定（don't have, doesn't have, didn't have）；地点介词（in, on, under, near, behind, next to）；听力常见（No, there isn't., No, I don't., There were no..., We didn't have...）；名词（常见不存在物：gym, library, computer, Internet, pen, book, ticket, money, time, people等）

涉及考查知识点有：

1. There be 否定句的构成

There is/are + no + 名词 或 There isn't/aren't + any + 名词

注意 no 后可直接跟名词，not any 需要 any

2. have 否定句表示“没有”

主语 + don't/doesn't/didn't + have + 宾语

与 there be 的区别：there be 强调存在，have 强调拥有

3. 否定词 no 与 not 的区别

no 是形容词，修饰名词（no water）

not 是副词，用于否定动词或整个句子（It is not a book.）

nobody / no one 表示“没有人”

There is nobody in the room.

4. 过去与现在的对比表达

Thirty years ago, there was no gym.

We didn't have a library before.

5. 听力策略

听到 No, there isn't. 判断为否定存在

注意区分 No, there isn't.（回答存在问句）与 No, I don't.（回答拥有问句）

听力中常出现过去与现在的对比，需注意时态

6. 文化注意点

英语中表达“没有”时，常用 no 或 not any，但 no 更简洁

在问路或购物时，Is there a...? 的否定回答 No, there isn't. 是常见交际用语

否定表达有时用于委婉拒绝或说明客观事实","第三轮：最终的高密度结构化释义。① 常见题型：选择题、补全对话、听力单选题、情景运用；② 题干关键词：Is there...?、Are there...?、Do you have...?、No, there isn't.、No, there aren't.、No, I don't.、There is no、There are no、There isn't、There aren't、don't have、doesn't have、didn't have、no、not any、not a、nobody、no one、nothing、never、in、on、under、near、behind、next to、对话式问答、听力理解、情景补全、陈述句、图文结合；③ 涉及考查知识点有：There be否定句构成规则、have表“没有”的否定句构成规则、there be与have表否定的语义区别、否定词no与not的用法辨析、nobody/no one的用法、不同时态下的否定存在表达、否定存在类听力题解题策略、否定表达的交际场景运用；注意：无明确说明",否,,,,,小潘,,,,,,,,,,,,,,,,,,,,,,,,,,,,,,,,
知识点->语用->情景交际用语（综合）,新题不打,新题不打,否,,,,,小潘,,,,,,,,,,,,,,,,,,,,,,,,,,,,,,,,
知识点->其他,新题不打,新题不打,否,,,,,小潘,,,,,,,,,,,,,,,,,,,,,,,,,,,,,,,,
题型->听力理解->听力理解（综合）,新题不打,新题不打,否,,,,,,,,,,,,,,,,,,,,,,,,,,,,,,,,,,,,,
题型->听力理解->听力选择->全部听力选择,新题不打,新题不打,否,,,,,,,,,,,,,,,,,,,,,,,,,,,,,,,,,,,,,
题型->听力理解->听力选择->听录音选图片,"题干关键词：选项为三幅或两幅图片（图片内容通常涉及人物动作、物品、动物、场景、天气、交通工具、食物、日常活动等），要求选择与所听内容匹配的图片
考查的知识点：理解所听句子或对话的关键信息（如人物正在进行的动作、物品特征、场景地点、天气状况、交通工具、食物种类等）、将听觉信息与视觉信息（图片）进行匹配、辨别图片之间的细微差异（如动作不同、物品不同、数量不同等）、根据描述选择正确图片。常见考查内容包括：日常活动（如读书、游泳、做饭、看电视等）、天气（晴天、雨天、下雪等）、交通工具（汽车、自行车、公交车等）、动物（猫、狗、鸟等）、食物（水果、汉堡、面条等）、学习用品（书包、书、笔等）以及人物职业和场景地点等。
注意：除了打此标签，还需要打知识点-语用标签","题干关键词：选项为三幅或两幅图片（图片内容通常涉及人物动作、物品、动物、场景、天气、交通工具、食物、日常活动等），要求选择与所听内容匹配的图片
考查的知识点：理解所听句子或对话的关键信息（如人物正在进行的动作、物品特征、场景地点、天气状况、交通工具、食物种类等）、将听觉信息与视觉信息（图片）进行匹配、辨别图片之间的细微差异（如动作不同、物品不同、数量不同等）、根据描述选择正确图片。常见考查内容包括：日常活动（如读书、游泳、做饭、看电视等）、天气（晴天、雨天、下雪等）、交通工具（汽车、自行车、公交车等）、动物（猫、狗、鸟等）、食物（水果、汉堡、面条等）、学习用品（书包、书、笔等）以及人物职业和场景地点等。
注意：除了打此标签，还需要打知识点-语用标签",否,,,,,,,,,,,,,,,,,,,,,,,,,,,,,,,,,,,,,
题型->听力理解->听力选择->听录音选单词/短语,"题干关键词：文字题干中常出现“听句子”“听对话”等提示，选项为单词、短语、数字、时间、日期、地点、活动、颜色、天气、交通方式、频率等，要求选出与所听内容一致的选项
考查的知识点：辨别相似发音的单词（如gym/game/grape、turns/tells/talks、left/right/straight、brought/taught/bought、cap/cup/cat、lost/lower/long/last等）、理解句子中的关键信息（时间、地点、人物、活动、原因、方式、数量、频率等）、根据所听内容选择正确的答语（如对How、Why、Where、When等疑问句的应答）、理解日常交际用语（问候、建议、请求、邀请、道歉、感谢等）、辨别同音词或近音词、根据语境选择正确的词汇或短语。常见考查内容包括：时间表达（星期、日期、时刻）、活动（看电影、旅行、唱歌等）、天气（晴天、雨天、多云等）、交通方式（公交车、自行车、步行等）、食物（沙拉、披萨、猪肉等）、地点（电影院、图书馆、餐厅等）、人物职业、情感态度等。
注意：除了打此标签，还需要打知识点-语用标签","题干关键词：文字题干中常出现“听句子”“听对话”等提示，选项为单词、短语、数字、时间、日期、地点、活动、颜色、天气、交通方式、频率等，要求选出与所听内容一致的选项
考查的知识点：辨别相似发音的单词（如gym/game/grape、turns/tells/talks、left/right/straight、brought/taught/bought、cap/cup/cat、lost/lower/long/last等）、理解句子中的关键信息（时间、地点、人物、活动、原因、方式、数量、频率等）、根据所听内容选择正确的答语（如对How、Why、Where、When等疑问句的应答）、理解日常交际用语（问候、建议、请求、邀请、道歉、感谢等）、辨别同音词或近音词、根据语境选择正确的词汇或短语。常见考查内容包括：时间表达（星期、日期、时刻）、活动（看电影、旅行、唱歌等）、天气（晴天、雨天、多云等）、交通方式（公交车、自行车、步行等）、食物（沙拉、披萨、猪肉等）、地点（电影院、图书馆、餐厅等）、人物职业、情感态度等。
注意：除了打此标签，还需要打知识点-语用标签",否,,,,,,,,,,,,,,,,,,,,,,,,,,,,,,,,,,,,,
题型->听力理解->听力选择->听录音选句子,"题干关键词：文字题干中常出现“听句子”“听对话”等提示，选项为完整的句子（描述事实、观点、建议、请求、计划等），要求选出与所听内容一致的选项
考查的知识点：理解所听句子的核心信息（主语、谓语、宾语、时间、地点、方式、原因等）、辨别相似句子的差异（如肯定与否定、不同主语、不同时态、不同动作、不同地点等）、根据所听内容选择正确的陈述句或疑问句、理解日常交际用语（建议、请求、邀请、道歉、感谢等）、辨别同义句或近义句、根据对话内容判断说话人的意图和态度、选择与所听句子意思相符的选项。常见考查内容包括：学校生活（设施、课程、活动）、过去与现在的对比（过去没有某设施，现在有）、个人经历（生病、受伤、丢失物品）、兴趣爱好、频率（每周几次）、交通方式、天气状况、地点方位、人物关系、职业梦想、学习方法建议等。
注意：除了打此标签，还需要打知识点-语用标签","题干关键词：文字题干中常出现“听句子”“听对话”等提示，选项为完整的句子（描述事实、观点、建议、请求、计划等），要求选出与所听内容一致的选项
考查的知识点：理解所听句子的核心信息（主语、谓语、宾语、时间、地点、方式、原因等）、辨别相似句子的差异（如肯定与否定、不同主语、不同时态、不同动作、不同地点等）、根据所听内容选择正确的陈述句或疑问句、理解日常交际用语（建议、请求、邀请、道歉、感谢等）、辨别同义句或近义句、根据对话内容判断说话人的意图和态度、选择与所听句子意思相符的选项。常见考查内容包括：学校生活（设施、课程、活动）、过去与现在的对比（过去没有某设施，现在有）、个人经历（生病、受伤、丢失物品）、兴趣爱好、频率（每周几次）、交通方式、天气状况、地点方位、人物关系、职业梦想、学习方法建议等。
注意：除了打此标签，还需要打知识点-语用标签",否,,,,,,,,,,,,,,,,,,,,,,,,,,,,,,,,,,,,,
题型->听力理解->听力选择->听句子选答语,"题干关键词：文字题干中常出现“听句子”“听对话”等提示，选项为日常交际用语中的应答语句（如感谢、道歉、请求、建议、邀请、祝贺、安慰、询问等），要求选出与所听内容相匹配的恰当答语考查的知识点：理解所听句子的交际功能（感谢、道歉、请求、建议、邀请、祝贺、安慰、询问意见、表达观点等）、掌握常见情景下的标准应答语、辨别不同交际场景的应答差异、根据疑问句类型选择正确回答（一般疑问句用Yes/No回答；特殊疑问句根据疑问词回答；选择疑问句直接选择选项）、理解说话人的意图和态度、选择符合英语交际习惯的得体答语。常见考查内容包括：问候与告别、感谢与回应、道歉与原谅、请求与允许、建议与回应、邀请与接受/拒绝、祝贺与感谢、安慰与同情、询问时间/地点/价格/年龄/颜色/天气/交通方式等。
注意：除了打此标签，还需要打知识点-语用标签","题干关键词：文字题干中常出现“听句子”“听对话”等提示，选项为日常交际用语中的应答语句（如感谢、道歉、请求、建议、邀请、祝贺、安慰、询问等），要求选出与所听内容相匹配的恰当答语考查的知识点：理解所听句子的交际功能（感谢、道歉、请求、建议、邀请、祝贺、安慰、询问意见、表达观点等）、掌握常见情景下的标准应答语、辨别不同交际场景的应答差异、根据疑问句类型选择正确回答（一般疑问句用Yes/No回答；特殊疑问句根据疑问词回答；选择疑问句直接选择选项）、理解说话人的意图和态度、选择符合英语交际习惯的得体答语。常见考查内容包括：问候与告别、感谢与回应、道歉与原谅、请求与允许、建议与回应、邀请与接受/拒绝、祝贺与感谢、安慰与同情、询问时间/地点/价格/年龄/颜色/天气/交通方式等。
注意：除了打此标签，还需要打知识点-语用标签",否,,,,,,,,,,,,,,,,,,,,,,,,,,,,,,,,,,,,,
题型->听力理解->听力选择->听短对话选答案,"题干关键词：题干以音频形式呈现一段短对话（通常为2-3个话轮），文字题干中给出一个具体问题，要求根据对话内容选择正确答案
考查的知识点：获取对话中的关键信息（时间、地点、人物、事件、原因、方式、数量、价格、颜色、尺寸、频率、天气、交通方式、人物关系、职业、年龄、活动、物品归属、情感态度等）、理解对话的主旨大意、根据对话内容进行简单推理和判断（如推断对话发生的地点、人物之间的关系、说话人的意图等）、理解日常交际用语（建议、请求、邀请、道歉、感谢、询问意见等）、辨别相似发音或易混淆信息、根据问题类型选择正确的回答（地点题、时间题、原因题、人物题、数字题等）。常见考查内容包括：购物（价格、尺寸、颜色）、学校生活（课程、活动、作业）、家庭生活（家务、宠物、家人）、兴趣爱好（运动、乐器、阅读）、健康（疾病、症状）、交通方式（公交车、自行车、步行）、天气状况、时间表达（时刻、星期、日期）、地点方位、人物身份与关系等。
注意：除了打此标签，还需要打知识点-语用标签","题干关键词：题干以音频形式呈现一段短对话（通常为2-3个话轮），文字题干中给出一个具体问题，要求根据对话内容选择正确答案
考查的知识点：获取对话中的关键信息（时间、地点、人物、事件、原因、方式、数量、价格、颜色、尺寸、频率、天气、交通方式、人物关系、职业、年龄、活动、物品归属、情感态度等）、理解对话的主旨大意、根据对话内容进行简单推理和判断（如推断对话发生的地点、人物之间的关系、说话人的意图等）、理解日常交际用语（建议、请求、邀请、道歉、感谢、询问意见等）、辨别相似发音或易混淆信息、根据问题类型选择正确的回答（地点题、时间题、原因题、人物题、数字题等）。常见考查内容包括：购物（价格、尺寸、颜色）、学校生活（课程、活动、作业）、家庭生活（家务、宠物、家人）、兴趣爱好（运动、乐器、阅读）、健康（疾病、症状）、交通方式（公交车、自行车、步行）、天气状况、时间表达（时刻、星期、日期）、地点方位、人物身份与关系等。
注意：除了打此标签，还需要打知识点-语用标签",否,,,,,,,,,,,,,,,,,,,,,,,,,,,,,,,,,,,,,
题型->听力理解->听力选择->听长对话选答案,"题干关键词：题干以音频形式呈现一段较长对话（通常为4-8个话轮），文字题干中给出2-4个具体问题，要求根据对话内容选择正确答案
考查的知识点：获取对话中的关键信息（时间、地点、人物、事件、原因、方式、数量、价格、颜色、尺寸、频率、天气、交通方式、人物关系、职业、年龄、活动、物品归属、情感态度、计划安排等）、理解对话的主旨大意和细节信息、根据对话内容进行简单推理和判断（如推断对话发生的地点、人物之间的关系、说话人的意图和态度、事件发生的原因和结果等）、理解日常交际用语（建议、请求、邀请、道歉、感谢、询问意见、表达观点等）、捕捉对话中的数字信息（时间、日期、年龄、价格、数量、频率等）、辨别相似发音或易混淆信息。常见考查内容包括：个人信息（姓名、年龄、国籍、家庭、爱好）、学校生活（课程、老师、俱乐部、活动、作业）、家庭生活（家务、宠物、生日、节日）、购物（价格、尺寸、颜色、款式）、旅行（目的地、交通方式、时间、天气）、健康（症状、建议、药物）、计划安排（时间、地点、活动）、人物关系（师生、朋友、家人、医患等）、地点方位（问路、指路）等。
注意：除了打此标签，还需要打知识点-语用标签","题干关键词：题干以音频形式呈现一段较长对话（通常为4-8个话轮），文字题干中给出2-4个具体问题，要求根据对话内容选择正确答案
考查的知识点：获取对话中的关键信息（时间、地点、人物、事件、原因、方式、数量、价格、颜色、尺寸、频率、天气、交通方式、人物关系、职业、年龄、活动、物品归属、情感态度、计划安排等）、理解对话的主旨大意和细节信息、根据对话内容进行简单推理和判断（如推断对话发生的地点、人物之间的关系、说话人的意图和态度、事件发生的原因和结果等）、理解日常交际用语（建议、请求、邀请、道歉、感谢、询问意见、表达观点等）、捕捉对话中的数字信息（时间、日期、年龄、价格、数量、频率等）、辨别相似发音或易混淆信息。常见考查内容包括：个人信息（姓名、年龄、国籍、家庭、爱好）、学校生活（课程、老师、俱乐部、活动、作业）、家庭生活（家务、宠物、生日、节日）、购物（价格、尺寸、颜色、款式）、旅行（目的地、交通方式、时间、天气）、健康（症状、建议、药物）、计划安排（时间、地点、活动）、人物关系（师生、朋友、家人、医患等）、地点方位（问路、指路）等。
注意：除了打此标签，还需要打知识点-语用标签",否,,,,,,,,,,,,,,,,,,,,,,,,,,,,,,,,,,,,,
题型->听力理解->听力选择->听短文选答案,"题干关键词：题干以音频形式呈现一篇短文（独白），文字题干中给出3-5个具体问题，要求根据短文内容选择正确答案
考查的知识点：获取短文中的关键信息（时间、地点、人物、事件、原因、方式、数量、价格、颜色、尺寸、频率、天气、交通方式、人物关系、职业、年龄、活动、物品归属、情感态度、计划安排、数字信息、顺序信息等）、理解短文的主旨大意和细节信息、根据短文内容进行简单推理和判断（如推断人物的感受、事件的结果、地点的方位等）、捕捉短文中的数字信息（时间、日期、年龄、价格、数量、频率、长度、距离等）、理解说明性短文中的定义和特征（如动物特征、物品制作、自然现象等）、根据短文内容进行信息归纳和总结。常见短文类型包括：人物介绍（姓名、年龄、外貌、爱好、家庭、学校生活）、地点介绍（教室、图书馆、商店、动物园、城市等）、活动通知（俱乐部、比赛、旅行、节日活动等）、故事叙述（经历、事件、意外等）、科普说明（动物、自然现象、传统艺术等）、广告信息（招聘、促销、服务等）、学校生活（课程、老师、同学、活动）。
注意：除了打此标签，还需要打知识点-语篇主题标签（比如：人与自我-居住环境）","题干关键词：题干以音频形式呈现一篇短文（独白），文字题干中给出3-5个具体问题，要求根据短文内容选择正确答案
考查的知识点：获取短文中的关键信息（时间、地点、人物、事件、原因、方式、数量、价格、颜色、尺寸、频率、天气、交通方式、人物关系、职业、年龄、活动、物品归属、情感态度、计划安排、数字信息、顺序信息等）、理解短文的主旨大意和细节信息、根据短文内容进行简单推理和判断（如推断人物的感受、事件的结果、地点的方位等）、捕捉短文中的数字信息（时间、日期、年龄、价格、数量、频率、长度、距离等）、理解说明性短文中的定义和特征（如动物特征、物品制作、自然现象等）、根据短文内容进行信息归纳和总结。常见短文类型包括：人物介绍（姓名、年龄、外貌、爱好、家庭、学校生活）、地点介绍（教室、图书馆、商店、动物园、城市等）、活动通知（俱乐部、比赛、旅行、节日活动等）、故事叙述（经历、事件、意外等）、科普说明（动物、自然现象、传统艺术等）、广告信息（招聘、促销、服务等）、学校生活（课程、老师、同学、活动）。
注意：除了打此标签，还需要打知识点-语篇主题标签（比如：人与自我-居住环境）",否,,,,,,,,,,,,,,,,,,,,,,,,,,,,,,,,,,,,,
题型->听力理解->听力选择->听单词选答案,"题干关键词：文字题干中常出现“听单词”“听短语”等提示，选项为单词、短语、音标、字母组合或发音归类选项，要求选出与所听内容一致的选项
考查的知识点：辨别相似发音的单词、识别单词的正确拼写与发音对应关系、根据所听单词选出正确的音标（如/hæpi/、/hɒbi/、/bɒdi/等）、根据所听单词选出含有相同音素的选项（如单词中画线部分的发音归类）、辨别同音词或近音词、识别缩略词的发音（如VR、UN、IT等）、根据所听单词选出对应的字母或字母组合（如字母发音辨别）、根据所听短语选出正确的短语。常见考查内容包括：单词辨音（元音字母、辅音字母、字母组合的发音）、相似词辨析、音标识别、同音词、字母发音、短语辨析等。
注意：除了打此标签，还需要打知识点-单词的读音标签","题干关键词：文字题干中常出现“听单词”“听短语”等提示，选项为单词、短语、音标、字母组合或发音归类选项，要求选出与所听内容一致的选项
考查的知识点：辨别相似发音的单词、识别单词的正确拼写与发音对应关系、根据所听单词选出正确的音标（如/hæpi/、/hɒbi/、/bɒdi/等）、根据所听单词选出含有相同音素的选项（如单词中画线部分的发音归类）、辨别同音词或近音词、识别缩略词的发音（如VR、UN、IT等）、根据所听单词选出对应的字母或字母组合（如字母发音辨别）、根据所听短语选出正确的短语。常见考查内容包括：单词辨音（元音字母、辅音字母、字母组合的发音）、相似词辨析、音标识别、同音词、字母发音、短语辨析等。
注意：除了打此标签，还需要打知识点-单词的读音标签",否,,,,,,,,,,,,,,,,,,,,,,,,,,,,,,,,,,,,,
题型->听力理解->听力选择->听录音完成表格(含选项),"题干关键词：“听短文”“听独白”“完成信息记录表”，表格中设空，选项为A、B、C三选一。
考查的知识点：捕捉表格中的具体信息（时间、日期、地点、人物、数量、价格、天气、活动、原因、方式、职业、国籍、情感、电话等），理解表格行与列的逻辑对应关系，识别数字、专有名词和同义替换，区分相似选项。常见话题：日常作息、周末活动、节日、地点介绍、天气、人物介绍、动物特征、发明、环保、安全规则、制作步骤。
注意：除了打此标签，还需要打知识点-语用标签","题干关键词：“听短文”“听独白”“完成信息记录表”，表格中设空，选项为A、B、C三选一。
考查的知识点：捕捉表格中的具体信息（时间、日期、地点、人物、数量、价格、天气、活动、原因、方式、职业、国籍、情感、电话等），理解表格行与列的逻辑对应关系，识别数字、专有名词和同义替换，区分相似选项。常见话题：日常作息、周末活动、节日、地点介绍、天气、人物介绍、动物特征、发明、环保、安全规则、制作步骤。
注意：除了打此标签，还需要打知识点-语用标签",否,,,,,,,,,,,,,,,,,,,,,,,,,,,,,,,,,,,,,
题型->听力理解->听力选择->听句子选信息,"题干关键词：“听句子”“听对话”，选项为完整的句子（描述事实、观点、建议、请求、计划等），要求选出与所听内容一致的选项。
考查的知识点：理解所听句子的核心信息（主语、谓语、宾语、时间、地点、方式、原因等），辨别相似句子的差异（肯定与否定、不同主语、不同时态、不同动作、不同地点等），根据所听内容选择正确的陈述句或疑问句，理解日常交际用语（建议、请求、邀请、道歉、感谢等），辨别同义句或近义句，根据对话内容判断说话人的意图和态度，选择与所听句子意思相符的选项。常见考查内容包括：学校生活（设施、课程、活动）、过去与现在的对比（过去没有某设施，现在有）、个人经历（生病、受伤、丢失物品）、兴趣爱好、频率（每周几次）、交通方式、天气状况、地点方位、人物关系、职业梦想、学习方法建议等。
注意：除了打此标签，还需要打知识点-语用标签","题干关键词：“听句子”“听对话”，选项为完整的句子（描述事实、观点、建议、请求、计划等），要求选出与所听内容一致的选项。
考查的知识点：理解所听句子的核心信息（主语、谓语、宾语、时间、地点、方式、原因等），辨别相似句子的差异（肯定与否定、不同主语、不同时态、不同动作、不同地点等），根据所听内容选择正确的陈述句或疑问句，理解日常交际用语（建议、请求、邀请、道歉、感谢等），辨别同义句或近义句，根据对话内容判断说话人的意图和态度，选择与所听句子意思相符的选项。常见考查内容包括：学校生活（设施、课程、活动）、过去与现在的对比（过去没有某设施，现在有）、个人经历（生病、受伤、丢失物品）、兴趣爱好、频率（每周几次）、交通方式、天气状况、地点方位、人物关系、职业梦想、学习方法建议等。
注意：除了打此标签，还需要打知识点-语用标签",否,,,,,,,,,,,,,,,,,,,,,,,,,,,,,,,,,,,,,
题型->听力理解->听力填空->全部听力填空,,nan,否,,,,,,,,,,,,,,,,,,,,,,,,,,,,,,,,,,,,,
题型->听力理解->听力填空->听句子或对话填表,"题干关键词：“听对话”“完成下面表格”“每空填一词”“根据你所听到的对话内容完成表格”，题干以表格形式呈现，留出多个空格（通常为单词或数字），要求根据所听对话内容填写缺失信息。
考查的知识点：捕捉对话中的具体信息（时间、日期、星期、地点、人物姓名、年龄、职业、活动、原因、方式、价格、数量、颜色、尺寸、频率、顺序、人物关系、情感态度、建议、联系方式等），识别并拼写关键词汇，注意单词的拼写准确性（名词单复数、动词时态语态、形容词副词形式、词性转换），根据表格的行列结构理解信息之间的对应关系（如人物与活动匹配、时间与事件匹配、地点与特征匹配），捕捉数字信息（时刻、年龄、价格、数量、日期、电话号码），注意大小写规范（人名、地名、专有名词首字母大写），区分对话中不同说话人提供的信息（避免张冠李戴）。
注意：除了打此标签，还需要打知识点-语用标签","题干关键词：“听对话”“完成下面表格”“每空填一词”“根据你所听到的对话内容完成表格”，题干以表格形式呈现，留出多个空格（通常为单词或数字），要求根据所听对话内容填写缺失信息。
考查的知识点：捕捉对话中的具体信息（时间、日期、星期、地点、人物姓名、年龄、职业、活动、原因、方式、价格、数量、颜色、尺寸、频率、顺序、人物关系、情感态度、建议、联系方式等），识别并拼写关键词汇，注意单词的拼写准确性（名词单复数、动词时态语态、形容词副词形式、词性转换），根据表格的行列结构理解信息之间的对应关系（如人物与活动匹配、时间与事件匹配、地点与特征匹配），捕捉数字信息（时刻、年龄、价格、数量、日期、电话号码），注意大小写规范（人名、地名、专有名词首字母大写），区分对话中不同说话人提供的信息（避免张冠李戴）。
注意：除了打此标签，还需要打知识点-语用标签",否,,,,,,,,,,,,,,,,,,,,,,,,,,,,,,,,,,,,,
题型->听力理解->听力填空->听短文填表,"题干关键词：“听短文”“完成表格”“每空一词”“根据你所听到的短文内容填写表格”，题干以表格形式呈现，留出多个空格（通常为单词或数字），要求根据所听短文内容填写缺失信息。
考查的知识点：捕捉短文中的具体信息（时间、日期、星期、地点、人物姓名、年龄、职业、活动、原因、方式、价格、数量、颜色、尺寸、频率、顺序、人物关系、情感态度、建议、历史事件、文化习俗、自然特征等），识别并拼写关键词汇，注意单词的拼写准确性（名词单复数、动词时态语态、形容词副词形式、词性转换），根据表格的行列结构理解信息之间的对应关系（如时间与事件匹配、人物与特征匹配、地点与活动匹配），捕捉数字信息（年份、日期、时刻、年龄、数量、价格、长度、距离），注意大小写规范（人名、地名、专有名词首字母大写），理解短文的主题和结构（时间顺序、分类说明、因果关系、对比关系）。
注意：除了打此标签，还需要打知识点-语篇主题标签（比如：人与自我-居住环境）","题干关键词：“听短文”“完成表格”“每空一词”“根据你所听到的短文内容填写表格”，题干以表格形式呈现，留出多个空格（通常为单词或数字），要求根据所听短文内容填写缺失信息。
考查的知识点：捕捉短文中的具体信息（时间、日期、星期、地点、人物姓名、年龄、职业、活动、原因、方式、价格、数量、颜色、尺寸、频率、顺序、人物关系、情感态度、建议、历史事件、文化习俗、自然特征等），识别并拼写关键词汇，注意单词的拼写准确性（名词单复数、动词时态语态、形容词副词形式、词性转换），根据表格的行列结构理解信息之间的对应关系（如时间与事件匹配、人物与特征匹配、地点与活动匹配），捕捉数字信息（年份、日期、时刻、年龄、数量、价格、长度、距离），注意大小写规范（人名、地名、专有名词首字母大写），理解短文的主题和结构（时间顺序、分类说明、因果关系、对比关系）。
注意：除了打此标签，还需要打知识点-语篇主题标签（比如：人与自我-居住环境）",否,,,,,,,,,,,,,,,,,,,,,,,,,,,,,,,,,,,,,
题型->听力理解->听力填空->听录音补全句子,"题干关键词：“听短文”“听对话”“完成下列句子”“每空一词”“每空不超过三个单词”“根据所听内容补全句子”，题干以不完整的句子形式呈现，留出空格（通常为单词或短语），要求根据所听内容填写缺失信息。
考查的知识点：捕捉句子或短文中的具体信息（时间、日期、星期、地点、人物姓名、年龄、职业、活动、原因、方式、价格、数量、颜色、尺寸、频率、顺序、人物关系、情感态度、建议、物品名称等），识别并拼写关键词汇，注意单词的拼写准确性（名词单复数、动词时态语态、形容词副词形式、词性转换），根据句子的语法结构确定所填词的词性和形式（主语、谓语、宾语、定语、状语等），捕捉数字信息（年份、日期、时刻、年龄、数量、价格、长度、距离），注意大小写规范（专有名词、句首单词），理解句子的逻辑关系和上下文语境（因果、转折、并列、顺序）。
注意：除了打此标签，还需要打知识点-语用标签","题干关键词：“听短文”“听对话”“完成下列句子”“每空一词”“每空不超过三个单词”“根据所听内容补全句子”，题干以不完整的句子形式呈现，留出空格（通常为单词或短语），要求根据所听内容填写缺失信息。
考查的知识点：捕捉句子或短文中的具体信息（时间、日期、星期、地点、人物姓名、年龄、职业、活动、原因、方式、价格、数量、颜色、尺寸、频率、顺序、人物关系、情感态度、建议、物品名称等），识别并拼写关键词汇，注意单词的拼写准确性（名词单复数、动词时态语态、形容词副词形式、词性转换），根据句子的语法结构确定所填词的词性和形式（主语、谓语、宾语、定语、状语等），捕捉数字信息（年份、日期、时刻、年龄、数量、价格、长度、距离），注意大小写规范（专有名词、句首单词），理解句子的逻辑关系和上下文语境（因果、转折、并列、顺序）。
注意：除了打此标签，还需要打知识点-语用标签",否,,,,,,,,,,,,,,,,,,,,,,,,,,,,,,,,,,,,,
题型->听力理解->听力填空->听录音补全对话,"题干关键词：“听对话”“补全对话”“完成下列句子”“每空一词”“每空不超过三个单词”“根据所听内容补全对话”，题干以对话形式呈现，留出空格（通常为单词、短语或句子），要求根据所听对话内容填写缺失信息。
考查的知识点：捕捉对话中的具体信息（时间、日期、星期、地点、人物姓名、年龄、职业、活动、原因、方式、价格、数量、颜色、尺寸、频率、顺序、人物关系、情感态度、建议、物品名称等），理解对话的交际功能和话轮转换（问候、感谢、道歉、请求、建议、邀请、拒绝、同意、询问、回答等），根据上下文语境和逻辑关系推断所缺内容，识别并拼写关键词汇，注意单词的拼写准确性（名词单复数、动词时态语态、形容词副词形式、词性转换），理解疑问句与答句的对应关系（特殊疑问句与具体信息回答、一般疑问句与yes/no回答、选择疑问句与选项回答），捕捉数字信息（时刻、年龄、价格、数量、日期、电话号码），理解日常交际场景中的典型表达（购物、点餐、问路、打电话、邀约、看病、面试等）。
注意：除了打此标签，还需要打知识点-语用标签","题干关键词：“听对话”“补全对话”“完成下列句子”“每空一词”“每空不超过三个单词”“根据所听内容补全对话”，题干以对话形式呈现，留出空格（通常为单词、短语或句子），要求根据所听对话内容填写缺失信息。
考查的知识点：捕捉对话中的具体信息（时间、日期、星期、地点、人物姓名、年龄、职业、活动、原因、方式、价格、数量、颜色、尺寸、频率、顺序、人物关系、情感态度、建议、物品名称等），理解对话的交际功能和话轮转换（问候、感谢、道歉、请求、建议、邀请、拒绝、同意、询问、回答等），根据上下文语境和逻辑关系推断所缺内容，识别并拼写关键词汇，注意单词的拼写准确性（名词单复数、动词时态语态、形容词副词形式、词性转换），理解疑问句与答句的对应关系（特殊疑问句与具体信息回答、一般疑问句与yes/no回答、选择疑问句与选项回答），捕捉数字信息（时刻、年龄、价格、数量、日期、电话号码），理解日常交际场景中的典型表达（购物、点餐、问路、打电话、邀约、看病、面试等）。
注意：除了打此标签，还需要打知识点-语用标签",否,,,,,,,,,,,,,,,,,,,,,,,,,,,,,,,,,,,,,
题型->听力理解->听力填空->听录音补全短文,"题干关键词：“听短文”“根据短文内容补全短文”“填写所缺的单词”“每空一词”“每空不超过三个单词”。
考查的知识点：捕捉短文中的具体信息（时间、日期、星期、地点、人物姓名、年龄、职业、活动、原因、方式、价格、数量、颜色、尺寸、频率、顺序、人物关系、情感态度、建议、物品名称、事件经过等），理解短文的整体内容和上下文逻辑关系，根据前后文语境推断所缺词的词性和意义，识别并拼写关键词汇，注意单词的拼写准确性（名词单复数、动词时态语态、形容词副词形式、词性转换），捕捉数字信息（年份、日期、时刻、年龄、数量、价格、长度、距离），注意大小写规范（专有名词、句首单词），理解短文的主题和结构（叙事顺序、因果关系、分类说明、对比关系）。
注意：除了打此标签，还需要打知识点-语篇主题标签（比如：人与自我-居住环境）","题干关键词：“听短文”“根据短文内容补全短文”“填写所缺的单词”“每空一词”“每空不超过三个单词”。
考查的知识点：捕捉短文中的具体信息（时间、日期、星期、地点、人物姓名、年龄、职业、活动、原因、方式、价格、数量、颜色、尺寸、频率、顺序、人物关系、情感态度、建议、物品名称、事件经过等），理解短文的整体内容和上下文逻辑关系，根据前后文语境推断所缺词的词性和意义，识别并拼写关键词汇，注意单词的拼写准确性（名词单复数、动词时态语态、形容词副词形式、词性转换），捕捉数字信息（年份、日期、时刻、年龄、数量、价格、长度、距离），注意大小写规范（专有名词、句首单词），理解短文的主题和结构（叙事顺序、因果关系、分类说明、对比关系）。
注意：除了打此标签，还需要打知识点-语篇主题标签（比如：人与自我-居住环境）",否,,,,,,,,,,,,,,,,,,,,,,,,,,,,,,,,,,,,,
题型->听力理解->听力填空->听录音回答问题,"题干关键词：“听对话”“听短文”“回答问题”“根据所听内容回答问题”，题干以问句形式呈现（特殊疑问句或一般疑问句），要求根据所听内容写出答案（通常为单词、短语或短句）。
考查的知识点：捕捉对话或短文中的具体信息（时间、日期、星期、地点、人物、年龄、职业、活动、原因、方式、数量、价格、颜色、尺寸、频率、顺序、人物关系、情感态度、建议、事件经过等），理解疑问句的类型（特殊疑问句根据疑问词回答具体信息；一般疑问句用Yes/No回答），组织答案语言（单词、短语或短句），注意答案的准确性和完整性，根据问题要求选择正确的时态和句式回答，识别并拼写关键词汇，注意大小写规范（专有名词、句首单词）。
注意：除了打此标签，还需要打知识点-语用标签","题干关键词：“听对话”“听短文”“回答问题”“根据所听内容回答问题”，题干以问句形式呈现（特殊疑问句或一般疑问句），要求根据所听内容写出答案（通常为单词、短语或短句）。
考查的知识点：捕捉对话或短文中的具体信息（时间、日期、星期、地点、人物、年龄、职业、活动、原因、方式、数量、价格、颜色、尺寸、频率、顺序、人物关系、情感态度、建议、事件经过等），理解疑问句的类型（特殊疑问句根据疑问词回答具体信息；一般疑问句用Yes/No回答），组织答案语言（单词、短语或短句），注意答案的准确性和完整性，根据问题要求选择正确的时态和句式回答，识别并拼写关键词汇，注意大小写规范（专有名词、句首单词）。
注意：除了打此标签，还需要打知识点-语用标签",否,,,,,,,,,,,,,,,,,,,,,,,,,,,,,,,,,,,,,
题型->听力理解->听力匹配,"题干关键词：“听句子”“听对话”“听短文”“选出与所听内容相符的图片”“将人名与对应的图片/职业/地点/活动匹配”“将左右两栏信息进行匹配”，选项为图片、职业、地点、活动、人物特征等，要求根据所听内容将两列信息正确配对。
考查的知识点：理解所听内容中的关键信息（人物、职业、活动、地点、物品、动物、外貌特征、兴趣爱好等），将听觉信息与视觉信息（图片）进行匹配，将人物与对应的职业/活动/地点/特征进行匹配，辨别相似图片或选项之间的差异（动作不同、物品不同、场景不同、人物不同等），识别对话或短文中的人物关系与对应信息，捕捉匹配题中左右两栏之间的逻辑对应关系（如谁喜欢什么、谁去哪里、谁做什么、谁有什么特征），理解描述性信息（外貌、衣着、性格、能力）并匹配到对应人物，理解地点与活动之间的关联（如在餐厅吃饭、在图书馆看书、在游泳池游泳）。
注意：除了打此标签，还需要打知识点-语用标签","题干关键词：“听句子”“听对话”“听短文”“选出与所听内容相符的图片”“将人名与对应的图片/职业/地点/活动匹配”“将左右两栏信息进行匹配”，选项为图片、职业、地点、活动、人物特征等，要求根据所听内容将两列信息正确配对。
考查的知识点：理解所听内容中的关键信息（人物、职业、活动、地点、物品、动物、外貌特征、兴趣爱好等），将听觉信息与视觉信息（图片）进行匹配，将人物与对应的职业/活动/地点/特征进行匹配，辨别相似图片或选项之间的差异（动作不同、物品不同、场景不同、人物不同等），识别对话或短文中的人物关系与对应信息，捕捉匹配题中左右两栏之间的逻辑对应关系（如谁喜欢什么、谁去哪里、谁做什么、谁有什么特征），理解描述性信息（外貌、衣着、性格、能力）并匹配到对应人物，理解地点与活动之间的关联（如在餐厅吃饭、在图书馆看书、在游泳池游泳）。
注意：除了打此标签，还需要打知识点-语用标签",否,,,,,,,,,,,,,,,,,,,,,,,,,,,,,,,,,,,,,
题型->听力理解->听力判断->全部听力判断,,nan,否,,,,,,,,,,,,,,,,,,,,,,,,,,,,,,,,,,,,,
题型->听力理解->听力判断->听句子或对话判断,"本标签适用于听力理解中的判断正误题型。学生通过听一段句子或对话，判断所给陈述句是否与听到的内容一致（True / False），有时也包含“Not Mentioned”选项。
题干关键词：正误 T F
注意：除了打此标签，还需要打知识点-语用标签","本标签适用于听力理解中的判断正误题型。学生通过听一段句子或对话，判断所给陈述句是否与听到的内容一致（True / False），有时也包含“Not Mentioned”选项。
题干关键词：正误 T F
注意：除了打此标签，还需要打知识点-语用标签",否,,,,,,,,,,,,,,,,,,,,,,,,,,,,,,,,,,,,,
题型->听力理解->听力判断->听短文判断,"题干关键词：“听短文”“判断下列句子正误”“正确的用T表示，错误的用F表示”“True or False”“判断下列句子是否符合你听到的短文内容”，选项为T/F或正确/错误，要求根据所听短文内容判断句子正误。
考查的知识点：理解短文的整体内容和细节信息（人物身份、年龄、外貌、性格、职业、爱好、家庭背景、经历事件、时间地点、原因结果、数量频率、顺序过程等），将题干句子与短文中的事实信息进行比对，辨别信息的一致性与否（肯定与否定、数字是否匹配、时间地点是否一致、人物行为是否相符、因果关系是否正确），捕捉否定词（not、never、no、hardly、seldom、without等）对信息真伪的影响，识别转折词（but、however、although、while等）对信息方向的改变，区分短文中不同人物的观点、行为或特征（避免张冠李戴），辨别相似信息的差异（如过去与现在对比、程度强弱、范围大小、频率高低），识别因果关系中的正误（原因是否正确、结果是否合理），理解短文的主题和主旨，根据短文内容进行简单推理和判断（如推断人物情感、事件结果、隐含信息）。
注意：除了打此标签，还需要打知识点-语篇主题标签（比如：人与自我-居住环境）",第三轮：最终的高密度结构化释义。①常见题型：听力短文正误判断题；②题干关键词：听短文、判断下列句子正误、正确的用T表示，错误的用F表示、True or False、判断下列句子是否符合你听到的短文内容、T/F、正确/错误；③涉及考查知识点有：短文整体及细节信息理解、信息一致性比对、否定词（not、never、no、hardly、seldom、without等）作用捕捉、转折词（but、however、although、while等）作用识别、人物信息区分、相似信息差异辨别、因果关系正误判断、主旨理解、简单推理判断；注意：需同步搭配知识点-语篇主题标签，无明确禁打此标签的条件,否,,,,,,,,,,,,,,,,,,,,,,,,,,,,,,,,,,,,,
题型->听力理解->听力排序->全部听力排序,,nan,否,,,,,,,,,,,,,,,,,,,,,,,,,,,,,,,,,,,,,
题型->听力理解->听力排序->听对话给图片排序,"题干关键词：“听对话”“给下列图片排序”“用数字1-5给下列图片排序”“选择与所听对话内容相符的图片”，选项为多幅图片，要求根据所听对话内容将图片按顺序排列或选出对应的图片。
考查的知识点：理解对话中的关键信息（人物正在进行的动作、物品特征、场景地点、天气状况、交通工具、食物、动物、日常活动等），根据对话描述匹配对应的图片，辨别图片之间的差异（动作不同、物品不同、数量不同、场景不同、人物不同等），捕捉对话中的顺序提示词（first、then、next、finally等），根据对话中的上下文推断事件发生的先后顺序，区分对话中不同人物所做的不同动作或所去的不同地点。
注意：除了打此标签，还需要打知识点-语用标签","题干关键词：“听对话”“给下列图片排序”“用数字1-5给下列图片排序”“选择与所听对话内容相符的图片”，选项为多幅图片，要求根据所听对话内容将图片按顺序排列或选出对应的图片。
考查的知识点：理解对话中的关键信息（人物正在进行的动作、物品特征、场景地点、天气状况、交通工具、食物、动物、日常活动等），根据对话描述匹配对应的图片，辨别图片之间的差异（动作不同、物品不同、数量不同、场景不同、人物不同等），捕捉对话中的顺序提示词（first、then、next、finally等），根据对话中的上下文推断事件发生的先后顺序，区分对话中不同人物所做的不同动作或所去的不同地点。
注意：除了打此标签，还需要打知识点-语用标签",否,,,,,,,,,,,,,,,,,,,,,,,,,,,,,,,,,,,,,
题型->听力理解->听力排序->听对话给句子排序,"题干关键词：“听对话”“Put the parts of the dialogue in order”“将对话按正确顺序排列”“Write 1-10 in the boxes”，选项为对话中的句子或话轮，要求根据所听对话内容将句子按先后顺序排列。
考查的知识点：理解对话的交际逻辑和话轮转换顺序，识别对话的开头（问候、引出话题）、中间（信息交换、问题与回答、请求与回应）和结尾（告别、总结、约定），捕捉对话中的逻辑连接词（so、but、because、then、and then、after that、first、next、finally等），理解疑问句与答句的对应关系（特殊疑问句与具体信息回答、一般疑问句与yes/no回答、选择疑问句与选项回答），识别指代关系（this、that、it、they、here、there等代词所指代的内容需与前文呼应），理解日常交际场景中的典型话轮顺序（邀约与回应、请求与允许/拒绝、问路与指路、购物与试穿、点餐与服务、打电话与留言、建议与回应等），根据上下文语义连贯性判断句子的先后位置，识别对话中被打断或补充说明的话轮。
注意：除了打此标签，还需要打知识点-语用标签",第三轮：最终的高密度结构化释义。① 常见题型：听力对话排序题 ② 题干关键词：听对话、Put the parts of the dialogue in order、将对话按正确顺序排列、Write 1-10 in the boxes ③ 涉及考查知识点有：对话交际逻辑与话轮转换顺序识别，对话开头（问候、引出话题）、中间（信息交换、问答、请求与回应）、结尾（告别、总结、约定）结构识别，逻辑连接词（so、but、because、then、and then、after that、first、next、finally）识别，疑问句与答句对应关系理解，指代关系（this、that、it、they、here、there）识别，日常交际场景（邀约、请求、问路、购物、点餐、打电话、建议等）典型话轮顺序理解，上下文语义连贯性判断，对话打断/补充说明类话轮识别 注意：标注本标签的同时必须同步标注知识点-语用标签，无明确不打本标签的适用条件,否,,,,,,,,,,,,,,,,,,,,,,,,,,,,,,,,,,,,,
题型->听力理解->听力排序->听短文给句子排序,"题干关键词：“听短文”“将下列句子按照听到的先后顺序排序”“按照你所听内容的先后顺序将下列句子排序”“将下面的短语按照听到的顺序排序”，选项为句子或短语，要求根据所听短文内容将句子按先后顺序排列。
考查的知识点：理解短文的叙事逻辑和事件发展顺序，识别时间顺序词（first、then、next、after that、finally、later、before、after、when、while、as soon as等），捕捉因果逻辑（because、so、as a result、therefore等），识别转折关系（but、however、although等），理解故事起因、经过、结果的完整脉络，识别人物对话与叙述性文字的交替顺序，根据上下文语义连贯性判断句子的先后位置，理解说明性短文中的逻辑顺序（定义、分类、举例、步骤），识别描述性短文中的空间顺序（从上到下、从外到内、从左到右），捕捉短文中的代词指代关系（this、that、it、they、he、she等需与前文呼应），理解短文中的时间线索（年份、季节、月份、星期、时刻）。
注意：除了打此标签，还需要打知识点-语篇主题标签（比如：人与自我-居住环境）",第三轮：最终的高密度结构化释义。①常见题型：无明确说明；②题干关键词：听短文、将下列句子按照听到的先后顺序排序、按照你所听内容的先后顺序将下列句子排序、将下面的短语按照听到的顺序排序；③涉及考查知识点有：理解短文叙事逻辑和事件发展顺序，识别时间顺序词（first、then、next、after that、finally、later、before、after、when、while、as soon as），捕捉因果逻辑（because、so、as a result、therefore），识别转折关系（but、however、although），理解故事起因、经过、结果完整脉络，识别人物对话与叙述性文字交替顺序，根据上下文语义连贯性判断句子先后位置，理解说明性短文逻辑顺序（定义、分类、举例、步骤），识别描述性短文空间顺序（从上到下、从外到内、从左到右），捕捉短文中的代词指代关系（this、that、it、they、he、she），理解短文中的时间线索（年份、季节、月份、星期、时刻）；注意：打此标签需同步搭配知识点-语篇主题标签，无明确不打此标签的排他性规则。,否,,,,,,,,,,,,,,,,,,,,,,,,,,,,,,,,,,,,,
题型->听力理解->听力排序->听短文给图片排序,"题干关键词：“听短文”“用1-5给下列图片排序”“按照你所听内容的先后顺序将下列图片排序”“根据短文内容用A~E给下列图片排序”，选项为多幅图片，要求根据所听短文内容将图片按先后顺序排列。
考查的知识点：理解短文的叙事顺序和事件发展脉络，根据描述匹配对应的图片（人物动作、物品特征、场景地点、动物、交通工具、日常活动、季节活动等），识别时间顺序词（first、then、next、after that、finally、later、before、after、when、while等），辨别图片之间的细微差异（动作不同、物品不同、数量不同、场景不同、人物不同、方位不同等），理解故事类短文的起因、经过、结果，识别说明类短文的步骤顺序，捕捉描述类短文的空间顺序（从上到下、从外到内、从左到右），根据上下文推断未明确给出顺序词的内容先后。
注意：除了打此标签，还需要打知识点-语篇主题标签（比如：人与自我-居住环境）","题干关键词：“听短文”“用1-5给下列图片排序”“按照你所听内容的先后顺序将下列图片排序”“根据短文内容用A~E给下列图片排序”，选项为多幅图片，要求根据所听短文内容将图片按先后顺序排列。
考查的知识点：理解短文的叙事顺序和事件发展脉络，根据描述匹配对应的图片（人物动作、物品特征、场景地点、动物、交通工具、日常活动、季节活动等），识别时间顺序词（first、then、next、after that、finally、later、before、after、when、while等），辨别图片之间的细微差异（动作不同、物品不同、数量不同、场景不同、人物不同、方位不同等），理解故事类短文的起因、经过、结果，识别说明类短文的步骤顺序，捕捉描述类短文的空间顺序（从上到下、从外到内、从左到右），根据上下文推断未明确给出顺序词的内容先后。
注意：除了打此标签，还需要打知识点-语篇主题标签（比如：人与自我-居住环境）",否,,,,,,,,,,,,,,,,,,,,,,,,,,,,,,,,,,,,,
题型->语音题型->语音题（综合）,,nan,否,,,,,,,,,,,,,,,,,,,,,,,,,,,,,,,,,,,,,
题型->语音题型->单词辨音,"常见题型：单选题
题干关键词：题干中给出多个单词（通常为3或4个），要求选出画线部分发音不同的一项；或给出音标，要求选出对应单词；或要求判断句子中单词画线部分发音是否相同（T/F）
考查的知识点：① 元音字母a、e、i、o、u在开音节和闭音节中的发音（如：name /eɪ/ vs. cat /æ/；he /iː/ vs. bed /e/；bike /aɪ/ vs. big /ɪ/；go /əʊ/ vs. hot /ɒ/；use /juː/ vs. bus /ʌ/）。② 常见字母组合的发音，如ea（/iː/或/e/）、oo（/uː/或/ʊ/）、th（/θ/或/ð/）、ch（/tʃ/或/k/）、sh（/ʃ/）、wh（/w/或/h/）、ng（/ŋ/）、air（/eə/）、ear（/ɪə/或/eə/）等。③ 辅音字母的特殊发音，如c（/k/或/s/）、g（/g/或/dʒ/）、s（/s/或/z/）、ed结尾（/t/、/d/或/ɪd/）、s结尾复数或三单（/s/、/z/或/ɪz/）等。④ 不发音字母，如k在knife、knock中不发音，w在write中不发音，h在hour、honest中不发音等。
注意：除了打此标签，需要根据考点加打知识点-语音下面的末级知识点（比如单词的读音）",第三轮最终高密度结构化释义：① 常见题型：单选题；② 题干关键词：选出画线部分发音不同的一项、给出音标选对应单词、判断单词画线部分发音是否相同（T/F）；③ 涉及考查知识点有：元音字母a/e/i/o/u开闭音节发音规则、常见字母组合发音规则、辅音字母特殊发音规则、不发音字母发音规则；注意：除打此标签外，需同步加打知识点-语音分类下的对应末级知识点（如单词的读音），无明确“不打此标签”的排他性规则,否,"【单选题】选出单词划线部分读音不同的选项。
A.apple
B.happy
C.grade
【单选题】选出单词划线部分读音不同的选项。
A.bear
B.ear
C.dear
D.hear
【单选题】选出每组单词中划线部分发音不同的一项。
A.write
B.night
C.light
D.drink",,,,,,,,,,,,,,,,,,,,,,,,,,,,,,,,,,,,
题型->语音题型->根据音标写单词,"常见题型：填空题
题干关键词：题干中给出一个或多个音标，要求写出对应的单词；或给出单词要求写出音标；或给出音标和中文释义，要求写出单词
考查的知识点：① 音标与单词的对应拼写能力，掌握常见字母及字母组合的发音规律（如：/klɪəli/→clearly，/ˈprɒmɪs/→promise，/məˈʃiːn/→machine）。② 重音识别，根据音标中的重音符号（'）确定单词的重读音节位置。③ 常见字母组合的发音，如tion（/ʃən/）、sure（/ʒə/）、ture（/tʃə/）、ph（/f/）、wh（/w/或/h/）、kn（/n/）、mb（/m/）等。④ 不发音字母的识别，如wrist中的w、hour中的h、knock中的k等。⑤ 音节的划分与单词拼写的关系。⑥ 相同发音的不同拼写形式辨析（如：/reɪz/可能是raise或rays，需结合句意判断）。
注意：除了打此标签，需要根据考点加打知识点-语音-单词的读音","常见题型：填空题
题干关键词：题干中给出一个或多个音标，要求写出对应的单词；或给出单词要求写出音标；或给出音标和中文释义，要求写出单词
考查的知识点：① 音标与单词的对应拼写能力，掌握常见字母及字母组合的发音规律（如：/klɪəli/→clearly，/ˈprɒmɪs/→promise，/məˈʃiːn/→machine）。② 重音识别，根据音标中的重音符号（'）确定单词的重读音节位置。③ 常见字母组合的发音，如tion（/ʃən/）、sure（/ʒə/）、ture（/tʃə/）、ph（/f/）、wh（/w/或/h/）、kn（/n/）、mb（/m/）等。④ 不发音字母的识别，如wrist中的w、hour中的h、knock中的k等。⑤ 音节的划分与单词拼写的关系。⑥ 相同发音的不同拼写形式辨析（如：/reɪz/可能是raise或rays，需结合句意判断）。
注意：除了打此标签，需要根据考点加打知识点-语音-单词的读音",否,"【填空】        /ˈgɑːvəment/
【填空】根据音标写单词
(1)      [səˈvaɪv]  
(2)      [ˈʃəʊldə(r)]  
(3)      [ˈrɪski]
【填空】The      [ʃɑːk] lives in the sea. It's a dangerous animal.",,,,,,,,,,,,,,,,,,,,,,,,,,,,,,,,,,,,
题型->语音题型->根据音标归类,"常见题型：填空题
题干关键词：题干中给出多个单词（或单词序号），要求根据画线部分或特定字母组合的发音，将单词归类到对应的音标栏目下；或给出音标，要求从方框中选出符合该发音的单词填入
考查的知识点：① 元音音素识别与归类，如/æ/、/e/、/eɪ/、/iː/、/ɪ/、/ɒ/、/ɔː/、/ʊ/、/uː/、/ʌ/、/ɜː/、/ə/、/aɪ/、/aʊ/、/əʊ/等。② 双元音音素识别与归类，如/eə/、/ɪə/、/ʊə/、/ɔɪ/等。③ 辅音音素识别与归类，如/p/、/b/、/t/、/d/、/k/、/g/、/f/、/v/、/θ/、/ð/、/s/、/z/、/ʃ/、/ʒ/、/h/、/w/、/j/、/tʃ/、/dʒ/、/tr/、/dr/、/ts/、/dz/等。④ 常见字母组合的发音对应关系，如ph→/f/，th→/θ/或/ð/，ch→/tʃ/，sh→/ʃ/，wh→/w/或/h/，kn→/n/，mb→/m/等。⑤ 名词复数、动词三单、动词过去式后缀的发音归类（如/s/、/z/、/ɪz/；/t/、/d/、/ɪd/）。⑥ 相同发音的不同拼写形式（如/eɪ/可对应a、ai、ay等）。⑦ 字母在单词中的不发音现象（如hour中的h，write中的w）。
注意：除了打此标签，需要根据考点加打知识点-语音-单词的读音",第三轮：最终的高密度结构化释义。① 常见题型：填空题② 题干关键词：单词、单词序号、画线部分发音、特定字母组合发音、归类、音标栏目、方框、符合发音的单词③ 涉及考查知识点有：元音音素识别与归类、双元音音素识别与归类、辅音音素识别与归类、常见字母组合发音对应关系、名词复数/动词三单/动词过去式后缀发音归类、相同发音的不同拼写形式、字母在单词中的不发音现象注意：除打此标签外，需额外加打知识点-语音-单词的读音,否,"【填空】根据单词画线部分的读音，将单词归类。
would sugar cook blue choose noodle glue foot
(1)     /uː/
(2)     /ʊ/
【填空】请将下列单词按音标 /ɪə/、/eə/、/ʊə/ 归类：appear, chair, tour, near, wear ,nearly, here, air, tourist, poor ,year, care, sure, clear, square ,fear, bear, tour, hear, where ,deer, share, pure, pear, engineer
【填空】将下列单词根据读音进行正确的归类。
A. chair   B. here   C. dark   D. head
(1)        watch     chess
(2)        farm      heart
(3)        ear       near
(4)        net       yellow",,,,,,,,,,,,,,,,,,,,,,,,,,,,,,,,,,,,
题型->填空题型->填空题（综合）,,nan,否,,,,,,,,,,,,,,,,,,,,,,,,,,,,,,,,,,,,,
题型->填空题型->单词拼写->全部单词拼写,,nan,否,,,,,,,,,,,,,,,,,,,,,,,,,,,,,,,,,,,,,
题型->填空题型->单词拼写->用单词适当形式填空,"题干关键词：题干中给出一个单词（动词、名词、形容词、副词等）放在括号中，要求根据句意和语法填入该词的正确形式
考查的知识点：动词时态、动词被动语态、非谓语动词、形容词变副词、形容词比较级和最高级、名词变复数、名词变形容词、形容词变名词、词性转换、代词反身代词、数词变序数词
注意：除了打此题型标签，还需要打对应的知识点标签，如：名词的音形义 / 构词法（词根词缀）","题干关键词：题干中给出一个单词（动词、名词、形容词、副词等）放在括号中，要求根据句意和语法填入该词的正确形式
考查的知识点：动词时态、动词被动语态、非谓语动词、形容词变副词、形容词比较级和最高级、名词变复数、名词变形容词、形容词变名词、词性转换、代词反身代词、数词变序数词
注意：除了打此题型标签，还需要打对应的知识点标签，如：名词的音形义 / 构词法（词根词缀）",否,,,,,,,,,,,,,,,,,,,,,,,,,,,,,,,,,,,,,
题型->填空题型->单词拼写->根据首字母填空,"题干关键词：题干中有一个或多个单词只给出首字母，其余部分用下划线或空格代替，要求根据句意补全单词。
考查的知识点：单词拼写、上下文逻辑推断、固定搭配、词性判断（比如该填名词、动词、形容词还是副词）、动词时态（比如过去式、三单）、以及常见短语中的关键词。
注意：除了打此题型标签，还需要打对应的知识点标签，如：名词的音形义 / 构词法（词根词缀）","题干关键词：题干中有一个或多个单词只给出首字母，其余部分用下划线或空格代替，要求根据句意补全单词。
考查的知识点：单词拼写、上下文逻辑推断、固定搭配、词性判断（比如该填名词、动词、形容词还是副词）、动词时态（比如过去式、三单）、以及常见短语中的关键词。
注意：除了打此题型标签，还需要打对应的知识点标签，如：名词的音形义 / 构词法（词根词缀）",否,"【填空】His classes are interesting and fun. He is very h     and often makes us laugh.
【填空】He r     not working hard in the past, so he decided to study hard from now on.
【填空】Before we start the project, we need to make a careful p   . It’s important to think twice.",,,,,,,,,,,,,,,,,,,,,,,,,,,,,,,,,,,,
题型->填空题型->单词拼写->根据句意填空,"题干关键词：句子中有一个空格，没有任何首字母或中文提示，完全依靠句意和语法填空。
考查的知识点：介词（如get married to、different from、proud of）、连词（如unless、until、before、because）、关系词（如that、which、who、when）、感叹词（how、what）、固定搭配（如one by one、by accident、at the same time、out of one's way、make an effort）、情态动词、上下文逻辑推断。
注意：除了打此题型标签，还需要打对应的知识点标签，如：名词的音形义 / 构词法（词根词缀）","题干关键词：句子中有一个空格，没有任何首字母或中文提示，完全依靠句意和语法填空。
考查的知识点：介词（如get married to、different from、proud of）、连词（如unless、until、before、because）、关系词（如that、which、who、when）、感叹词（how、what）、固定搭配（如one by one、by accident、at the same time、out of one's way、make an effort）、情态动词、上下文逻辑推断。
注意：除了打此题型标签，还需要打对应的知识点标签，如：名词的音形义 / 构词法（词根词缀）",否,"【填空】Paying attention to everything    you are learning in class is very important.
【填空】Peter and Ella are from different countries, but now they live in the    city.
【填空】    he is only 5 years old, he can speak two foreign languages.",,,,,,,,,,,,,,,,,,,,,,,,,,,,,,,,,,,,
题型->填空题型->单词拼写->根据汉语提示填空,"题干关键词：句子中有一个空格，括号内或题干中给出中文提示，要求根据中文写出对应的英文单词
考查的知识点：根据中文提示写出正确的英文单词，需注意词性（名词、动词、形容词、副词等）、词形变化（名词单复数、动词时态及语态、形容词变副词等）、固定搭配、单词拼写准确性。
注意：除了打此题型标签，还需要打对应的知识点标签，如：名词的音形义 / 构词法（词根词缀）","题干关键词：句子中有一个空格，括号内或题干中给出中文提示，要求根据中文写出对应的英文单词
考查的知识点：根据中文提示写出正确的英文单词，需注意词性（名词、动词、形容词、副词等）、词形变化（名词单复数、动词时态及语态、形容词变副词等）、固定搭配、单词拼写准确性。
注意：除了打此题型标签，还需要打对应的知识点标签，如：名词的音形义 / 构词法（词根词缀）",否,"【填空】Wang Li is an    (诚实的) boy. All of us
like to make friends with him.
【填空】Kate's bright    (微笑的) eyes make her look really pretty and kind.
【填空】The lighting rod      buildings      (保护… 免受… 的影响) lightning.",,,,,,,,,,,,,,,,,,,,,,,,,,,,,,,,,,,,
题型->填空题型->单词拼写->根据汉语及首字母填空,"题干关键词：句子中有一个空格，同时给出首字母和中文提示，要求根据首字母和中文共同确定单词并填写完整形式
考查的知识点：根据首字母和中文双重提示锁定单词，同时需注意词性（名词、动词、形容词等）、词形变化（名词单复数、动词时态语态、形容词变副词等）、固定搭配、单词拼写准确性。
注意：除了打此题型标签，还需要打对应的知识点标签，如：名词的音形义 / 构词法（词根词缀）","题干关键词：句子中有一个空格，同时给出首字母和中文提示，要求根据首字母和中文共同确定单词并填写完整形式
考查的知识点：根据首字母和中文双重提示锁定单词，同时需注意词性（名词、动词、形容词等）、词形变化（名词单复数、动词时态语态、形容词变副词等）、固定搭配、单词拼写准确性。
注意：除了打此题型标签，还需要打对应的知识点标签，如：名词的音形义 / 构词法（词根词缀）",否,"【填空】You should a     (道歉) to her if you hurt her feelings.
【填空】He felt very u     (难过的；沮丧的) because he lost his favorite book.
【填空】The music is so l     (响亮的；大声的) that it may be noise for other people living nearby.",,,,,,,,,,,,,,,,,,,,,,,,,,,,,,,,,,,,
题型->填空题型->单词拼写->根据英文解释填空,"题干关键词：句子中有一个空格，同时给出英文释义，要求根据英文解释写出对应的单词。
考查的知识点：根据英文释义理解词义并写出正确单词，需注意词性（名词、形容词、副词、动词等）、词形变化（如动词时态、名词单复数）、同义词或近义词的辨析、单词拼写准确性。
注意：除了打此题型标签，还需要打对应的知识点标签，如：名词的音形义 / 构词法（词根词缀）","题干关键词：句子中有一个空格，同时给出英文释义，要求根据英文解释写出对应的单词。
考查的知识点：根据英文释义理解词义并写出正确单词，需注意词性（名词、形容词、副词、动词等）、词形变化（如动词时态、名词单复数）、同义词或近义词的辨析、单词拼写准确性。
注意：除了打此题型标签，还需要打对应的知识点标签，如：名词的音形义 / 构词法（词根词缀）",否,,,,,,,,,,,,,,,,,,,,,,,,,,,,,,,,,,,,,
题型->填空题型->单词拼写->根据句意及音标填空,"题干关键词：句子中有一个空格，同时给出该单词的音标，要求根据音标拼写出正确的单词。
考查的知识点：音标识别与单词拼写的对应能力，需掌握常见字母及字母组合的发音规律，同时注意单词的拼写准确性、词形变化（如单复数、动词形式等）。
注意：除了打此题型标签，还需要打对应的知识点标签，如：名词的音形义 / 构词法（词根词缀）","题干关键词：句子中有一个空格，同时给出该单词的音标，要求根据音标拼写出正确的单词。
考查的知识点：音标识别与单词拼写的对应能力，需掌握常见字母及字母组合的发音规律，同时注意单词的拼写准确性、词形变化（如单复数、动词形式等）。
注意：除了打此题型标签，还需要打对应的知识点标签，如：名词的音形义 / 构词法（词根词缀）",否,,,,,,,,,,,,,,,,,,,,,,,,,,,,,,,,,,,,,
题型->填空题型->单词拼写->看图填词,"题干关键词：题干中给出图片，空格位于句子中，要求根据图片内容填写对应的单词或短语。
考查的知识点：根据图片识别并写出正确的英文单词，需注意词性（名词、动词、介词等）、词形变化（名词单复数、动词时态语态等）、固定搭配、单词拼写准确性。常见考查内容包括：名词（如动物、水果、学习用品、乐器、建筑物、职业等）、动词（如动作描写）、介词（如方位介词）、数词（如时间表达）。
注意：除了打此题型标签，还需要打对应的知识点标签，如：名词的音形义 / 构词法（词根词缀）","题干关键词：题干中给出图片，空格位于句子中，要求根据图片内容填写对应的单词或短语。
考查的知识点：根据图片识别并写出正确的英文单词，需注意词性（名词、动词、介词等）、词形变化（名词单复数、动词时态语态等）、固定搭配、单词拼写准确性。常见考查内容包括：名词（如动物、水果、学习用品、乐器、建筑物、职业等）、动词（如动作描写）、介词（如方位介词）、数词（如时间表达）。
注意：除了打此题型标签，还需要打对应的知识点标签，如：名词的音形义 / 构词法（词根词缀）",否,,,,,,,,,,,,,,,,,,,,,,,,,,,,,,,,,,,,,
题型->填空题型->完成句子->全部完成句子,,nan,否,,,,,,,,,,,,,,,,,,,,,,,,,,,,,,,,,,,,,
题型->填空题型->完成句子->根据英语/汉语提示完成句子,"题干关键词：题干中给出一个不完整的英文句子，括号内或题干中给出中文提示（，要求根据中文提示补全英文句子，每空一词或多词。
考查的知识点：根据中文提示翻译并写出正确的英文短语或句子，需注意固定搭配（如make friends、be similar to、get used to）、动词时态和语态（如is covered with、needs repairing）、介词短语（如on the way to、in advance）、形容词副词比较级（如more...than）、连词（如so...that、too...to）、情态动词、反身代词、词形变化（如interested in、applying for）等。
注意：除了打此题型标签，还需要打对应的知识点标签，如：一般现在时的被动语态","题干关键词：题干中给出一个不完整的英文句子，括号内或题干中给出中文提示（，要求根据中文提示补全英文句子，每空一词或多词。
考查的知识点：根据中文提示翻译并写出正确的英文短语或句子，需注意固定搭配（如make friends、be similar to、get used to）、动词时态和语态（如is covered with、needs repairing）、介词短语（如on the way to、in advance）、形容词副词比较级（如more...than）、连词（如so...that、too...to）、情态动词、反身代词、词形变化（如interested in、applying for）等。
注意：除了打此题型标签，还需要打对应的知识点标签，如：一般现在时的被动语态",否,,,,,,,,,,,,,,,,,,,,,,,,,,,,,,,,,,,,,
题型->填空题型->完成句子->划线部分提问,"题干关键词：题干中给出一个句子，其中一部分带有下划线，要求根据划线部分的内容提出问题，空格位于疑问词之后。
考查的知识点：根据划线部分的内容选择正确的疑问词（如what、who、whose、which、when、where、why、how、how many、how much、how often、how long、how far、how soon等），并注意疑问句的语序（疑问词 + 一般疑问句语序），同时根据原句的时态和动词形式正确使用助动词（do/does/did/will等）或be动词、情态动词。
注意：除了打此题型标签，还需要打对应的知识点标签，如：一般现在时的被动语态","题干关键词：题干中给出一个句子，其中一部分带有下划线，要求根据划线部分的内容提出问题，空格位于疑问词之后。
考查的知识点：根据划线部分的内容选择正确的疑问词（如what、who、whose、which、when、where、why、how、how many、how much、how often、how long、how far、how soon等），并注意疑问句的语序（疑问词 + 一般疑问句语序），同时根据原句的时态和动词形式正确使用助动词（do/does/did/will等）或be动词、情态动词。
注意：除了打此题型标签，还需要打对应的知识点标签，如：一般现在时的被动语态",否,,,,,,,,,,,,,,,,,,,,,,,,,,,,,,,,,,,,,
题型->填空题型->完成句子->连词成句,"题干关键词：题干中给出一组打乱顺序的单词或短语，要求将它们重新排列成一个语法正确、意义通顺的完整句子，句末已给出标点符号
考查的知识点：句子基本结构（主语、谓语、宾语、状语等的正确语序）、疑问句语序（一般疑问句和特殊疑问句的助动词/be动词/情态动词位置）、固定搭配和短语（如take care of、be interested in）、从句的引导词位置、时态和语态的正确表达、标点符号与句子类型（陈述句或疑问句）的对应。
注意：除了打此题型标签，还需要打对应的知识点标签，如：一般现在时的被动语态","题干关键词：题干中给出一组打乱顺序的单词或短语，要求将它们重新排列成一个语法正确、意义通顺的完整句子，句末已给出标点符号
考查的知识点：句子基本结构（主语、谓语、宾语、状语等的正确语序）、疑问句语序（一般疑问句和特殊疑问句的助动词/be动词/情态动词位置）、固定搭配和短语（如take care of、be interested in）、从句的引导词位置、时态和语态的正确表达、标点符号与句子类型（陈述句或疑问句）的对应。
注意：除了打此题型标签，还需要打对应的知识点标签，如：一般现在时的被动语态",否,,,,,,,,,,,,,,,,,,,,,,,,,,,,,,,,,,,,,
题型->填空题型->完成句子->同义句转化,"题干关键词：题干中给出一个句子，要求改写另一个句子（或补全另一句子）并保持原句意思不变，空格位于改写后的句子中。
考查的知识点：同义短语或句型转换（如receive letters from → hear from；help sb. study → help sb. with；take good care of → look after；too...to → so...that；lend sb. sth. → lend sth. to sb.；buy sb. sth. → buy sth. for sb.；the biggest → bigger than any other；so that → in order to；because → because of；how I can → how to；what did you decide → what did you make a decision to；be proud of → take pride in等），主动语态与被动语态的转换，直接引语与间接引语的转换，双宾语结构的转换，形容词/副词比较级和最高级的转换，以及so/such...that与too...to/enough to的转换。
注意：除了打此题型标签，还需要打对应的知识点标签，如：一般现在时的被动语态","第三轮：最终的高密度结构化释义。①常见题型：句子改写题、句子补全题；②题干关键词：要求改写或补全句子、保持原句意思不变、改写后的句子设有空格；③涉及考查知识点有：同义短语或句型转换、主动语态与被动语态转换、直接引语与间接引语转换、双宾语结构转换、形容词/副词比较级和最高级转换、so/such...that与too...to/enough to转换；注意：使用本标签时需同时搭配对应细分知识点标签（如""一般现在时的被动语态""），无明确排他性规则、易混淆点及不打此标签的特殊条件。",否,,,,,,,,,,,,,,,,,,,,,,,,,,,,,,,,,,,,,
题型->填空题型->完成句子->改写句子,"题干关键词：题干中给出一个句子，要求根据提示（如改为否定句、一般疑问句、被动语态、感叹句、祈使句、选择疑问句、间接引语、合并句子等）进行改写，空格位于改写后的句子中。
考查的知识点：肯定句变否定句（注意not的位置、some变any、and变or、already变yet等）、陈述句变一般疑问句（助动词/be动词/情态动词提至句首、some变any、第一人称变第二人称等）、主动语态变被动语态（be + 过去分词，注意时态和主谓一致）、陈述句变感叹句（What和How的选择与结构）、直接引语变间接引语（引导词、语序、时态、人称、时间状语的变化）、合并句子（用关系代词或关系副词合并为定语从句）、选择疑问句（or连接两个选项）、时态改写（如用now改写一般现在时句子为现在进行时）、单数句变复数句（名词、代词、be动词等相应变化）。
注意：除了打此题型标签，还需要打对应的知识点标签，如：一般现在时的被动语态","题干关键词：题干中给出一个句子，要求根据提示（如改为否定句、一般疑问句、被动语态、感叹句、祈使句、选择疑问句、间接引语、合并句子等）进行改写，空格位于改写后的句子中。
考查的知识点：肯定句变否定句（注意not的位置、some变any、and变or、already变yet等）、陈述句变一般疑问句（助动词/be动词/情态动词提至句首、some变any、第一人称变第二人称等）、主动语态变被动语态（be + 过去分词，注意时态和主谓一致）、陈述句变感叹句（What和How的选择与结构）、直接引语变间接引语（引导词、语序、时态、人称、时间状语的变化）、合并句子（用关系代词或关系副词合并为定语从句）、选择疑问句（or连接两个选项）、时态改写（如用now改写一般现在时句子为现在进行时）、单数句变复数句（名词、代词、be动词等相应变化）。
注意：除了打此题型标签，还需要打对应的知识点标签，如：一般现在时的被动语态",否,,,,,,,,,,,,,,,,,,,,,,,,,,,,,,,,,,,,,
题型->填空题型->完成句子->写出答句,"题干关键词：题干中给出一个问句（一般疑问句、特殊疑问句、选择疑问句等），空格位于答语位置，要求根据实际情况或图片提示写出肯定或否定回答。
考查的知识点：一般疑问句的肯定回答（Yes, 主语 + 助动词/be动词/情态动词）和否定回答（No, 主语 + 助动词/be动词/情态动词 + not），注意主语的人称和数的一致性（如Are you...? → Yes, I am / No, I‘m not；Does she...? → Yes, she does / No, she doesn’t；Can he...? → Yes, he can / No, he can‘t；Must I...? → Yes, you must / No, you needn’t）；特殊疑问句根据问句内容给出完整或简略回答；选择疑问句直接选择其中一个选项作答；日常交际用语的答句（如Thank you → You‘re welcome；Would you like...? → Yes, please / No, thanks；What about...? → Good idea!等）；根据图片内容回答问题；根据实际情况自由作答。
注意：除了打此题型标签，还需要打对应的知识点标签，如：一般现在时的被动语态","第三轮：最终的高密度结构化释义。①常见题型：答语补写题 ②题干关键词：一般疑问句、特殊疑问句、选择疑问句、空格位于答语位置、图片提示、实际情况提示 ③涉及考查知识点有：一般疑问句肯定回答规则、一般疑问句否定回答规则、主语人称与数的一致性原则、特殊疑问句回答规则、选择疑问句回答规则、日常交际用语答语规则、看图作答规则、据实作答规则 注意：标注本题型标签时需同步搭配对应具体知识点标签，不可单独标注本题型标签，原文未提及排他性规则、易混淆点及""不打此标签""的具体条件",否,,,,,,,,,,,,,,,,,,,,,,,,,,,,,,,,,,,,,
题型->填空题型->词汇释义匹配,"题干关键词：题干中给出多个单词或短语（左边一列），右边给出对应的中文释义或英文释义（或英文解释），要求将单词与正确释义进行匹配（连线或填写字母）。
考查的知识点：单词的中文意思对应、单词的英文释义理解（包括同义词、解释性定义）、一词多义在不同语境中的匹配、词性识别（名词、动词、形容词、副词等）、固定短语的中文意思、词形变化（如动词变名词等）的对应关系。
注意：除了打此题型标签，还需要打对应的知识点标签，如：一般现在时的被动语态","题干关键词：题干中给出多个单词或短语（左边一列），右边给出对应的中文释义或英文释义（或英文解释），要求将单词与正确释义进行匹配（连线或填写字母）。
考查的知识点：单词的中文意思对应、单词的英文释义理解（包括同义词、解释性定义）、一词多义在不同语境中的匹配、词性识别（名词、动词、形容词、副词等）、固定短语的中文意思、词形变化（如动词变名词等）的对应关系。
注意：除了打此题型标签，还需要打对应的知识点标签，如：一般现在时的被动语态",否,,,,,,,,,,,,,,,,,,,,,,,,,,,,,,,,,,,,,
题型->完形填空->完形填空（综合）,,nan,否,,,,,,,,,,,,,,,,,,,,,,,,,,,,,,,,,,,,,
题型->完形填空->词性->完形：名词,"题干为一篇完整的短文，文中留出多个空格，空格对应选项均为名词，需根据上下文语境选出最符合句意的名词。
考查的知识点：名词词义辨析（根据上下文选择意思最合适的名词）、名词与上下文的逻辑关系（如因果关系、并列关系、转折关系等）、固定搭配中的名词（如make a decision、take a chance、have a habit等）、名词的单复数形式（根据上下文判断是否需要复数）、名词在语境中的褒贬义（如positive/negative）。
注意：完形填空的大题上需要打知识点-语篇体裁以及知识点-语篇主题标签，此标签打在对应的小题上","题干为一篇完整的短文，文中留出多个空格，空格对应选项均为名词，需根据上下文语境选出最符合句意的名词。
考查的知识点：名词词义辨析（根据上下文选择意思最合适的名词）、名词与上下文的逻辑关系（如因果关系、并列关系、转折关系等）、固定搭配中的名词（如make a decision、take a chance、have a habit等）、名词的单复数形式（根据上下文判断是否需要复数）、名词在语境中的褒贬义（如positive/negative）。
注意：完形填空的大题上需要打知识点-语篇体裁以及知识点-语篇主题标签，此标签打在对应的小题上",否,,,,,,,,,,,,,,,,,,,,,,,,,,,,,,,,,,,,,
题型->完形填空->词性->完形：冠词,"题干关键词：空格对应选项均为冠词（a、an、the或/），需根据上下文语境和语法规则选出正确答案。
考查的知识点：不定冠词a/an的用法区别（a用于辅音音素开头的单词前，an用于元音音素开头的单词前）、定冠词the的用法（特指上文提到过的人或物、独一无二的事物、序数词和最高级前、乐器前等）、零冠词的用法（复数或不可数名词表泛指、三餐、球类运动、学科名称等）、固定搭配中的冠词（如have a cold、in a hurry、the same as等）。
注意：完形填空的大题上需要打知识点-语篇体裁以及知识点-语篇主题标签，此标签打在对应的小题上","题干关键词：空格对应选项均为冠词（a、an、the或/），需根据上下文语境和语法规则选出正确答案。
考查的知识点：不定冠词a/an的用法区别（a用于辅音音素开头的单词前，an用于元音音素开头的单词前）、定冠词the的用法（特指上文提到过的人或物、独一无二的事物、序数词和最高级前、乐器前等）、零冠词的用法（复数或不可数名词表泛指、三餐、球类运动、学科名称等）、固定搭配中的冠词（如have a cold、in a hurry、the same as等）。
注意：完形填空的大题上需要打知识点-语篇体裁以及知识点-语篇主题标签，此标签打在对应的小题上",否,,,,,,,,,,,,,,,,,,,,,,,,,,,,,,,,,,,,,
题型->完形填空->词性->完形：动词/动词短语,"题干关键词：空格对应选项均为动词原形、动词过去式、动词短语、非谓语动词（to do/doing/done）等，需根据上下文语境、时态、语态、主谓一致、固定搭配等选出正确答案。
考查的知识点：动词时态（一般现在时三单、一般过去时、现在进行时、过去进行时、现在完成时、一般将来时等）、动词语态（主动语态与被动语态）、情态动词、动词短语辨析（如look up/look after/look for，give up/take up/pick up，turn on/turn off/turn down等）、非谓语动词（不定式作宾语或状语、动名词作宾语、现在分词/过去分词作定语或状语）、主谓一致（主语为第三人称单数时谓语用相应形式）、固定搭配中的动词（如spend time doing、enjoy doing、want to do等）、上下文中动词词义的逻辑选择（根据语境判断最合适的动词）。
注意：完形填空的大题上需要打知识点-语篇体裁以及知识点-语篇主题标签，此标签打在对应的小题上","题干关键词：空格对应选项均为动词原形、动词过去式、动词短语、非谓语动词（to do/doing/done）等，需根据上下文语境、时态、语态、主谓一致、固定搭配等选出正确答案。
考查的知识点：动词时态（一般现在时三单、一般过去时、现在进行时、过去进行时、现在完成时、一般将来时等）、动词语态（主动语态与被动语态）、情态动词、动词短语辨析（如look up/look after/look for，give up/take up/pick up，turn on/turn off/turn down等）、非谓语动词（不定式作宾语或状语、动名词作宾语、现在分词/过去分词作定语或状语）、主谓一致（主语为第三人称单数时谓语用相应形式）、固定搭配中的动词（如spend time doing、enjoy doing、want to do等）、上下文中动词词义的逻辑选择（根据语境判断最合适的动词）。
注意：完形填空的大题上需要打知识点-语篇体裁以及知识点-语篇主题标签，此标签打在对应的小题上",否,,,,,,,,,,,,,,,,,,,,,,,,,,,,,,,,,,,,,
题型->完形填空->词性->完形：形容词,"题干关键词：空格对应选项均为形容词，需根据上下文语境、情感色彩、褒贬义、修饰关系等选出最符合句意的形容词。
考查的知识点：形容词词义辨析（根据上下文选择最合适的形容词）、形容词的情感色彩（褒义与贬义，如happy/sad、excited/bored、kind/mean等）、形容词修饰名词或作表语（系动词+形容词）、形容词比较级和最高级的用法（如better、worse、more important、the best等）、形容词与副词的区分（根据修饰动词还是名词判断）、固定搭配中的形容词（如be interested in、be worried about、be strict with等）、上下文逻辑关系对形容词选择的提示（因果、转折、并列等）
注意：完形填空的大题上需要打知识点-语篇体裁以及知识点-语篇主题标签，此标签打在对应的小题上","题干关键词：空格对应选项均为形容词，需根据上下文语境、情感色彩、褒贬义、修饰关系等选出最符合句意的形容词。
考查的知识点：形容词词义辨析（根据上下文选择最合适的形容词）、形容词的情感色彩（褒义与贬义，如happy/sad、excited/bored、kind/mean等）、形容词修饰名词或作表语（系动词+形容词）、形容词比较级和最高级的用法（如better、worse、more important、the best等）、形容词与副词的区分（根据修饰动词还是名词判断）、固定搭配中的形容词（如be interested in、be worried about、be strict with等）、上下文逻辑关系对形容词选择的提示（因果、转折、并列等）
注意：完形填空的大题上需要打知识点-语篇体裁以及知识点-语篇主题标签，此标签打在对应的小题上",否,,,,,,,,,,,,,,,,,,,,,,,,,,,,,,,,,,,,,
题型->完形填空->词性->完形：副词,"题干关键词：空格对应选项均为副词，需根据上下文语境、动作方式、程度、频率、时间顺序等选出最符合句意的副词。
考查的知识点：副词词义辨析（根据上下文选择最合适的副词）、副词修饰动词（表示动作的方式、程度、频率、时间等，如run quickly、speak loudly）、副词在句中的位置（句首修饰整个句子、动词前后、形容词/副词前）、频率副词（always、usually、often、sometimes、seldom、never）的用法、时间副词（now、then、soon、finally、recently）和地点副词（here、there）的使用、副词的比较级和最高级（如more quickly、most carefully）、形容词与副词的区分（根据修饰动词还是名词判断。
注意：完形填空的大题上需要打知识点-语篇体裁以及知识点-语篇主题标签，此标签打在对应的小题上","题干关键词：空格对应选项均为副词，需根据上下文语境、动作方式、程度、频率、时间顺序等选出最符合句意的副词。
考查的知识点：副词词义辨析（根据上下文选择最合适的副词）、副词修饰动词（表示动作的方式、程度、频率、时间等，如run quickly、speak loudly）、副词在句中的位置（句首修饰整个句子、动词前后、形容词/副词前）、频率副词（always、usually、often、sometimes、seldom、never）的用法、时间副词（now、then、soon、finally、recently）和地点副词（here、there）的使用、副词的比较级和最高级（如more quickly、most carefully）、形容词与副词的区分（根据修饰动词还是名词判断。
注意：完形填空的大题上需要打知识点-语篇体裁以及知识点-语篇主题标签，此标签打在对应的小题上",否,,,,,,,,,,,,,,,,,,,,,,,,,,,,,,,,,,,,,
题型->完形填空->词性->完形：代词,"题干关键词：空格对应选项均为人称代词主格、人称代词宾格、物主代词、反身代词、不定代词，需根据上下文语境、指代对象、句子成分等选出正确的代词。
考查的知识点：人称代词主格与宾格的区分（主格作主语，宾格作动词或介词宾语）、形容词性物主代词与名词性物主代词的区分（前者后接名词，后者独立使用）、反身代词的用法（强调或表示动作返回到主语本身）、不定代词的用法（some-用于肯定句，any-用于否定句和疑问句，no-表示否定，every-表示全体）、it的特殊用法（指代时间、天气、距离、上文提到的事物等）、代词的一致性（与所指代的名词在数、性、人称上保持一致）。
注意：完形填空的大题上需要打知识点-语篇体裁以及知识点-语篇主题标签，此标签打在对应的小题上","题干关键词：空格对应选项均为人称代词主格、人称代词宾格、物主代词、反身代词、不定代词，需根据上下文语境、指代对象、句子成分等选出正确的代词。
考查的知识点：人称代词主格与宾格的区分（主格作主语，宾格作动词或介词宾语）、形容词性物主代词与名词性物主代词的区分（前者后接名词，后者独立使用）、反身代词的用法（强调或表示动作返回到主语本身）、不定代词的用法（some-用于肯定句，any-用于否定句和疑问句，no-表示否定，every-表示全体）、it的特殊用法（指代时间、天气、距离、上文提到的事物等）、代词的一致性（与所指代的名词在数、性、人称上保持一致）。
注意：完形填空的大题上需要打知识点-语篇体裁以及知识点-语篇主题标签，此标签打在对应的小题上",否,,,,,,,,,,,,,,,,,,,,,,,,,,,,,,,,,,,,,
题型->完形填空->词性->完形：介词,"题干关键词：空格对应选项均为介词，需根据上下文语境、固定搭配、时间/地点表达方式等选出正确的介词。
考查的知识点：时间介词的用法（at具体时刻、on具体某天/日期、in年份/月份/季节、for持续一段时间、since从某时间点开始、until直到等）、地点介词的用法（in大地点、at小地点、on表面、above/over在上方、below/under在下方、between两者之间、among三者或以上之间、next to在旁边、in front of在前面等）、交通工具介词（by car/bus/train/plane、on foot、in a car/taxi等）、固定搭配中的介词（be interested in、be good at、depend on、look forward to、get used to、pay attention to、different from、proud of、full of等）、动词+介词搭配（wait for、ask for、look at、listen to、talk about等）、形容词+介词搭配（famous for、similar to、good for等）、介词短语作状语（in a hurry、by chance、at the same time等）。
注意：完形填空的大题上需要打知识点-语篇体裁以及知识点-语篇主题标签，此标签打在对应的小题上",第三轮：最终的高密度结构化释义。①常见题型：完形填空小题 ②题干关键词：空格对应选项均为介词 ③涉及考查知识点有：时间介词的用法、地点介词的用法、交通工具介词、固定搭配中的介词、动词+介词搭配、形容词+介词搭配、介词短语作状语 注意：本标签仅可标注在完形填空对应介词考点的小题上；完形填空大题不得打此标签，大题需标注知识点-语篇体裁、知识点-语篇主题标签,否,,,,,,,,,,,,,,,,,,,,,,,,,,,,,,,,,,,,,
题型->完形填空->词性->完形：数词,"题干关键词：空格对应选项均为数词，需根据上下文语境、数量关系、顺序表达等选出正确的数词。
考查的知识点：基数词的基本用法（表示数量，如three apples、twenty students）、序数词的基本用法（表示顺序，如the first day、the second floor）、基数词与序数词的转换（如one→first、two→second、three→third、five→fifth等）、分数的表达（分子用基数词，分母用序数词，分子大于一时分母加s，如two thirds、three fifths）、数词与名词的搭配（如hundreds of、thousands of表示约数）、时间表达中的数词（如at five o'clock、in 2025）、年龄表达（如eleven years old）、数量比较（如more than、less than、fewer than等语境中的数词选择）。
注意：完形填空的大题上需要打知识点-语篇体裁以及知识点-语篇主题标签，此标签打在对应的小题上","题干关键词：空格对应选项均为数词，需根据上下文语境、数量关系、顺序表达等选出正确的数词。
考查的知识点：基数词的基本用法（表示数量，如three apples、twenty students）、序数词的基本用法（表示顺序，如the first day、the second floor）、基数词与序数词的转换（如one→first、two→second、three→third、five→fifth等）、分数的表达（分子用基数词，分母用序数词，分子大于一时分母加s，如two thirds、three fifths）、数词与名词的搭配（如hundreds of、thousands of表示约数）、时间表达中的数词（如at five o'clock、in 2025）、年龄表达（如eleven years old）、数量比较（如more than、less than、fewer than等语境中的数词选择）。
注意：完形填空的大题上需要打知识点-语篇体裁以及知识点-语篇主题标签，此标签打在对应的小题上",否,,,,,,,,,,,,,,,,,,,,,,,,,,,,,,,,,,,,,
题型->完形填空->词性->完形：特殊疑问词,"题干关键词：空格对应选项均为特殊疑问词，需根据上下文语境、句子结构、疑问词在从句中的成分等选出正确的特殊疑问词。
考查的知识点：what（询问事物、活动、职业、种类等，可在从句中作主语、宾语、表语或定语）、who（询问人，在从句中作主语或表语）、whom（询问人，在从句中作宾语，口语中常被who代替）、whose（询问所属关系，在从句中作定语）、which（询问在一定范围内选择哪一个，在从句中作主语、宾语或定语）、when（询问时间，在从句中作时间状语）、where（询问地点，在从句中作地点状语）、why（询问原因，在从句中作原因状语）、how（询问方式、程度、状态、健康状况等，在从句中作方式状语）、how与what...like的区别、how many/much/long/often/far/old等短语的用法、疑问词在宾语从句中需保持陈述句语序。
注意：完形填空的大题上需要打知识点-语篇体裁以及知识点-语篇主题标签，此标签打在对应的小题上","题干关键词：空格对应选项均为特殊疑问词，需根据上下文语境、句子结构、疑问词在从句中的成分等选出正确的特殊疑问词。
考查的知识点：what（询问事物、活动、职业、种类等，可在从句中作主语、宾语、表语或定语）、who（询问人，在从句中作主语或表语）、whom（询问人，在从句中作宾语，口语中常被who代替）、whose（询问所属关系，在从句中作定语）、which（询问在一定范围内选择哪一个，在从句中作主语、宾语或定语）、when（询问时间，在从句中作时间状语）、where（询问地点，在从句中作地点状语）、why（询问原因，在从句中作原因状语）、how（询问方式、程度、状态、健康状况等，在从句中作方式状语）、how与what...like的区别、how many/much/long/often/far/old等短语的用法、疑问词在宾语从句中需保持陈述句语序。
注意：完形填空的大题上需要打知识点-语篇体裁以及知识点-语篇主题标签，此标签打在对应的小题上",否,,,,,,,,,,,,,,,,,,,,,,,,,,,,,,,,,,,,,
题型->完形填空->词性->完形：连词,"题干关键词：空格对应选项均为连词，需根据上下文逻辑关系（并列、转折、因果、条件、时间、让步等）选出正确的连词。
考查的知识点：并列连词and（表示顺承、并列或递进关系）、or（表示选择关系，或用于否定句中表示“也不”）、but（表示转折关系）、so（表示因果关系，前因后果）、for（表示原因，补充说明）；从属连词because（表示直接原因，回答why提问）、if（表示条件，主将从现）、unless（表示否定条件，相当于if not）、when（表示时间，可指时间点或时间段）、while（表示时间，强调动作持续进行，或表示对比）、before（表示“在……之前”）、after（表示“在……之后”）、until/till（表示“直到……”）、although/though（表示让步，不能与but连用）、as（表示原因、时间或方式）、since（表示原因“既然”，或时间“自从”）、so that（表示目的或结果）、in order that（表示目的）、as soon as（表示“一……就……”）、as long as（表示条件“只要”）。
注意：完形填空的大题上需要打知识点-语篇体裁以及知识点-语篇主题标签，此标签打在对应的小题上",第三轮：最终的高密度结构化释义。①常见题型：完形填空小题；②题干关键词：空格对应选项均为连词；③涉及考查知识点有：上下文逻辑关系（并列、转折、因果、条件、时间、让步等）判断，并列连词（and、or、but、so、for）用法，从属连词（because、if、unless、when、while、before、after、until/till、although/though、as、since、so that、in order that、as soon as、as long as）用法；注意：本标签仅可标注在对应小题上，不得标注于完形填空大题，完形填空大题需标注知识点-语篇体裁、知识点-语篇主题标签。,否,,,,,,,,,,,,,,,,,,,,,,,,,,,,,,,,,,,,,
题型->完形填空->技巧->原词复现,"题干关键词：正确答案的单词在上下文（尤其是前文或后文）中以相同形式或同根词形式再次出现，形成复现关系
考查的知识点：原词复现（同一单词在上下文中重复出现，如前文出现某名词，后文空格处再次出现该名词）、同根词复现（如动词与名词形式之间的转换，如decide与decision、different与difference）、同义词复现（如happy与glad、big与large）、反义词复现（如love与hate、hot与cold）、上下义词复现（如animal与dog、fruit与apple）。通过识别上下文中的复现关系，可以快速锁定正确答案。
注意：完形填空的大题上需要打知识点-语篇体裁以及知识点-语篇主题标签，此标签打在对应的小题上","题干关键词：正确答案的单词在上下文（尤其是前文或后文）中以相同形式或同根词形式再次出现，形成复现关系
考查的知识点：原词复现（同一单词在上下文中重复出现，如前文出现某名词，后文空格处再次出现该名词）、同根词复现（如动词与名词形式之间的转换，如decide与decision、different与difference）、同义词复现（如happy与glad、big与large）、反义词复现（如love与hate、hot与cold）、上下义词复现（如animal与dog、fruit与apple）。通过识别上下文中的复现关系，可以快速锁定正确答案。
注意：完形填空的大题上需要打知识点-语篇体裁以及知识点-语篇主题标签，此标签打在对应的小题上",否,,,,,,,,,,,,,,,,,,,,,,,,,,,,,,,,,,,,,
题型->完形填空->技巧->近义词,"题干关键词：确答案与上下文中的某个词或短语意思相近但形式不同，形成近义关系。
考查的知识点：近义词辨析与替换（如grateful与thankful、insane与crazy、ends与stops、hobby与the things I like doing、weak与tired等），通过识别上下文中出现的近义词线索（如解释性短语、同义词提示），选择意思相近的选项。
注意：完形填空的大题上需要打知识点-语篇体裁以及知识点-语篇主题标签，此标签打在对应的小题上","题干关键词：确答案与上下文中的某个词或短语意思相近但形式不同，形成近义关系。
考查的知识点：近义词辨析与替换（如grateful与thankful、insane与crazy、ends与stops、hobby与the things I like doing、weak与tired等），通过识别上下文中出现的近义词线索（如解释性短语、同义词提示），选择意思相近的选项。
注意：完形填空的大题上需要打知识点-语篇体裁以及知识点-语篇主题标签，此标签打在对应的小题上",否,,,,,,,,,,,,,,,,,,,,,,,,,,,,,,,,,,,,,
题型->完形填空->技巧->反义词,"""题干关键词：空格所在句子中出现转折连词（but、however、although、while、yet等）、对比结构（rather than、instead of、unlike等）、否定词（not、never、no等）或反义同根词提示，选项与上下文中的某个词构成反义关系。
考查的知识点：识别上下文中的反义线索（转折连词、对比结构、否定词、前缀反义词如un-、in-、im-、dis-等），根据反义关系选择与已知信息意义相反的选项，理解常见反义词对，区分反义词与近义词的差异，根据句子逻辑判断是否需要反义关系。常见考查形式包括：根据but选择相反意义的形容词或副词、根据上下文否定词推断所需的反义词、根据前缀（un-、in-、im-、dis-等）构成的反义词填空、根据对比结构选择与前面信息相反的选项。""
注意：完形填空的大题上需要打知识点-语篇体裁以及知识点-语篇主题标签，此标签打在对应的小题上","""题干关键词：空格所在句子中出现转折连词（but、however、although、while、yet等）、对比结构（rather than、instead of、unlike等）、否定词（not、never、no等）或反义同根词提示，选项与上下文中的某个词构成反义关系。
考查的知识点：识别上下文中的反义线索（转折连词、对比结构、否定词、前缀反义词如un-、in-、im-、dis-等），根据反义关系选择与已知信息意义相反的选项，理解常见反义词对，区分反义词与近义词的差异，根据句子逻辑判断是否需要反义关系。常见考查形式包括：根据but选择相反意义的形容词或副词、根据上下文否定词推断所需的反义词、根据前缀（un-、in-、im-、dis-等）构成的反义词填空、根据对比结构选择与前面信息相反的选项。""
注意：完形填空的大题上需要打知识点-语篇体裁以及知识点-语篇主题标签，此标签打在对应的小题上",否,,,,,,,,,,,,,,,,,,,,,,,,,,,,,,,,,,,,,
题型->完形填空->技巧->固定搭配,"题干关键词：正确答案与上下文中的某个词或短语构成固定搭配（如动词+介词、动词+名词、形容词+介词、介词短语、固定句型等），需根据常见的短语搭配选出正确答案。
考查的知识点：① 动词与介词的固定搭配（如look for、look after、depend on、belong to、laugh at、shout at等）；② 动词与名词的固定搭配（如make progress、make a decision、take part in、take care of、pay attention to、spend time doing等）；③ 形容词与介词的固定搭配（如be interested in、be good at、be afraid of、be proud of、be worried about等）；④ 介词短语（如in trouble、by accident、in fact、instead of、according to等）；⑤ 固定句型（如It’s time to do sth.、It’s + adj. + for sb. to do sth.、so...that...、too...to...等）。
注意：完形填空的大题上需要打知识点-语篇体裁以及知识点-语篇主题标签，此标签打在对应的小题上","第三轮：最终的高密度结构化释义
① 常见题型：完形填空小题
② 题干关键词：正确答案与上下文中的某个词或短语构成固定搭配
③ 涉及考查知识点有：动词与介词的固定搭配、动词与名词的固定搭配、形容词与介词的固定搭配、介词短语、固定句型
注意：本标签仅标注于完形填空对应小题，完形填空大题需标注知识点-语篇体裁、知识点-语篇主题标签，禁止标注本标签",否,,,,,,,,,,,,,,,,,,,,,,,,,,,,,,,,,,,,,
题型->完形填空->技巧->上下文语境,"题干关键词：正确答案需根据上下文的逻辑关系、情节发展、情感色彩、因果关系、转折关系、顺承关系等综合推断得出，而非单纯依赖语法或固定搭配。
考查的知识点：上下文逻辑推断（根据前后文的情节发展选择最符合语境的词）、情感色彩判断（根据文中人物的情绪变化选择褒义或贬义词）、因果关系（根据前因后果选择正确的连词或动词）、转折关系（根据but、however等提示选择相反意义的词）、顺承关系（根据and、so等提示选择递进或结果的词）、人物行为与性格的一致性（根据文中对人物的描述选择符合其性格特点的动词或形容词）、文章主旨与段落大意的把握（根据全文主题选择最贴切的选项）。
注意：完形填空的大题上需要打知识点-语篇体裁以及知识点-语篇主题标签，此标签打在对应的小题上","题干关键词：正确答案需根据上下文的逻辑关系、情节发展、情感色彩、因果关系、转折关系、顺承关系等综合推断得出，而非单纯依赖语法或固定搭配。
考查的知识点：上下文逻辑推断（根据前后文的情节发展选择最符合语境的词）、情感色彩判断（根据文中人物的情绪变化选择褒义或贬义词）、因果关系（根据前因后果选择正确的连词或动词）、转折关系（根据but、however等提示选择相反意义的词）、顺承关系（根据and、so等提示选择递进或结果的词）、人物行为与性格的一致性（根据文中对人物的描述选择符合其性格特点的动词或形容词）、文章主旨与段落大意的把握（根据全文主题选择最贴切的选项）。
注意：完形填空的大题上需要打知识点-语篇体裁以及知识点-语篇主题标签，此标签打在对应的小题上",否,,,,,,,,,,,,,,,,,,,,,,,,,,,,,,,,,,,,,
题型->完形填空->技巧->动作连贯,"题干关键词：空格处需根据动作发生的先后顺序、逻辑关系（因果、条件、转折等）以及情节的自然发展来选出最合适的动词、连词或副词，使整个叙述连贯流畅。
考查的知识点：动作的先后顺序（根据时间线索选择正确的动词时态或连词如then、after、before、when、while等）、因果关系（根据前因后果选择because、so、as a result等）、条件关系（根据条件与结果选择if、unless等）、转折关系（根据前后对比选择but、however、although等）、顺承关系（根据动作的自然延续选择and、so、then等）、动作的合理性与一致性（根据上下文情节发展选择符合逻辑的动词，如先发现某物然后决定采取行动）。
注意：完形填空的大题上需要打知识点-语篇体裁以及知识点-语篇主题标签，此标签打在对应的小题上","题干关键词：空格处需根据动作发生的先后顺序、逻辑关系（因果、条件、转折等）以及情节的自然发展来选出最合适的动词、连词或副词，使整个叙述连贯流畅。
考查的知识点：动作的先后顺序（根据时间线索选择正确的动词时态或连词如then、after、before、when、while等）、因果关系（根据前因后果选择because、so、as a result等）、条件关系（根据条件与结果选择if、unless等）、转折关系（根据前后对比选择but、however、although等）、顺承关系（根据动作的自然延续选择and、so、then等）、动作的合理性与一致性（根据上下文情节发展选择符合逻辑的动词，如先发现某物然后决定采取行动）。
注意：完形填空的大题上需要打知识点-语篇体裁以及知识点-语篇主题标签，此标签打在对应的小题上",否,,,,,,,,,,,,,,,,,,,,,,,,,,,,,,,,,,,,,
题型->完形填空->技巧->情感色彩,"题干关键词：空格处需根据上下文的情感线索（如人物的行为、语言、表情、动作描写等）选出符合情感色彩的形容词或副词。
考查的知识点：情感色彩词的辨析（如happy、sad、angry、excited、nervous、worried、proud、shy、surprised、disappointed等）、根据上下文推断人物情感（如根据“cried”“shouted”“smiled”“jumped up and down”等描写判断情绪）、情感色彩的一致性（整篇文章的情感基调与空格处所选词的情感倾向需一致，如故事讲述的是成功与喜悦，则选褒义词；讲述的是挫折与失败，则选贬义词）、情感变化的连贯性（根据情节发展，人物的情感可能从负面转向正面或反之）。
注意：完形填空的大题上需要打知识点-语篇体裁以及知识点-语篇主题标签，此标签打在对应的小题上","题干关键词：空格处需根据上下文的情感线索（如人物的行为、语言、表情、动作描写等）选出符合情感色彩的形容词或副词。
考查的知识点：情感色彩词的辨析（如happy、sad、angry、excited、nervous、worried、proud、shy、surprised、disappointed等）、根据上下文推断人物情感（如根据“cried”“shouted”“smiled”“jumped up and down”等描写判断情绪）、情感色彩的一致性（整篇文章的情感基调与空格处所选词的情感倾向需一致，如故事讲述的是成功与喜悦，则选褒义词；讲述的是挫折与失败，则选贬义词）、情感变化的连贯性（根据情节发展，人物的情感可能从负面转向正面或反之）。
注意：完形填空的大题上需要打知识点-语篇体裁以及知识点-语篇主题标签，此标签打在对应的小题上",否,,,,,,,,,,,,,,,,,,,,,,,,,,,,,,,,,,,,,
题型->完形填空->技巧->逻辑关系,"题干关键词：空格处需根据上下文的逻辑关系（因果、转折、并列、条件、让步、递进、举例、总结等）选出正确的连词、副词或短语。
考查的知识点：因果关系（because、so、as a result、therefore、thus、consequently等）、转折关系（but、however、although、though、yet、nevertheless、instead等）、并列关系（and、or、as well as、both...and...等）、条件关系（if、unless、as long as、provided that等）、让步关系（although、though、even if、even though、while等）、递进关系（besides、what’s more、furthermore、moreover、also等）、举例关系（for example、such as、like等）、总结关系（in short、in a word、in conclusion、to sum up等）、顺序关系（firstly、secondly、then、finally、after that、later等）。通过识别句与句之间的逻辑连接词或语义关系，选择最符合上下文逻辑的选项。
注意：完形填空的大题上需要打知识点-语篇体裁以及知识点-语篇主题标签，此标签打在对应的小题上",第三轮：最终的高密度结构化释义：① 常见题型：完形填空小题 ② 题干关键词：because、so、as a result、therefore、thus、consequently、but、however、although、though、yet、nevertheless、instead、and、or、as well as、both...and...、if、unless、as long as、provided that、even if、even though、while、besides、what’s more、furthermore、moreover、also、for example、such as、like、in short、in a word、in conclusion、to sum up、firstly、secondly、then、finally、after that、later ③ 涉及考查知识点有：上下文逻辑关系（因果、转折、并列、条件、让步、递进、举例、总结、顺序）判断、逻辑连接词（连词、副词、短语）词义及用法匹配选择 注意：本标签仅可打在完形填空对应小题上，完形填空大题需标注知识点-语篇体裁、知识点-语篇主题标签，不得打本标签,否,,,,,,,,,,,,,,,,,,,,,,,,,,,,,,,,,,,,,
题型->阅读理解->阅读理解（综合）,这个当时是为了承接其他题库过来的无法映射的题目，专门设置的标签，新题不用打,这个当时是为了承接其他题库过来的无法映射的题目，专门设置的标签，新题不用打,否,,,,,,,,,,,,,,,,,,,,,,,,,,,,,,,,,,,,,
题型->阅读理解->阅读选择->细节理解,"① 常见于一整篇文章（阅读选择题）的某一道小题，题目要求从文章中找到题目所问的具体信息，如时间、地点、人物、事件、原因、方式、数据等。答案信息在原文中直接呈现，通常与原文某一句或相邻几句完全对应或仅做同义替换（如同义词、词性变化）。
② 题干关键词：What,When, Why,Where,How等
注意：阅读理解的大题上需要打“知识点-语篇体裁”以及“知识点-语篇主题”，考查细节理解的小题打此标签","① 常见于一整篇文章（阅读选择题）的某一道小题，题目要求从文章中找到题目所问的具体信息，如时间、地点、人物、事件、原因、方式、数据等。答案信息在原文中直接呈现，通常与原文某一句或相邻几句完全对应或仅做同义替换（如同义词、词性变化）。
② 题干关键词：What,When, Why,Where,How等
注意：阅读理解的大题上需要打“知识点-语篇体裁”以及“知识点-语篇主题”，考查细节理解的小题打此标签",否,,,,,,,,,,,,,,,,,,,,,,,,,,,,,,,,,,,,,
题型->阅读理解->阅读选择->推理判断->逻辑推理,"① 常见于一整篇文章（阅读选择题）的某一道小题，需要根据文中已知信息，通过逻辑推导得出原文没有直接说出的结论，如因果关系、条件关系、对比关系、顺承关系等。答案属于“言外之意”，但依据充分、逻辑必然。
② 题干关键词：infer
③ 常见问法：What can we infer from...?
注意：阅读理解的大题上需要打“知识点-语篇体裁”以及“知识点-语篇主题”，考查逻辑推理的小题打此标签","① 常见于一整篇文章（阅读选择题）的某一道小题，需要根据文中已知信息，通过逻辑推导得出原文没有直接说出的结论，如因果关系、条件关系、对比关系、顺承关系等。答案属于“言外之意”，但依据充分、逻辑必然。
② 题干关键词：infer
③ 常见问法：What can we infer from...?
注意：阅读理解的大题上需要打“知识点-语篇体裁”以及“知识点-语篇主题”，考查逻辑推理的小题打此标签",否,,,,,,,,,,,,,,,,,,,,,,,,,,,,,,,,,,,,,
题型->阅读理解->阅读选择->推理判断->目的意图,"① 常见于一整篇文章（阅读选择题）的某一道小题，考查作者的写作目的，某一段落或句子的作用，人物说话的意图以及文章结构的意图
② 题干关键词：purpose, aim, goal, intention，the function of... is to...
③ 常见问法：why does the writer...?, the writer writes this passage to..., the main purpose of the passage is to...、the example in paragraph 2 is used to..., the first sentence serves to...、what does the man mean by saying...?, the woman says that in order to...)
注意：阅读理解的大题上需要打“知识点-语篇体裁”以及“知识点-语篇主题”，考查目的意图的小题打此标签","① 常见于一整篇文章（阅读选择题）的某一道小题，考查作者的写作目的，某一段落或句子的作用，人物说话的意图以及文章结构的意图
② 题干关键词：purpose, aim, goal, intention，the function of... is to...
③ 常见问法：why does the writer...?, the writer writes this passage to..., the main purpose of the passage is to...、the example in paragraph 2 is used to..., the first sentence serves to...、what does the man mean by saying...?, the woman says that in order to...)
注意：阅读理解的大题上需要打“知识点-语篇体裁”以及“知识点-语篇主题”，考查目的意图的小题打此标签",否,,,,,,,,,,,,,,,,,,,,,,,,,,,,,,,,,,,,,
题型->阅读理解->阅读选择->推理判断->文章出处,"① 常见于一整篇文章（阅读选择题）的某一道小题，询问这篇文章可能出自哪里（报纸、杂志、小说、科普读物、广告、书信、日记、网站、教材等）。
② 题干关键词：同常见问法
③ 常见问法：where can you most probably read this passage?, the passage is most likely taken from..., this text is probably from..., which section of a newspaper would you find this passage?
注意：阅读理解的大题上需要打“知识点-语篇体裁”以及“知识点-语篇主题”，考查文章出处的小题打此标签","① 常见于一整篇文章（阅读选择题）的某一道小题，询问这篇文章可能出自哪里（报纸、杂志、小说、科普读物、广告、书信、日记、网站、教材等）。
② 题干关键词：同常见问法
③ 常见问法：where can you most probably read this passage?, the passage is most likely taken from..., this text is probably from..., which section of a newspaper would you find this passage?
注意：阅读理解的大题上需要打“知识点-语篇体裁”以及“知识点-语篇主题”，考查文章出处的小题打此标签",否,,,,,,,,,,,,,,,,,,,,,,,,,,,,,,,,,,,,,
题型->阅读理解->阅读选择->推理判断->观点态度,"① 常见于一整篇文章（阅读选择题）的某一道小题，询问作者对文中主题是支持、反对、中立、客观、讽刺、幽默、赞赏、批评等；文中某个人物对某事的看法或情感。
② 题干关键词：attitude, tone, opinion, view, feeling；选项关键词：positive, negative, neutral, objective, subjective, supportive, critical, doubtful, optimistic, pessimistic, humorous, serious
③ 常见问法：what does the man think of...?,how does the writer feel about...?, the writer's attitude towards... is..., which word best describes the writer's tone?
注意：阅读理解的大题上需要打“知识点-语篇体裁”以及“知识点-语篇主题”，考查观点态度的小题打此标签","① 常见于一整篇文章（阅读选择题）的某一道小题，询问作者对文中主题是支持、反对、中立、客观、讽刺、幽默、赞赏、批评等；文中某个人物对某事的看法或情感。
② 题干关键词：attitude, tone, opinion, view, feeling；选项关键词：positive, negative, neutral, objective, subjective, supportive, critical, doubtful, optimistic, pessimistic, humorous, serious
③ 常见问法：what does the man think of...?,how does the writer feel about...?, the writer's attitude towards... is..., which word best describes the writer's tone?
注意：阅读理解的大题上需要打“知识点-语篇体裁”以及“知识点-语篇主题”，考查观点态度的小题打此标签",否,,,,,,,,,,,,,,,,,,,,,,,,,,,,,,,,,,,,,
题型->阅读理解->阅读选择->推理判断->写作手法,"① 常见于一整篇文章（阅读选择题）的某一道小题，询问修辞手法（比喻）；说明方法（举例子、列数字、作比较、打比方、下定义）
② 题干关键词：giving examples, comparing, listing numbers, using definition
③ 常见问法：the writer uses the example of... to..., what method does the writer use to...?, the sentence “...” shows the use of..., by saying “...”, the writer is..., the writer develops the passage mainly by... How does the writer develop the whole passage?

注意：注意：阅读理解的大题上需要打“知识点-语篇体裁”以及“知识点-语篇主题”，考查写作手法的小题打此标签
此标签容易与“目的意图”混淆：写作手法是“用什么方式写”，目的是“为什么这样写”。","① 常见于一整篇文章（阅读选择题）的某一道小题，询问修辞手法（比喻）；说明方法（举例子、列数字、作比较、打比方、下定义）
② 题干关键词：giving examples, comparing, listing numbers, using definition
③ 常见问法：the writer uses the example of... to..., what method does the writer use to...?, the sentence “...” shows the use of..., by saying “...”, the writer is..., the writer develops the passage mainly by... How does the writer develop the whole passage?

注意：注意：阅读理解的大题上需要打“知识点-语篇体裁”以及“知识点-语篇主题”，考查写作手法的小题打此标签
此标签容易与“目的意图”混淆：写作手法是“用什么方式写”，目的是“为什么这样写”。",否,,,,,,,,,,,,,,,,,,,,,,,,,,,,,,,,,,,,,
题型->阅读理解->阅读选择->推理判断->数字计算,"① 常见于一整篇文章（阅读选择题）的某一道小题，要求根据文中给出的几个数字，进行加、减、乘、除得出答案。
② 题干关键词：how many, how much, how long, how old, what is the total...?, what is the price after discount? years old, $, kilometers, hours, percent, twice, half, in total, altogether。
③ 常见问法：同题干关键词
注意：阅读理解的大题上需要打“知识点-语篇体裁”以及“知识点-语篇主题”，考查数字计算的小题打此标签","① 常见于一整篇文章（阅读选择题）的某一道小题，要求根据文中给出的几个数字，进行加、减、乘、除得出答案。
② 题干关键词：how many, how much, how long, how old, what is the total...?, what is the price after discount? years old, $, kilometers, hours, percent, twice, half, in total, altogether。
③ 常见问法：同题干关键词
注意：阅读理解的大题上需要打“知识点-语篇体裁”以及“知识点-语篇主题”，考查数字计算的小题打此标签",否,,,,,,,,,,,,,,,,,,,,,,,,,,,,,,,,,,,,,
题型->阅读理解->阅读选择->主旨大意->段落主旨,"① 常见于一整篇文章（阅读选择题）的某一道小题，询问文章某一段的主旨。
② 题干关键词：main idea; paragraph
③ 常见问法：the main idea of this paragraph is..., what is the paragraph mainly about?
注意：阅读理解的大题上需要打“知识点-语篇体裁”以及“知识点-语篇主题”，考查段落主旨的小题打此标签","① 常见于一整篇文章（阅读选择题）的某一道小题，询问文章某一段的主旨。
② 题干关键词：main idea; paragraph
③ 常见问法：the main idea of this paragraph is..., what is the paragraph mainly about?
注意：阅读理解的大题上需要打“知识点-语篇体裁”以及“知识点-语篇主题”，考查段落主旨的小题打此标签",否,,,,,,,,,,,,,,,,,,,,,,,,,,,,,,,,,,,,,
题型->阅读理解->阅读选择->主旨大意->篇章主旨,"① 常见于一整篇文章（阅读选择题）的某一道小题，询问整篇文章主旨。
② 题干关键词：the passage, the text, the article, the story, the whole passage
③ 常见问法：the main idea of the passage is..., what is the passage mainly about?, the central idea of the passage is..., the passage focuses on..., the writer mainly tells us...
注意：阅读理解的大题上需要打“知识点-语篇体裁”以及“知识点-语篇主题”，考查篇章主旨的小题打此标签","① 常见于一整篇文章（阅读选择题）的某一道小题，询问整篇文章主旨。
② 题干关键词：the passage, the text, the article, the story, the whole passage
③ 常见问法：the main idea of the passage is..., what is the passage mainly about?, the central idea of the passage is..., the passage focuses on..., the writer mainly tells us...
注意：阅读理解的大题上需要打“知识点-语篇体裁”以及“知识点-语篇主题”，考查篇章主旨的小题打此标签",否,,,,,,,,,,,,,,,,,,,,,,,,,,,,,,,,,,,,,
题型->阅读理解->阅读选择->主旨大意->最佳标题,"① 常见于一整篇文章（阅读选择题）的某一道小题，询问文章的最佳标题。
② 题干关键词：title, heading
③ 常见问法：Which of the following is the best title for the passage?What would be the most suitable title for the text?
注意：阅读理解的大题上需要打“知识点-语篇体裁”以及“知识点-语篇主题”，考查最佳标题的小题打此标签","① 常见于一整篇文章（阅读选择题）的某一道小题，询问文章的最佳标题。
② 题干关键词：title, heading
③ 常见问法：Which of the following is the best title for the passage?What would be the most suitable title for the text?
注意：阅读理解的大题上需要打“知识点-语篇体裁”以及“知识点-语篇主题”，考查最佳标题的小题打此标签",否,,,,,,,,,,,,,,,,,,,,,,,,,,,,,,,,,,,,,
题型->阅读理解->阅读选择->词句猜测->词语猜测,"① 常见于一整篇文章（阅读选择题）的某一道小题，询问根据上下文猜测文中某个单词的意思。
② 题干关键词：word，underlined word, means, that is, in other words, ...called... 
③ 常见问法：The word “...” in paragraph... probably means..., What does the word “...” refer to?, What does the underlined word “advantage” mean in this passage?
注意：注意：阅读理解的大题上需要打“知识点-语篇体裁”以及“知识点-语篇主题”，考查词语猜测的小题打此标签
本标签需要与“题型->阅读理解->阅读选择->词句猜测->代词指代”区分，若划线单词为代词（it, they, this, that 等）则不打此标签","① 常见于一整篇文章（阅读选择题）的某一道小题，询问根据上下文猜测文中某个单词的意思。
② 题干关键词：word，underlined word, means, that is, in other words, ...called... 
③ 常见问法：The word “...” in paragraph... probably means..., What does the word “...” refer to?, What does the underlined word “advantage” mean in this passage?
注意：注意：阅读理解的大题上需要打“知识点-语篇体裁”以及“知识点-语篇主题”，考查词语猜测的小题打此标签
本标签需要与“题型->阅读理解->阅读选择->词句猜测->代词指代”区分，若划线单词为代词（it, they, this, that 等）则不打此标签",否,,,,,,,,,,,,,,,,,,,,,,,,,,,,,,,,,,,,,
题型->阅读理解->阅读选择->词句猜测->句意猜测,"""① 常见于一整篇文章（阅读选择题）的某一道小题，询问根据上下文猜测文中某个句子的意思。

② 题干关键词：sentence，means, that is, in other words
③ 常见问法：""What does the sentence “...” mean?, The underlined sentence suggests that...
注意：注意：阅读理解的大题上需要打“知识点-语篇体裁”以及“知识点-语篇主题”，考查句意猜测的小题打此标签
本标签需要与“题型->阅读理解->阅读选择->词句猜测->词语猜测”区分，只有当划线部分为一句话时，才打此标签","""① 常见于一整篇文章（阅读选择题）的某一道小题，询问根据上下文猜测文中某个句子的意思。

② 题干关键词：sentence，means, that is, in other words
③ 常见问法：""What does the sentence “...” mean?, The underlined sentence suggests that...
注意：注意：阅读理解的大题上需要打“知识点-语篇体裁”以及“知识点-语篇主题”，考查句意猜测的小题打此标签
本标签需要与“题型->阅读理解->阅读选择->词句猜测->词语猜测”区分，只有当划线部分为一句话时，才打此标签",否,,,,,,,,,,,,,,,,,,,,,,,,,,,,,,,,,,,,,
题型->阅读理解->阅读选择->词句猜测->代词指代,"① 常见于一整篇文章（阅读选择题）的某一道小题，询问根据上下文猜测文中某个代词的意思。
② 题干关键词：word，underlined word, means, that is, in other words
③ 常见问法：The word “it” in paragraph... refers to..., What does “they” stand for?, The underlined word “this” probably means...
注意：注意：阅读理解的大题上需要打“知识点-语篇体裁”以及“知识点-语篇主题”，考查代词指代的小题打此标签
本标签需要与“题型->阅读理解->阅读选择->词句猜测->词语猜测”区分，只有当划线单词为代词（it, they, this, that 等）才打此标签","① 常见于一整篇文章（阅读选择题）的某一道小题，询问根据上下文猜测文中某个代词的意思。
② 题干关键词：word，underlined word, means, that is, in other words
③ 常见问法：The word “it” in paragraph... refers to..., What does “they” stand for?, The underlined word “this” probably means...
注意：注意：阅读理解的大题上需要打“知识点-语篇体裁”以及“知识点-语篇主题”，考查代词指代的小题打此标签
本标签需要与“题型->阅读理解->阅读选择->词句猜测->词语猜测”区分，只有当划线单词为代词（it, they, this, that 等）才打此标签",否,,,,,,,,,,,,,,,,,,,,,,,,,,,,,,,,,,,,,
题型->阅读理解->阅读选择->篇章结构,"① 常见于一整篇文章（阅读选择题）的某一道小题，询问文章几个段落的结构（总分总，总分等）；识别文章采用的写作顺序（时间顺序等）
② 题干关键词：structure，选项会给出结构图
③ 常见问法：What is the structure (结构) of the passage?
注意：阅读理解的大题上需要打“知识点-语篇体裁”以及“知识点-语篇主题”，考查篇章结构的小题打此标签","① 常见于一整篇文章（阅读选择题）的某一道小题，询问文章几个段落的结构（总分总，总分等）；识别文章采用的写作顺序（时间顺序等）
② 题干关键词：structure，选项会给出结构图
③ 常见问法：What is the structure (结构) of the passage?
注意：阅读理解的大题上需要打“知识点-语篇体裁”以及“知识点-语篇主题”，考查篇章结构的小题打此标签",否,,,,,,,,,,,,,,,,,,,,,,,,,,,,,,,,,,,,,
题型->阅读理解->阅读选择->图文转化,"① 常见于一整篇文章（阅读选择题）的某一道小题，要求根据文章描述，选择正确的图表（流程图、柱状图、饼图、表格、地图、示意图等）。
② 题干关键词：问法不统一，但是选项有图片
③ 常见问法：Which picture most likely shows ……?
注意：注意：阅读理解的大题上需要打“知识点-语篇体裁”以及“知识点-语篇主题”，考查图文转化的小题打此标签
本标签需要与“篇章结构”区分，篇章结构题的选项也有图片，但是是结构图（展现总分总等），其他选项带有图片的都要打“图文转化”的标签；且有时可以同时打“词语猜测”","① 常见于一整篇文章（阅读选择题）的某一道小题，要求根据文章描述，选择正确的图表（流程图、柱状图、饼图、表格、地图、示意图等）。
② 题干关键词：问法不统一，但是选项有图片
③ 常见问法：Which picture most likely shows ……?
注意：注意：阅读理解的大题上需要打“知识点-语篇体裁”以及“知识点-语篇主题”，考查图文转化的小题打此标签
本标签需要与“篇章结构”区分，篇章结构题的选项也有图片，但是是结构图（展现总分总等），其他选项带有图片的都要打“图文转化”的标签；且有时可以同时打“词语猜测”",否,,,,,,,,,,,,,,,,,,,,,,,,,,,,,,,,,,,,,
题型->阅读理解->阅读选择->诗歌韵律,"① 常见于一整篇文章（阅读选择题）的某一道小题，且文章往往是诗歌
② 题干关键词：rhyme(押韵)
③ 常见问法：Which of the following words rhymes (押韵) with the word “sleep” in Poem 1?Some words in the poem rhyme(押韵).Which is the best word for the blank? According to the rhymes of this poem, which word should be in ___________?
注意：阅读理解的大题上需要打“知识点-语篇体裁”以及“知识点-语篇主题”，考查诗歌韵律的小题打此标签","① 常见于一整篇文章（阅读选择题）的某一道小题，且文章往往是诗歌
② 题干关键词：rhyme(押韵)
③ 常见问法：Which of the following words rhymes (押韵) with the word “sleep” in Poem 1?Some words in the poem rhyme(押韵).Which is the best word for the blank? According to the rhymes of this poem, which word should be in ___________?
注意：阅读理解的大题上需要打“知识点-语篇体裁”以及“知识点-语篇主题”，考查诗歌韵律的小题打此标签",否,,,,,,,,,,,,,,,,,,,,,,,,,,,,,,,,,,,,,
题型->阅读理解->阅读还原->阅读还原（综合）,这个当时是为了承接其他题库过来的无法映射的题目，专门设置的标签，新题不用打,这个当时是为了承接其他题库过来的无法映射的题目，专门设置的标签，新题不用打,否,,,,,,,,,,,,,,,,,,,,,,,,,,,,,,,,,,,,,
题型->阅读理解->阅读还原->七选五,"文章中有5个空缺处，从7个选项中选出5个正确选项填入，通常有2个多余选项。
经典提问方式：根据短文内容，从短文后的选项中选出能填入空白处的最佳选项。选项中有两项为多余选项。
注意：此题除了打此标签，还需要打“知识点-语篇体裁”以及“知识点-语篇主题”","文章中有5个空缺处，从7个选项中选出5个正确选项填入，通常有2个多余选项。
经典提问方式：根据短文内容，从短文后的选项中选出能填入空白处的最佳选项。选项中有两项为多余选项。
注意：此题除了打此标签，还需要打“知识点-语篇体裁”以及“知识点-语篇主题”",否,"根据短文内容，从短文后的选项中选出能填入空白处的最佳选项。选项中有两项为多余选项。
There are many rules we have to follow in our daily life. I have to say that rules make us better. (1) 1 
The rules in the library. (2) 2 We shouldn’t eat or play games in the library. Of course, we can’t talk on the phone in it, either. The library is a place for people to read books or study. (3) 3 we have to leave.
(4) 4 Different homes have different rules. The most common (最常见的) rules for students at home can be getting up at a certain (固定的) time and finishing our homework before going to bed. (5) 5 They are good for us and we have to follow them.
A.The rules at home.
B.Let’s see some rules around us.
C.If we can’t follow its rules,
D.We have to be quiet in the library.
E.There are a lot of things,
F.The rules on the road.
G.And don’t watch TV or play computer games on school nights.",,,,,,,,,,,,,,,,,,,,,,,,,,,,,,,,,,,,
题型->阅读理解->阅读还原->六选五,"文章中有5个空缺处，从6个选项中选出5个正确选项填入，通常有1个多余选项。
经典提问方式：根据短文内容，从短文后的选项中选出能填入空白处的最佳选项，选项中有一项为多余选项。
注意：此题除了打此标签，还需要打“知识点-语篇体裁”以及“知识点-语篇主题”","文章中有5个空缺处，从6个选项中选出5个正确选项填入，通常有1个多余选项。
经典提问方式：根据短文内容，从短文后的选项中选出能填入空白处的最佳选项，选项中有一项为多余选项。
注意：此题除了打此标签，还需要打“知识点-语篇体裁”以及“知识点-语篇主题”",否,,,,,,,,,,,,,,,,,,,,,,,,,,,,,,,,,,,,,
题型->阅读理解->阅读还原->五选五,"文章中有5个空缺处，从5个选项中选出5个正确选项填入。
经典提问方式：根据材料内容，从下面五个选项中选出能填入文中空缺处的最佳选项，使文章意思通 顺、内容完整。
注意：此题除了打此标签，还需要打“知识点-语篇体裁”以及“知识点-语篇主题”","文章中有5个空缺处，从5个选项中选出5个正确选项填入。
经典提问方式：根据材料内容，从下面五个选项中选出能填入文中空缺处的最佳选项，使文章意思通 顺、内容完整。
注意：此题除了打此标签，还需要打“知识点-语篇体裁”以及“知识点-语篇主题”",否,,,,,,,,,,,,,,,,,,,,,,,,,,,,,,,,,,,,,
题型->阅读理解->阅读还原->六选四,"文章中有6个空缺处，从6个选项中选出4个正确选项填入。
经典提问方式：阅读下面短文，从短文后所给的六个选项中选出四个可以填入空白处的最佳选项。","文章中有6个空缺处，从6个选项中选出4个正确选项填入。
经典提问方式：阅读下面短文，从短文后所给的六个选项中选出四个可以填入空白处的最佳选项。",否,,,,,,,,,,,,,,,,,,,,,,,,,,,,,,,,,,,,,
题型->阅读理解->阅读还原->五选四,"文章中有5个空缺处，从5个选项中选出4个正确选项填入。

经典提问方式：阅读下面材料，从下面所给的A—E五个选项中选出正确选项（其中一项是多余选项），将其序号填入小题，并回答最后小题。
注意：此题除了打此标签，还需要打“知识点-语篇体裁”以及“知识点-语篇主题”","文章中有5个空缺处，从5个选项中选出4个正确选项填入。

经典提问方式：阅读下面材料，从下面所给的A—E五个选项中选出正确选项（其中一项是多余选项），将其序号填入小题，并回答最后小题。
注意：此题除了打此标签，还需要打“知识点-语篇体裁”以及“知识点-语篇主题”",否,,,,,,,,,,,,,,,,,,,,,,,,,,,,,,,,,,,,,
题型->阅读理解->阅读还原->四选四,"文章中有5个空缺处，从4个选项中选出4个正确选项填入。

经典提问方式：阅读短文及文后A~D选项，选出可以填入空白处的最佳选项。
注意：此题除了打此标签，还需要打“知识点-语篇体裁”以及“知识点-语篇主题”","文章中有5个空缺处，从4个选项中选出4个正确选项填入。

经典提问方式：阅读短文及文后A~D选项，选出可以填入空白处的最佳选项。
注意：此题除了打此标签，还需要打“知识点-语篇体裁”以及“知识点-语篇主题”",否,,,,,,,,,,,,,,,,,,,,,,,,,,,,,,,,,,,,,
题型->阅读理解->阅读问答,文章后有若干小题，均为“简答题”，带有作答横线，小题标签全部打此标签，大题除此标签，还需要打“知识点-语篇体裁”以及“知识点-语篇主题”,文章后有若干小题，均为“简答题”，带有作答横线，小题标签全部打此标签，大题除此标签，还需要打“知识点-语篇体裁”以及“知识点-语篇主题”,否,,,,,,,,,,,,,,,,,,,,,,,,,,,,,,,,,,,,,
题型->阅读理解->阅读填表,"文章后有一个表格，表格中挖了若干空，要求根据原文内容填写词，短语或句子
经典提问方式：根据短文内容，完成图表中所缺信息。
注意：此题除了打此标签，还需要打“知识点-语篇体裁”以及“知识点-语篇主题”","文章后有一个表格，表格中挖了若干空，要求根据原文内容填写词，短语或句子
经典提问方式：根据短文内容，完成图表中所缺信息。
注意：此题除了打此标签，还需要打“知识点-语篇体裁”以及“知识点-语篇主题”",否,,,,,,,,,,,,,,,,,,,,,,,,,,,,,,,,,,,,,
题型->阅读理解->阅读判断,"文章后有若干句子，要求根据文章内容判断表述正确或错误
经典提问方式：阅读下面的材料，判断下列句子是否符合短文内容。符合的填涂“T”，不符合的填涂“F”。（T=True，F=False）
注意：此题除了打此标签，还需要打“知识点-语篇体裁”以及“知识点-语篇主题”","文章后有若干句子，要求根据文章内容判断表述正确或错误
经典提问方式：阅读下面的材料，判断下列句子是否符合短文内容。符合的填涂“T”，不符合的填涂“F”。（T=True，F=False）
注意：此题除了打此标签，还需要打“知识点-语篇体裁”以及“知识点-语篇主题”",否,,,,,,,,,,,,,,,,,,,,,,,,,,,,,,,,,,,,,
题型->阅读理解->其他任务型阅读->任务型阅读（综合）,这个当时是为了承接其他题库过来的无法映射的题目，专门设置的标签，新题不用打,这个当时是为了承接其他题库过来的无法映射的题目，专门设置的标签，新题不用打,否,,,,,,,,,,,,,,,,,,,,,,,,,,,,,,,,,,,,,
题型->阅读理解->其他任务型阅读->阅读排序,"要求将打乱顺序的段落、句子或事件按逻辑顺序重新排列，使其成为一篇连贯、通顺的文章。考查学生对语篇结构、逻辑顺序和时间顺序的理解。
注意：此题除了打此标签，还需要打“知识点-语篇体裁”以及“知识点-语篇主题”；另外，阅读选择的小题也会有排序题，但是不打此标签","要求将打乱顺序的段落、句子或事件按逻辑顺序重新排列，使其成为一篇连贯、通顺的文章。考查学生对语篇结构、逻辑顺序和时间顺序的理解。
注意：此题除了打此标签，还需要打“知识点-语篇体裁”以及“知识点-语篇主题”；另外，阅读选择的小题也会有排序题，但是不打此标签",否,"根据 Ann 的事故经过，将下列句子按正确顺序排列，将序号填在横线上。
A. Ann dropped her basketball and raced to get it on the street.
B. Ann and James were on their way to an early basketball practice.
C. Mrs Andrews shouted to the girl to stop her, but she didn’t hear.
D. Ann was hit by a car because the car couldn’t stop in time on the icy street.
E. The driver, Bill Morin, called an ambulance.
F. Mr Morin stopped traffic on the road until the ambulance came.
G. The ambulance took both students to the hospital.
正确顺序： (1) → (2) → (3) → (4) → (5) → (6) → (7)",,,,,,,,,,,,,,,,,,,,,,,,,,,,,,,,,,,,
题型->阅读理解->其他任务型阅读->阅读匹配,"题干关键词：配对阅读。
经典提问方式：配对阅读。左栏是五个人的饮食习惯，右栏是医生的七条建议。请为每个人匹配对应的建议。选项中有两项为多余项。
注意：此题型和“阅读还原”比较像，主要看题目展示形式，如果是左栏右栏的形式，则打此标签；另，此题也需要打“知识点-语篇体裁”以及“知识点-语篇主题”","题干关键词：配对阅读。
经典提问方式：配对阅读。左栏是五个人的饮食习惯，右栏是医生的七条建议。请为每个人匹配对应的建议。选项中有两项为多余项。
注意：此题型和“阅读还原”比较像，主要看题目展示形式，如果是左栏右栏的形式，则打此标签；另，此题也需要打“知识点-语篇体裁”以及“知识点-语篇主题”",否,,,,,,,,,,,,,,,,,,,,,,,,,,,,,,,,,,,,,
题型->阅读理解->其他任务型阅读->阅读填空,此题型属于最初映射的兜底题型，所以，如果阅读理解题型中涉及到填空，但是其他标签都打不上，可以打这个标签，新题基本不用打,此题型属于最初映射的兜底题型，所以，如果阅读理解题型中涉及到填空，但是其他标签都打不上，可以打这个标签，新题基本不用打,否,,,,,,,,,,,,,,,,,,,,,,,,,,,,,,,,,,,,,
题型->阅读理解->其他任务型阅读->阅读补全句子,"要求学生根据文章内容，将不完整的句子补充完整。通常给出句子的一部分（主语或前半句），需要补全剩余部分（谓语、宾语、状语等）。
注意：此题除了打此标签，还需要打“知识点-语篇体裁”以及“知识点-语篇主题”","要求学生根据文章内容，将不完整的句子补充完整。通常给出句子的一部分（主语或前半句），需要补全剩余部分（谓语、宾语、状语等）。
注意：此题除了打此标签，还需要打“知识点-语篇体裁”以及“知识点-语篇主题”",否,,,,,,,,,,,,,,,,,,,,,,,,,,,,,,,,,,,,,
题型->阅读理解->其他任务型阅读->阅读补全短文,"要求学生根据文章内容，将不完整的短文补充完整。通常短文中有若干空白，需要补全。
注意：此题除了打此标签，还需要打“知识点-语篇体裁”以及“知识点-语篇主题”","要求学生根据文章内容，将不完整的短文补充完整。通常短文中有若干空白，需要补全。
注意：此题除了打此标签，还需要打“知识点-语篇体裁”以及“知识点-语篇主题”",否,,,,,,,,,,,,,,,,,,,,,,,,,,,,,,,,,,,,,
题型->阅读理解->其他任务型阅读->阅读信息摘录,"要求学生根据文章内容，将不完整的图表（思维导图，脑图，流程图等）补充完整。通常图表中有若干空白，需要补全。
注意：此题除了打此标签，还需要打“知识点-语篇体裁”以及“知识点-语篇主题”","要求学生根据文章内容，将不完整的图表（思维导图，脑图，流程图等）补充完整。通常图表中有若干空白，需要补全。
注意：此题除了打此标签，还需要打“知识点-语篇体裁”以及“知识点-语篇主题”",否,,,,,,,,,,,,,,,,,,,,,,,,,,,,,,,,,,,,,
题型->阅读理解->其他任务型阅读->多任务阅读,若一篇文章后的小题包含了多个任务，包括简答，填表，判断等，则打此标签，此外也需要再打“知识点-语篇体裁”以及“知识点-语篇主题”,若一篇文章后的小题包含了多个任务，包括简答，填表，判断等，则打此标签，此外也需要再打“知识点-语篇体裁”以及“知识点-语篇主题”,否,,,,,,,,,,,,,,,,,,,,,,,,,,,,,,,,,,,,,
题型->书面表达->书面表达（综合）,这个当时是为了承接其他题库过来的无法映射的题目，专门设置的标签，新题不用打,这个当时是为了承接其他题库过来的无法映射的题目，专门设置的标签，新题不用打,否,,,,,,,,,,,,,,,,,,,,,,,,,,,,,,,,,,,,,
题型->书面表达->写作话题->写作：个人情况,"① 该标签所属题型必须为书面表达，常以自我介绍、写人记叙文或信件形式出现。
②常见关键词：自我介绍、姓名、年龄、生日、爱好、性格、家庭、梦想、学校、最喜欢的、日常作息、你/我的未来计划、介绍自己的家人或朋友
；self-introduction, name, age, birthday, hobby, personality, family, dream, school, favourite subject, daily routine, my friend, my family, my future plan
③一般围绕“自我介绍”展开，主题包括：个人基本信息（姓名、年龄、生日）、外貌与性格特征、家庭情况、兴趣爱好、特长与技能、学校生活（如最喜欢的学科）、未来梦想或职业规划
注意：如果写作题目覆盖两种话题，如个人情况+人物介绍，则两个题型标签都打","① 该标签所属题型必须为书面表达，常以自我介绍、写人记叙文或信件形式出现。
②常见关键词：自我介绍、姓名、年龄、生日、爱好、性格、家庭、梦想、学校、最喜欢的、日常作息、你/我的未来计划、介绍自己的家人或朋友
；self-introduction, name, age, birthday, hobby, personality, family, dream, school, favourite subject, daily routine, my friend, my family, my future plan
③一般围绕“自我介绍”展开，主题包括：个人基本信息（姓名、年龄、生日）、外貌与性格特征、家庭情况、兴趣爱好、特长与技能、学校生活（如最喜欢的学科）、未来梦想或职业规划
注意：如果写作题目覆盖两种话题，如个人情况+人物介绍，则两个题型标签都打",否,,,,,,,,,,,,,,,,,,,,,,,,,,,,,,,,,,,,,
题型->书面表达->写作话题->写作：家庭生活,"① 该标签所属题型必须为书面表达，常以自我介绍、写人记叙文或信件形式出现。
②常见关键词：你/我的家庭、家人、父母、兄弟姐妹、家务、晚餐时间、周末活动、家庭传统、我爱我家、家庭规则、与家人的相处、家庭旅行；my family, family members, parents, brother/sister, housework, dinner time, weekend activities, family tradition, I love my family, family rules, get along with, family trip
③该类作文通常围绕“家庭生活”展开，主题包括：家庭成员介绍（职业、外貌、性格）、家庭日常活动（一起吃饭、做家务、看电视）、周末或假期家庭安排（出游、拜访亲戚）、家庭氛围（温馨、和睦）、家庭责任（分担家务、照顾弟妹）、家庭传统
注意：如果写作题目覆盖多种话题，如家庭出游+节假日活动，则多个题型标签都打","① 该标签所属题型必须为书面表达，常以自我介绍、写人记叙文或信件形式出现。
②常见关键词：你/我的家庭、家人、父母、兄弟姐妹、家务、晚餐时间、周末活动、家庭传统、我爱我家、家庭规则、与家人的相处、家庭旅行；my family, family members, parents, brother/sister, housework, dinner time, weekend activities, family tradition, I love my family, family rules, get along with, family trip
③该类作文通常围绕“家庭生活”展开，主题包括：家庭成员介绍（职业、外貌、性格）、家庭日常活动（一起吃饭、做家务、看电视）、周末或假期家庭安排（出游、拜访亲戚）、家庭氛围（温馨、和睦）、家庭责任（分担家务、照顾弟妹）、家庭传统
注意：如果写作题目覆盖多种话题，如家庭出游+节假日活动，则多个题型标签都打",否,,,,,,,,,,,,,,,,,,,,,,,,,,,,,,,,,,,,,
题型->书面表达->写作话题->写作：人物介绍,"① 该标签所属题型必须为书面表达，常以记叙文、信件或人物传记形式出现
② 常见关键词：你/我的朋友、你/我的老师、你/我的偶像、你/我最敬佩的人、外貌、性格、品质、爱好、事迹、为什么尊敬、影响、榜样
；friend, teacher, idol, the person I admire most, appearance, personality, quality, hobby, achievement, why I respect, influence, role model
③ 该类作文通常围绕“人物介绍”展开，主题包括：被介绍人物的基本信息（身份、年龄、职业）、外貌特征、性格与品质（善良、勤奋、幽默等）、具体事迹或行为（帮助他人、努力奋斗等）、对该人物的情感与评价（为什么尊敬/喜欢）、该人物对自己的影响或启发，文章常使用第三人称
注意：如果写作题目覆盖多种话题，则多个题型标签都打","① 该标签所属题型必须为书面表达，常以记叙文、信件或人物传记形式出现
② 常见关键词：你/我的朋友、你/我的老师、你/我的偶像、你/我最敬佩的人、外貌、性格、品质、爱好、事迹、为什么尊敬、影响、榜样
；friend, teacher, idol, the person I admire most, appearance, personality, quality, hobby, achievement, why I respect, influence, role model
③ 该类作文通常围绕“人物介绍”展开，主题包括：被介绍人物的基本信息（身份、年龄、职业）、外貌特征、性格与品质（善良、勤奋、幽默等）、具体事迹或行为（帮助他人、努力奋斗等）、对该人物的情感与评价（为什么尊敬/喜欢）、该人物对自己的影响或启发，文章常使用第三人称
注意：如果写作题目覆盖多种话题，则多个题型标签都打",否,,,,,,,,,,,,,,,,,,,,,,,,,,,,,,,,,,,,,
题型->书面表达->写作话题->写作：日常生活,"① 该标签所属题型必须为书面表达，常以记叙文、日记、信件或看图作文形式出现
② 常见关键词：你/我的日常、一天的生活、起床、上学、放学、吃饭、做作业、看电视、睡觉、周末活动、业余时间、帮忙做家务、作息时间表
；daily life, a typical day, get up, go to school, after school, have meals, do homework, watch TV, go to bed, weekend activities, free time, help with housework, daily routine
③ 该类作文通常围绕“日常生活”展开，主题包括：平日的作息安排（起床、上学、上课、放学、做作业、睡觉）、三餐情况、放学后的活动（运动、阅读、看电视）、周末或假期的不同安排、做家务的情况、业余爱好的时间分配
注意：如果写作题目覆盖多种话题，则多个题型标签都打","① 该标签所属题型必须为书面表达，常以记叙文、日记、信件或看图作文形式出现
② 常见关键词：你/我的日常、一天的生活、起床、上学、放学、吃饭、做作业、看电视、睡觉、周末活动、业余时间、帮忙做家务、作息时间表
；daily life, a typical day, get up, go to school, after school, have meals, do homework, watch TV, go to bed, weekend activities, free time, help with housework, daily routine
③ 该类作文通常围绕“日常生活”展开，主题包括：平日的作息安排（起床、上学、上课、放学、做作业、睡觉）、三餐情况、放学后的活动（运动、阅读、看电视）、周末或假期的不同安排、做家务的情况、业余爱好的时间分配
注意：如果写作题目覆盖多种话题，则多个题型标签都打",否,,,,,,,,,,,,,,,,,,,,,,,,,,,,,,,,,,,,,
题型->书面表达->写作话题->写作：学校生活,"① 该标签所属题型必须为书面表达，常以记叙文、日记、信件或演讲稿形式出现。
② 常见关键词：你/我的学校、校园、老师、同学、课堂、课间、最喜欢的科目、社团活动、运动会、考试、午餐时间、校规、难忘的经历、学习压力、友谊
；my school, campus, teacher, classmate, class, break time, favourite subject, club activity, sports meet, exam, lunch time, school rules, unforgettable experience, study pressure, friendship
③ 该类作文通常围绕“学校生活”展开，主题包括：学校环境与设施（教学楼、图书馆、操场）、日常学习生活（上课、作业、考试）、师生关系与同学友谊、课外活动（社团、运动会、艺术节）、校园规则与习惯、在校难忘的经历或趣事、学习中的困难与收获
注意：如果写作题目覆盖多种话题，则多个题型标签都打","① 该标签所属题型必须为书面表达，常以记叙文、日记、信件或演讲稿形式出现。
② 常见关键词：你/我的学校、校园、老师、同学、课堂、课间、最喜欢的科目、社团活动、运动会、考试、午餐时间、校规、难忘的经历、学习压力、友谊
；my school, campus, teacher, classmate, class, break time, favourite subject, club activity, sports meet, exam, lunch time, school rules, unforgettable experience, study pressure, friendship
③ 该类作文通常围绕“学校生活”展开，主题包括：学校环境与设施（教学楼、图书馆、操场）、日常学习生活（上课、作业、考试）、师生关系与同学友谊、课外活动（社团、运动会、艺术节）、校园规则与习惯、在校难忘的经历或趣事、学习中的困难与收获
注意：如果写作题目覆盖多种话题，则多个题型标签都打",否,,,,,,,,,,,,,,,,,,,,,,,,,,,,,,,,,,,,,
题型->书面表达->写作话题->写作：节假日活动,"① 该标签所属题型必须为书面表达，常以记叙文、日记、信件或电子邮件形式出现
② 常见关键词：春节、中秋节、端午节、国庆节、寒假、暑假、假期计划、旅游、走亲访友、吃年夜饭、放鞭炮、看灯会、包粽子、划龙舟、家庭聚会、礼物、快乐时光
；Spring Festival, Mid-Autumn Festival, Dragon Boat Festival, National Day, winter vacation, summer vacation, holiday plan, travel, visit relatives and friends, family reunion dinner, set off firecrackers, watch lantern shows, make zongzi, dragon boat race, family gathering, gift, happy time
③ 该类作文通常围绕“节假日活动”展开，主题包括：对某个节假日的介绍（时间、由来、习俗）、假期期间的具体活动（旅游、聚餐、参加传统活动）、与家人或朋友共度的快乐时光、节假日带来的感受与意义
注意：如果写作题目覆盖多种话题，则多个题型标签都打","第三轮：最终的高密度结构化释义：① 常见题型：书面表达，常以记叙文、日记、信件、电子邮件形式出现；② 题干关键词：春节、中秋节、端午节、国庆节、寒假、暑假、假期计划、旅游、走亲访友、吃年夜饭、放鞭炮、看灯会、包粽子、划龙舟、家庭聚会、礼物、快乐时光；Spring Festival, Mid-Autumn Festival, Dragon Boat Festival, National Day, winter vacation, summer vacation, holiday plan, travel, visit relatives and friends, family reunion dinner, set off firecrackers, watch lantern shows, make zongzi, dragon boat race, family gathering, gift, happy time；③ 涉及考查知识点有：节假日介绍（时间、由来、习俗）、假期活动安排/经历书写、节假日相关情感与意义阐述；注意：若写作题目覆盖多种话题，需同时打多个对应题型标签。",否,,,,,,,,,,,,,,,,,,,,,,,,,,,,,,,,,,,,,
题型->书面表达->写作话题->写作：兴趣爱好,"① 该标签所属题型必须为书面表达，常以记叙文、日记、信件或自我介绍形式出现
② 常见关键词：你/我的爱好、喜欢做什么、空闲时间、阅读、听音乐、画画、运动、弹钢琴、集邮、摄影、下棋、养宠物、手工制作、为什么喜欢、从中学到什么
；my hobby, like doing, free time, reading, listening to music, drawing, sports, play the piano, collect stamps, photography, play chess, keep pets, DIY, why I like it, learn from it

③ 该类作文通常围绕“兴趣爱好”展开，主题包括：某项爱好的具体内容（做什么、何时做、多久做一次）、爱上这项爱好的原因或契机、从事爱好过程中的经历或趣事、爱好带来的收获与成长（技能、友谊、快乐等）、未来对爱好的坚持或发展
注意：如果写作题目覆盖多种话题，则多个题型标签都打","① 该标签所属题型必须为书面表达，常以记叙文、日记、信件或自我介绍形式出现
② 常见关键词：你/我的爱好、喜欢做什么、空闲时间、阅读、听音乐、画画、运动、弹钢琴、集邮、摄影、下棋、养宠物、手工制作、为什么喜欢、从中学到什么
；my hobby, like doing, free time, reading, listening to music, drawing, sports, play the piano, collect stamps, photography, play chess, keep pets, DIY, why I like it, learn from it

③ 该类作文通常围绕“兴趣爱好”展开，主题包括：某项爱好的具体内容（做什么、何时做、多久做一次）、爱上这项爱好的原因或契机、从事爱好过程中的经历或趣事、爱好带来的收获与成长（技能、友谊、快乐等）、未来对爱好的坚持或发展
注意：如果写作题目覆盖多种话题，则多个题型标签都打",否,,,,,,,,,,,,,,,,,,,,,,,,,,,,,,,,,,,,,
题型->书面表达->写作话题->写作：购物,"① 该标签所属题型必须为书面表达，常以记叙文、日记、信件出现
② 常见关键词：购物、商场、超市、网上购物、买礼物、价格、颜色、尺寸、打折、付款、退货、购物清单、购物体验、最喜欢的商店
；shopping, mall, supermarket, online shopping, buy gifts, price, color, size, discount, pay, return, shopping list, shopping experience, favourite shop

③ 该类作文通常围绕“购物”展开，主题包括：购物的地点（实体店或网店）、购买的商品（如衣服、礼物、日用品）、购物过程中的选择与比较（价格、款式、质量）、与他人的交流（询问店员、与朋友一起购物）、购物后的感受（满意、后悔、划算）、理性消费或网络购物的利弊
注意：如果写作题目覆盖多种话题，则多个题型标签都打","① 该标签所属题型必须为书面表达，常以记叙文、日记、信件出现
② 常见关键词：购物、商场、超市、网上购物、买礼物、价格、颜色、尺寸、打折、付款、退货、购物清单、购物体验、最喜欢的商店
；shopping, mall, supermarket, online shopping, buy gifts, price, color, size, discount, pay, return, shopping list, shopping experience, favourite shop

③ 该类作文通常围绕“购物”展开，主题包括：购物的地点（实体店或网店）、购买的商品（如衣服、礼物、日用品）、购物过程中的选择与比较（价格、款式、质量）、与他人的交流（询问店员、与朋友一起购物）、购物后的感受（满意、后悔、划算）、理性消费或网络购物的利弊
注意：如果写作题目覆盖多种话题，则多个题型标签都打",否,,,,,,,,,,,,,,,,,,,,,,,,,,,,,,,,,,,,,
题型->书面表达->写作话题->写作：饮食,"① 该标签所属题型必须为书面表达，常以记叙文、日记、信件出现
② 常见关键词：饮食、一日三餐、早餐、午餐、晚餐、最喜欢的食物、水果、蔬菜、肉类、饮料、健康饮食、快餐、零食、饮食习惯、做饭、餐厅、点餐；diet, three meals a day, breakfast, lunch, dinner, favourite food, fruit, vegetables, meat, drinks, healthy eating, fast food, snacks, eating habit, cook, restaurant, order food
③ 该类作文通常围绕“饮食”展开，主题包括：一日三餐的具体内容（吃什么、喝什么）、最喜欢的食物或饮品、健康的饮食习惯（多吃蔬菜水果、少吃垃圾食品）、自己动手做饭的经历、外出就餐或点餐的情景、饮食与文化（如春节吃饺子）、对饮食的看法（保持健康、享受美食）
注意：如果写作题目覆盖多种话题，则多个题型标签都打","① 该标签所属题型必须为书面表达，常以记叙文、日记、信件出现
② 常见关键词：饮食、一日三餐、早餐、午餐、晚餐、最喜欢的食物、水果、蔬菜、肉类、饮料、健康饮食、快餐、零食、饮食习惯、做饭、餐厅、点餐；diet, three meals a day, breakfast, lunch, dinner, favourite food, fruit, vegetables, meat, drinks, healthy eating, fast food, snacks, eating habit, cook, restaurant, order food
③ 该类作文通常围绕“饮食”展开，主题包括：一日三餐的具体内容（吃什么、喝什么）、最喜欢的食物或饮品、健康的饮食习惯（多吃蔬菜水果、少吃垃圾食品）、自己动手做饭的经历、外出就餐或点餐的情景、饮食与文化（如春节吃饺子）、对饮食的看法（保持健康、享受美食）
注意：如果写作题目覆盖多种话题，则多个题型标签都打",否,,,,,,,,,,,,,,,,,,,,,,,,,,,,,,,,,,,,,
题型->书面表达->写作话题->写作：安全与健康,"① 该标签所属题型必须为书面表达，常以倡议书、建议信、演讲稿或记叙文形式出现
② 常见关键词：安全、健康、交通规则、过马路、戴头盔、校园安全、食品安全、运动安全、居家安全、健康饮食、体育锻炼、早睡早起、生病、预防流感、急救、保护自己
；safety, health, traffic rules, cross the road, wear a helmet, campus safety, food safety, sports safety, home safety, healthy diet, physical exercise, early to bed and early to rise, get ill, prevent the flu, first aid, protect oneself
③ 该类作文通常围绕“安全与健康”展开，主题包括：安全方面的注意事项（交通、校园、居家、网络等）、遵守安全规则的重要性、健康的生活方式（合理饮食、充足睡眠、适度运动）、疾病预防与保持卫生、意外发生时的应对措施、对安全与健康的看法或建议
注意：如果写作题目覆盖多种话题，则多个题型标签都打","① 该标签所属题型必须为书面表达，常以倡议书、建议信、演讲稿或记叙文形式出现
② 常见关键词：安全、健康、交通规则、过马路、戴头盔、校园安全、食品安全、运动安全、居家安全、健康饮食、体育锻炼、早睡早起、生病、预防流感、急救、保护自己
；safety, health, traffic rules, cross the road, wear a helmet, campus safety, food safety, sports safety, home safety, healthy diet, physical exercise, early to bed and early to rise, get ill, prevent the flu, first aid, protect oneself
③ 该类作文通常围绕“安全与健康”展开，主题包括：安全方面的注意事项（交通、校园、居家、网络等）、遵守安全规则的重要性、健康的生活方式（合理饮食、充足睡眠、适度运动）、疾病预防与保持卫生、意外发生时的应对措施、对安全与健康的看法或建议
注意：如果写作题目覆盖多种话题，则多个题型标签都打",否,,,,,,,,,,,,,,,,,,,,,,,,,,,,,,,,,,,,,
题型->书面表达->写作话题->写作：学习,"① 该标签所属题型必须为书面表达，常以建议信、经验分享、演讲稿、记叙文或日记形式出现
② 常见关键词：学习方法、学习习惯、时间管理、预习、复习、做笔记、错题本、请教老师、小组学习、考试准备、学习压力、提高成绩、克服困难、自律、学习计划
；learning methods, study habits, time management, preview, review, take notes, mistake notebook, ask teachers for help, group study, exam preparation, study pressure, improve grades, overcome difficulties, self-discipline, study plan
③ 该类作文通常围绕“学习”展开，主题包括：自己的学习方法与技巧（如何记笔记、如何复习）、学习习惯的培养（按时完成作业、合理安排时间）、应对学习困难或压力的经验、备考策略与心态调整、对某种学习方式（如小组学习、在线学习）的看法、学习带来的成长与收获
注意：如果写作题目覆盖多种话题，则多个题型标签都打",第三轮：最终的高密度结构化释义。① 常见题型：书面表达（建议信、经验分享、演讲稿、记叙文、日记）；② 题干关键词：中文：学习方法、学习习惯、时间管理、预习、复习、做笔记、错题本、请教老师、小组学习、考试准备、学习压力、提高成绩、克服困难、自律、学习计划；英文：learning methods、study habits、time management、preview、review、take notes、mistake notebook、ask teachers for help、group study、exam preparation、study pressure、improve grades、overcome difficulties、self-discipline、study plan；③ 涉及考查知识点有：学习方法与技巧写作、学习习惯培养写作、学习困难及压力应对经验写作、备考策略与心态调整写作、学习方式观点论述、学习成长收获写作；注意：写作题目覆盖多种话题时，需同时打多个对应题型标签,否,,,,,,,,,,,,,,,,,,,,,,,,,,,,,,,,,,,,,
题型->书面表达->写作话题->写作：计划与愿望,"① 该标签所属题型必须为书面表达，常以计划书、信件、日记或演讲稿形式出现
② 常见关键词：计划、愿望、新年计划、假期计划、未来打算、梦想、目标、你/我想成为、你/我希望、努力学习、旅行计划、提高成绩、锻炼身体、学习新技能、帮助他人、实现梦想
；plan, wish, New Year‘s resolution, holiday plan, future plan, dream, goal, I want to be, I hope, study hard, travel plan, improve grades, exercise, learn a new skill, help others, realize my dream
③ 该类作文通常围绕“计划与愿望”展开，主题包括：短期或长期的具体计划（假期安排、学习目标、技能提升）、对未来的愿望或梦想（职业、生活）、为实现计划或愿望将要采取的行动（每天练习、合理作息）、计划或愿望背后的原因（兴趣、榜样、家庭期望）、对实现目标的态度与决心
注意：如果写作题目覆盖多种话题，则多个题型标签都打","① 该标签所属题型必须为书面表达，常以计划书、信件、日记或演讲稿形式出现
② 常见关键词：计划、愿望、新年计划、假期计划、未来打算、梦想、目标、你/我想成为、你/我希望、努力学习、旅行计划、提高成绩、锻炼身体、学习新技能、帮助他人、实现梦想
；plan, wish, New Year‘s resolution, holiday plan, future plan, dream, goal, I want to be, I hope, study hard, travel plan, improve grades, exercise, learn a new skill, help others, realize my dream
③ 该类作文通常围绕“计划与愿望”展开，主题包括：短期或长期的具体计划（假期安排、学习目标、技能提升）、对未来的愿望或梦想（职业、生活）、为实现计划或愿望将要采取的行动（每天练习、合理作息）、计划或愿望背后的原因（兴趣、榜样、家庭期望）、对实现目标的态度与决心
注意：如果写作题目覆盖多种话题，则多个题型标签都打",否,,,,,,,,,,,,,,,,,,,,,,,,,,,,,,,,,,,,,
题型->书面表达->写作话题->写作：情感与情绪,"① 该标签所属题型必须为书面表达，常以日记、信件、记叙文形式出现
② 常见关键词：快乐、悲伤、愤怒、害怕、紧张、感动、孤独、感激、失望、自豪、情绪管理、如何表达、为什么会有这种感觉、如何处理负面情绪、向谁倾诉、难忘的经历
；happiness, sadness, anger, fear, nervous, touched, lonely, grateful, disappointed, proud, emotion management, how to express, why feel this way, how to deal with negative feelings, who to talk to, unforgettable experience
③ 该类作文通常围绕“情感与情绪”展开，主题包括：某种具体情绪的产生原因（如考试紧张、朋友离别悲伤）、面对情绪时的行为与想法、如何调节或表达自己的情绪（向家人倾诉、写日记、运动）、他人帮助带来的温暖与感动、对情绪的理解与成长
注意：如果写作题目覆盖多种话题，则多个题型标签都打","① 该标签所属题型必须为书面表达，常以日记、信件、记叙文形式出现
② 常见关键词：快乐、悲伤、愤怒、害怕、紧张、感动、孤独、感激、失望、自豪、情绪管理、如何表达、为什么会有这种感觉、如何处理负面情绪、向谁倾诉、难忘的经历
；happiness, sadness, anger, fear, nervous, touched, lonely, grateful, disappointed, proud, emotion management, how to express, why feel this way, how to deal with negative feelings, who to talk to, unforgettable experience
③ 该类作文通常围绕“情感与情绪”展开，主题包括：某种具体情绪的产生原因（如考试紧张、朋友离别悲伤）、面对情绪时的行为与想法、如何调节或表达自己的情绪（向家人倾诉、写日记、运动）、他人帮助带来的温暖与感动、对情绪的理解与成长
注意：如果写作题目覆盖多种话题，则多个题型标签都打",否,,,,,,,,,,,,,,,,,,,,,,,,,,,,,,,,,,,,,
题型->书面表达->写作话题->写作：观点态度,"① 该标签所属题型必须为书面表达，常以议论文、观点表达类作文、建议信、评论或演讲稿形式出现
② 常见关键词：你/我认为、你/我的观点、赞成、反对、同意、不同意、优点、缺点、利弊、为什么、建议、应该、不应该、在你/我看来、我认为很重要、你/我觉得有必要、你/我的看法是、对……的看法、如何看待
；I think, in my opinion, agree, disagree, advantages, disadvantages, pros and cons, why, suggestion, should, should not, it is important to, necessary to, my view on, how to see, attitude towards
③ 该类作文通常围绕“观点态度”展开，主题包括：对某个话题（如手机使用、网络游戏、校规、环保行为、课外班等）发表个人看法，明确表示赞成或反对，并给出理由；分析某事物的利弊（如网上购物的优缺点）；针对某个问题提出建议或解决方案；表达对某种现象（如压力、竞争、友谊）的态度与思考
注意：如果写作题目覆盖多种话题，则多个题型标签都打","第三轮：最终的高密度结构化释义。① 常见题型：书面表达，常考形式为议论文、观点表达类作文、建议信、评论、演讲稿；② 题干关键词：中文：你/我认为、你/我的观点、赞成、反对、同意、不同意、优点、缺点、利弊、为什么、建议、应该、不应该、在你/我看来、我认为很重要、你/我觉得有必要、你/我的看法是、对……的看法、如何看待；英文：I think, in my opinion, agree, disagree, advantages, disadvantages, pros and cons, why, suggestion, should, should not, it is important to, necessary to, my view on, how to see, attitude towards；③ 涉及考查知识点有：观点态度类写作，核心考点为个人观点及支撑理由阐述、事物利弊分析、问题建议或解决方案提出、特定现象态度与思考表达；注意：若写作题目覆盖多种话题，需同时打多个对应题型标签",否,,,,,,,,,,,,,,,,,,,,,,,,,,,,,,,,,,,,,
题型->书面表达->写作话题->写作：旅游景点,"① 该标签所属题型必须为书面表达，常以游记、日记、信件、景点介绍或宣传短文形式出现
② 常见关键词：旅游景点、名胜古迹、游玩、参观、风景、门票、交通、导游、拍照、纪念品、假期旅行、最难忘的地方、推荐一个好地方、景色优美、历史文化、当地人、旅行经历
；tourist attraction, place of interest, visit, sightseeing, scenery, ticket, transportation, tour guide, take photos, souvenir, holiday trip, the most unforgettable place, recommend a good place, beautiful view, history and culture, local people, travel experience
③ 该类作文通常围绕“旅游景点”展开，主题包括：介绍某个景点（名称、位置、特色）、景点的自然风光或人文历史、游玩过程中的所见所闻（活动、美食、建筑）、个人感受与收获（放松心情、增长见识）、为他人推荐某景点并说明理由
注意：如果写作题目覆盖多种话题，则多个题型标签都打",第三轮：最终的高密度结构化释义。① 常见题型：书面表达，常以游记、日记、信件、景点介绍、宣传短文形式出现；② 题干关键词：旅游景点、名胜古迹、游玩、参观、风景、门票、交通、导游、拍照、纪念品、假期旅行、最难忘的地方、推荐一个好地方、景色优美、历史文化、当地人、旅行经历；tourist attraction、place of interest、visit、sightseeing、scenery、ticket、transportation、tour guide、take photos、souvenir、holiday trip、the most unforgettable place、recommend a good place、beautiful view、history and culture、local people、travel experience；③ 涉及考查知识点有：景点介绍写作、景点自然风光/人文历史描述、游玩经历记叙、旅行个人感受表达、景点推荐理由撰写；注意：写作题目覆盖多种话题时，需同时打多个对应题型标签,否,,,,,,,,,,,,,,,,,,,,,,,,,,,,,,,,,,,,,
题型->书面表达->写作话题->写作：天气与气候,"① 该标签所属题型必须为书面表达，常以日记、信件、记叙文形式出现
② 常见关键词：天气、气候、晴天、阴天、下雨、下雪、刮风、气温、冷、热、温暖、凉爽、四季、春天、夏天、秋天、冬天、出行、穿衣、影响、最喜欢的季节、极端天气
；weather, climate, sunny, cloudy, rainy, snowy, windy, temperature, cold, hot, warm, cool, four seasons, spring, summer, autumn, winter, go out, dress, influence, favourite season, extreme weather
③ 该类作文通常围绕“天气与气候”展开，主题包括：描述某一天的天气情况（阴晴雨雪、气温高低）、天气对日常生活或活动的影响（出行、穿衣、心情）、介绍家乡或某地的四季气候特征、最喜欢的季节及其原因（可做的事、景色、感受）、极端天气（台风、暴雨）的经历与应对
注意：如果写作题目覆盖多种话题，则多个题型标签都打","① 该标签所属题型必须为书面表达，常以日记、信件、记叙文形式出现
② 常见关键词：天气、气候、晴天、阴天、下雨、下雪、刮风、气温、冷、热、温暖、凉爽、四季、春天、夏天、秋天、冬天、出行、穿衣、影响、最喜欢的季节、极端天气
；weather, climate, sunny, cloudy, rainy, snowy, windy, temperature, cold, hot, warm, cool, four seasons, spring, summer, autumn, winter, go out, dress, influence, favourite season, extreme weather
③ 该类作文通常围绕“天气与气候”展开，主题包括：描述某一天的天气情况（阴晴雨雪、气温高低）、天气对日常生活或活动的影响（出行、穿衣、心情）、介绍家乡或某地的四季气候特征、最喜欢的季节及其原因（可做的事、景色、感受）、极端天气（台风、暴雨）的经历与应对
注意：如果写作题目覆盖多种话题，则多个题型标签都打",否,,,,,,,,,,,,,,,,,,,,,,,,,,,,,,,,,,,,,
题型->书面表达->写作话题->写作：环境保护,"① 该标签所属题型必须为书面表达，常以倡议书、建议信、演讲稿、记叙文或看图作文形式出现
② 常见关键词：环境污染、环保意识、环保行为、生态保护、自然保护、可持续发展、垃圾分类、节约用水、节约用电、植树造林、减少污染、绿色出行、保护野生动物、低碳生活、雾霾、温室效应、回收利用
；environmental pollution, environmental awareness, environmental protection, ecological protection, nature conservation, sustainable development, waste sorting, save water, save electricity, plant trees, reduce pollution, green travel, protect wild animals, low-carbon life, smog, greenhouse effect, recycle
③ 该类作文通常围绕“环境保护”展开，主题包括：描述当前存在的环境问题（空气污染、水污染、垃圾围城、森林减少等）；分析造成环境问题的原因（人类活动、缺乏意识、过度开发等）；提出具体的环保行为建议（垃圾分类、节约水电、绿色出行、植树等）；呼吁人们提高环保意识、采取行动保护地球；介绍个人或集体参与的环保活动及感受
注意：如果写作题目覆盖多种话题，则多个题型标签都打","第三轮：最终的高密度结构化释义：
① 常见题型：书面表达，常以倡议书、建议信、演讲稿、记叙文、看图作文形式出现
② 题干关键词：环境污染、环保意识、环保行为、生态保护、自然保护、可持续发展、垃圾分类、节约用水、节约用电、植树造林、减少污染、绿色出行、保护野生动物、低碳生活、雾霾、温室效应、回收利用；environmental pollution, environmental awareness, environmental protection, ecological protection, nature conservation, sustainable development, waste sorting, save water, save electricity, plant trees, reduce pollution, green travel, protect wild animals, low-carbon life, smog, greenhouse effect, recycle
③ 涉及考查知识点有：环境保护主题书面表达写作，涵盖环境问题描述、环境问题原因分析、环保行为建议提出、环保行动呼吁、环保活动及感受写作
注意：非书面表达类题型不打此标签，若写作题目覆盖多种话题，则多个题型标签都打",否,,,,,,,,,,,,,,,,,,,,,,,,,,,,,,,,,,,,,
题型->书面表达->写作话题->写作：人际关系,"① 该标签所属题型必须为书面表达，常以建议信、道歉信、感谢信、日记或记叙文形式出现
② 常见关键词：人际关系、朋友、同学、老师、父母、相处、沟通、理解、尊重、信任、冲突、和解、帮助、分享、友谊、争吵、道歉、感谢、团队合作、如何处理矛盾
；relationships, friend, classmate, teacher, parent, get along with, communicate, understand, respect, trust, conflict, reconcile, help, share, friendship, quarrel, apologize, thank, teamwork, how to deal with disagreement
③ 该类作文通常围绕“人际关系”展开，主题包括：与家人、朋友、同学或老师之间的相处方式与感受；如何处理人际交往中的矛盾或误解（如争吵后的道歉与和解）；感谢他人的帮助或支持；描述一段珍贵的友谊或合作经历；对建立良好人际关系的建议（学会倾听、换位思考、尊重他人）
注意：如果写作题目覆盖多种话题，则多个题型标签都打","① 该标签所属题型必须为书面表达，常以建议信、道歉信、感谢信、日记或记叙文形式出现
② 常见关键词：人际关系、朋友、同学、老师、父母、相处、沟通、理解、尊重、信任、冲突、和解、帮助、分享、友谊、争吵、道歉、感谢、团队合作、如何处理矛盾
；relationships, friend, classmate, teacher, parent, get along with, communicate, understand, respect, trust, conflict, reconcile, help, share, friendship, quarrel, apologize, thank, teamwork, how to deal with disagreement
③ 该类作文通常围绕“人际关系”展开，主题包括：与家人、朋友、同学或老师之间的相处方式与感受；如何处理人际交往中的矛盾或误解（如争吵后的道歉与和解）；感谢他人的帮助或支持；描述一段珍贵的友谊或合作经历；对建立良好人际关系的建议（学会倾听、换位思考、尊重他人）
注意：如果写作题目覆盖多种话题，则多个题型标签都打",否,,,,,,,,,,,,,,,,,,,,,,,,,,,,,,,,,,,,,
题型->书面表达->写作话题->写作：交通,"① 该标签所属题型必须为书面表达，常以记叙文、日记、建议信、倡议书或看图作文形式出现
② 常见关键词：交通、出行方式、步行、骑自行车、乘公交、坐地铁、打车、开私家车、上学路上、交通规则、红绿灯、过马路、堵车、交通事故、绿色出行、安全第一、公共交通
；transportation, way to travel, walk, ride a bike, take a bus, take the subway, take a taxi, drive a car, on the way to school, traffic rules, traffic lights, cross the road, traffic jam, traffic accident, green travel, safety first, public transport
③ 该类作文通常围绕“交通”展开，主题包括：日常出行的方式与路线（如上学、购物、旅行）；遵守交通规则的重要性与具体做法（看红绿灯、走斑马线）；绿色出行的建议与意义（骑车、乘公交以减少污染）；描述一次交通经历或见闻（堵车、交通事故、暖心让座）；对交通问题的看法与改进建议
注意：如果写作题目覆盖多种话题，则多个题型标签都打","第三轮：最终的高密度结构化释义：① 常见题型：书面表达，包含记叙文、日记、建议信、倡议书、看图作文② 题干关键词：交通、出行方式、步行、骑自行车、乘公交、坐地铁、打车、开私家车、上学路上、交通规则、红绿灯、过马路、堵车、交通事故、绿色出行、安全第一、公共交通；transportation, way to travel, walk, ride a bike, take a bus, take the subway, take a taxi, drive a car, on the way to school, traffic rules, traffic lights, cross the road, traffic jam, traffic accident, green travel, safety first, public transport③ 涉及考查知识点有：交通主题写作，涵盖日常出行方式与路线描写、交通规则遵守的重要性及具体做法阐释、绿色出行的建议与意义说明、交通经历/见闻描述、交通问题的看法与改进建议阐述注意：若写作题目覆盖多种话题，需同时标注多个对应题型标签",否,,,,,,,,,,,,,,,,,,,,,,,,,,,,,,,,,,,,,
题型->书面表达->写作话题->写作：文娱体育,"① 该标签所属题型必须为书面表达，常以记叙文、日记、活动报道、倡议书或演讲稿形式出现
② 常见关键词：文娱活动、体育活动、运动会、比赛、篮球、足球、跑步、游泳、跳绳、唱歌、跳舞、绘画、书法、看电影、音乐会、才艺展示、社团、课外活动、锻炼身体、放松心情、团队合作、友谊第一
；recreational activities, sports activities, sports meet, competition, basketball, football, running, swimming, rope skipping, singing, dancing, painting, calligraphy, watch movies, concert, talent show, club, after-school activities, exercise, relax, teamwork, friendship first
③ 该类作文通常围绕“文娱体育”展开，主题包括：参加某项体育比赛或运动锻炼的经历与感受（如校运会、篮球赛）；参与文娱活动（如唱歌比赛、才艺展示、看电影）的乐趣与收获；介绍自己或他人的文体爱好与特长（如擅长跑步、喜欢绘画）；文娱体育活动对身心健康、团队合作能力、友谊的积极影响；学校或班级组织的文体活动描述与评价
注意：如果写作题目覆盖多种话题，则多个题型标签都打",第三轮：最终的高密度结构化释义。① 常见题型：书面表达，含记叙文、日记、活动报道、倡议书、演讲稿；② 题干关键词：文娱活动、体育活动、运动会、比赛、篮球、足球、跑步、游泳、跳绳、唱歌、跳舞、绘画、书法、看电影、音乐会、才艺展示、社团、课外活动、锻炼身体、放松心情、团队合作、友谊第一、recreational activities、sports activities、sports meet、competition、basketball、football、running、swimming、rope skipping、singing、dancing、painting、calligraphy、watch movies、concert、talent show、club、after-school activities、exercise、relax、teamwork、friendship first；③ 涉及考查知识点有：文娱体育类话题写作，具体考查：文体活动参与经历与感受、文娱活动参与乐趣与收获、个人/他人文体爱好与特长介绍、文娱体育活动对身心健康/团队合作/友谊的积极影响、学校/班级组织文体活动的描述与评价；注意：写作题目覆盖多种话题时，需同时标注多个对应题型标签。,否,,,,,,,,,,,,,,,,,,,,,,,,,,,,,,,,,,,,,
题型->书面表达->写作话题->写作：中华文化与传统,"① 该标签所属题型必须为书面表达，常以记叙文、说明文、倡议书、信件或节日介绍类短文形式出现
② 常见关键词：中华文化、传统文化、春节、中秋节、端午节、元宵节、龙舟节、饺子、月饼、粽子、灯笼、红包、春联、舞龙、剪纸、京剧、书法、茶道、武术、中医、四大发明、传统节日、习俗、传承、文化自信、讲好中国故事
；Chinese culture, traditional culture, Spring Festival, Mid-Autumn Festival, Dragon Boat Festival, Lantern Festival, dumplings, mooncakes, zongzi, lanterns, red envelopes, couplets, dragon dance, paper cutting, Peking opera, calligraphy, tea ceremony, kung fu, traditional festivals, customs, inherit, cultural confidence, tell Chinese stories well
③ 该类作文通常围绕“中华文化与传统”展开，主题包括：介绍一个中国传统节日（名称、时间、由来、习俗、食物、活动）；描述参与某项传统活动（包饺子、写春联、剪纸、看京剧）的经历与感受；阐述传承中华文化的重要性及具体做法（学习书法、过传统节日、向外国朋友介绍）；表达对中华文化的热爱与自豪感；结合具体人物或故事（如家乡的某种手工艺）展现文化魅力
注意：如果写作题目覆盖多种话题，则多个题型标签都打","第三轮：最终的高密度结构化释义。① 常见题型：英语书面表达，常以记叙文、说明文、倡议书、信件、节日介绍类短文形式出现；② 题干关键词：中华文化、传统文化、春节、中秋节、端午节、元宵节、龙舟节、饺子、月饼、粽子、灯笼、红包、春联、舞龙、剪纸、京剧、书法、茶道、武术、中医、四大发明、传统节日、习俗、传承、文化自信、讲好中国故事；Chinese culture, traditional culture, Spring Festival, Mid-Autumn Festival, Dragon Boat Festival, Lantern Festival, dumplings, mooncakes, zongzi, lanterns, red envelopes, couplets, dragon dance, paper cutting, Peking opera, calligraphy, tea ceremony, kung fu, traditional festivals, customs, inherit, cultural confidence, tell Chinese stories well；③ 涉及考查知识点有：中国传统节日介绍写作、传统活动参与经历与感受写作、中华文化传承重要性及具体做法写作、中华文化热爱与自豪感表达写作、中华文化魅力主题写作；注意：如果写作题目覆盖多种话题，则多个题型标签都打",否,,,,,,,,,,,,,,,,,,,,,,,,,,,,,,,,,,,,,
题型->书面表达->写作话题->写作：热点话题,"① 该标签所属题型必须为书面表达，常以记叙文、说明文出现
② 常见关键词：热点话题、社会热点、网络热议、人工智能、手机使用、短视频、网络游戏、在线学习、双减政策、劳动教育、环保热点、垃圾分类、低碳生活、食品安全、心理健康、校园欺凌、传统文化热、国潮、偶像崇拜、内卷、躺平、志愿服务、科技创新
；hot topic, social hot spot, internet buzz, artificial intelligence, mobile phone use, short videos, online games, online learning, double reduction policy, labor education, environmental hot topic, waste sorting, low-carbon life, food safety, mental health, school bullying, traditional culture craze, guochao, idol worship, involution, lying flat, volunteer service, technological innovation
③ 该类作文通常围绕当前社会关注的热点话题展开，主题包括：对某种新兴现象（如短视频、人工智能、国潮）的看法与评价；分析某个社会问题（如校园欺凌、内卷、心理健康）的原因与解决建议；讨论某项政策（如双减、垃圾分类、劳动教育）的影响与个人态度；参与志愿服务或公益活动的经历与感悟；呼吁关注环保、食品安全等公共议题
注意：如果写作题目覆盖多种话题，则多个题型标签都打",第三轮：最终高密度结构化释义：① 常见题型：书面表达（常以记叙文、说明文形式出现）；② 题干关键词：热点话题、社会热点、网络热议、人工智能、手机使用、短视频、网络游戏、在线学习、双减政策、劳动教育、环保热点、垃圾分类、低碳生活、食品安全、心理健康、校园欺凌、传统文化热、国潮、偶像崇拜、内卷、躺平、志愿服务、科技创新、hot topic、social hot spot、internet buzz、artificial intelligence、mobile phone use、short videos、online games、online learning、double reduction policy、labor education、environmental hot topic、waste sorting、low-carbon life、food safety、mental health、school bullying、traditional culture craze、guochao、idol worship、involution、lying flat、volunteer service、technological innovation；③ 涉及考查知识点有：社会热点类书面表达立意确定、新兴现象观点评价、社会问题原因与解决方案撰写、政策影响与个人态度表达、公益活动经历感悟抒发、公共议题呼吁类写作技巧；注意：写作题目覆盖多种话题则打多个对应题型标签,否,,,,,,,,,,,,,,,,,,,,,,,,,,,,,,,,,,,,,
题型->书面表达->写作话题->写作：历史与地理,"① 该标签所属题型必须为书面表达，常以说明文、游记形式出现
② 常见关键词：历史、地理、家乡、城市、国家、位置、面积、人口、河流、山脉、名胜古迹、历史人物、历史事件、朝代、文化遗址、博物馆、长城、故宫、黄河、长江、丝绸之路、首都、气候、物产、发展变化、过去与现在
；history, geography, hometown, city, country, location, area, population, river, mountain, historic site, historical figure, historical event, dynasty, cultural relic, museum, Great Wall, Forbidden City, Yellow River, Yangtze River, Silk Road, capital, climate, products, development and change, past and present
③ 该类作文通常围绕“历史与地理”展开，主题包括：介绍家乡或某座城市的地理位置、自然特征（河流、山脉、气候）、面积与人口；描述该地的名胜古迹或历史文化遗址；讲述当地著名的历史人物或重要历史事件；对比某地过去与现在的变化（城市建设、生活方式）；介绍某一历史时期或朝代的典型特征（如唐朝的文化）；表达对家乡或某地的热爱与自豪感
注意：如果写作题目覆盖多种话题，则多个题型标签都打","第三轮：最终的高密度结构化释义：①常见题型：书面表达（说明文、游记类写作）；②题干关键词：历史、地理、家乡、城市、国家、位置、面积、人口、河流、山脉、名胜古迹、历史人物、历史事件、朝代、文化遗址、博物馆、长城、故宫、黄河、长江、丝绸之路、首都、气候、物产、发展变化、过去与现在、history, geography, hometown, city, country, location, area, population, river, mountain, historic site, historical figure, historical event, dynasty, cultural relic, museum, Great Wall, Forbidden City, Yellow River, Yangtze River, Silk Road, capital, climate, products, development and change, past and present；③涉及考查知识点有：地域基础信息说明写作、历史文化类内容说明写作、地域发展今昔对比写作、爱乡爱地类情感表达写作；注意：若写作题目覆盖多种话题，需同时打多个对应题型标签，无明确不适用本标签的场景",否,,,,,,,,,,,,,,,,,,,,,,,,,,,,,,,,,,,,,
题型->书面表达->写作话题->写作：社会,"① 该标签所属题型必须为书面表达，常以议论文、观点表达类作文、建议信、倡议书形式出现
② 常见关键词：社会、社会现象、公益活动、志愿服务、社区服务、尊老爱幼、助人为乐、文明行为、公共秩序、遵守规则、社会责任、关爱他人、弱势群体、捐款、献血、环保行动、交通秩序、公共场所、排队、让座、拾金不昧、诚信、友善
；society, social phenomenon, public welfare, volunteer service, community service, respect the old and love the young, help others, civilized behavior, public order, obey rules, social responsibility, care for others, vulnerable groups, donate money, blood donation, environmental action, traffic order, public places, queue, offer seats, return lost money, honesty, kindness
③ 该类作文通常围绕“社会”展开，主题包括：描述身边的社会现象（如排队、让座、拾金不昧、不文明行为等）；参与志愿服务或公益活动的经历与感受（去敬老院、清理社区、捐款等）；分析社会问题（如公共秩序、诚信缺失、关爱弱势群体）并提出建议；阐述公民的社会责任与文明行为的重要性；表达对友善、互助、诚信等社会价值观的理解与倡导
注意：如果写作题目覆盖多种话题，则多个题型标签都打","第三轮：最终的高密度结构化释义如下：① 常见题型：书面表达（议论文、观点表达类作文、建议信、倡议书）；② 题干关键词：社会、社会现象、公益活动、志愿服务、社区服务、尊老爱幼、助人为乐、文明行为、公共秩序、遵守规则、社会责任、关爱他人、弱势群体、捐款、献血、环保行动、交通秩序、公共场所、排队、让座、拾金不昧、诚信、友善；society, social phenomenon, public welfare, volunteer service, community service, respect the old and love the young, help others, civilized behavior, public order, obey rules, social responsibility, care for others, vulnerable groups, donate money, blood donation, environmental action, traffic order, public places, queue, offer seats, return lost money, honesty, kindness；③ 涉及考查知识点有：社会现象描述、公益/志愿服务经历写作、社会问题分析及建议撰写、社会责任与文明行为重要性阐述、社会价值观理解与倡导；注意：非书面表达题型不打此标签；题干无上述对应关键词且主题不围绕社会类内容不打此标签；写作题目覆盖多种话题时可同时打多个对应题型标签",否,,,,,,,,,,,,,,,,,,,,,,,,,,,,,,,,,,,,,
题型->书面表达->写作话题->写作：文学艺术,"① 该标签所属题型必须为书面表达，常以读后感、观后感、影评、书评、人物介绍、记叙文或说明文形式出现
② 常见关键词：文学、艺术、书籍、小说、诗歌、散文、作家、诗人、画家、音乐家、作品、名著、读后感、观后感、电影、电视剧、绘画、书法、雕塑、音乐、歌曲、话剧、舞台剧、艺术节、美术馆、博物馆、文化演出、欣赏、创作、灵感、艺术价值
；literature, art, book, novel, poetry, essay, writer, poet, painter, musician, work, masterpiece, reading report, film review, movie, TV series, painting, calligraphy, sculpture, music, song, drama, art festival, art gallery, museum, cultural performance, appreciate, create, inspiration, artistic value
③ 该类作文通常围绕“文学艺术”展开，主题包括：介绍自己最喜欢的书籍、电影、绘画或音乐作品及其原因；描述某位作家、艺术家或作品对自己成长的影响；分享一次参观美术馆、博物馆、艺术节或观看演出的经历与感受；撰写读后感或观后感，分析作品的主题、人物或艺术特色；表达对某种艺术形式（如书法、国画、古典音乐）的理解与热爱；探讨文学艺术对个人情感、审美能力或创造力的启发作用
注意：如果写作题目覆盖多种话题，则多个题型标签都打","第三轮：最终的高密度结构化释义。① 常见题型：书面表达，包含读后感、观后感、影评、书评、人物介绍、记叙文、说明文；② 题干关键词：中文：文学、艺术、书籍、小说、诗歌、散文、作家、诗人、画家、音乐家、作品、名著、读后感、观后感、电影、电视剧、绘画、书法、雕塑、音乐、歌曲、话剧、舞台剧、艺术节、美术馆、博物馆、文化演出、欣赏、创作、灵感、艺术价值；英文：literature, art, book, novel, poetry, essay, writer, poet, painter, musician, work, masterpiece, reading report, film review, movie, TV series, painting, calligraphy, sculpture, music, song, drama, art festival, art gallery, museum, cultural performance, appreciate, create, inspiration, artistic value；③ 涉及考查知识点有：文学艺术类主题作文写作；注意：若写作题目覆盖多种话题，需同时打多个对应题型标签。",否,,,,,,,,,,,,,,,,,,,,,,,,,,,,,,,,,,,,,
题型->书面表达->写作话题->写作：西方文化,"① 该标签所属题型必须为书面表达，常以说明文、节日介绍、文化对比、信件或演讲稿形式出现
② 常见关键词：西方文化、圣诞节、感恩节、复活节、万圣节、情人节、西方节日、习俗、传统、礼物、圣诞老人、火鸡、南瓜灯、彩蛋、西方礼仪、餐桌礼仪、握手、拥抱、西方音乐、西方艺术、西方文学、中西方文化差异、文化交流、文化冲击
；Western culture, Christmas, Thanksgiving Day, Easter, Halloween, Valentine‘s Day, Western festivals, customs, traditions, gifts, Santa Claus, turkey, jack-o’-lantern, Easter eggs, Western manners, table manners, handshake, hug, Western music, Western art, Western literature, cultural differences, cultural exchange, culture shock
③ 该类作文通常围绕“西方文化”展开，主题包括：介绍一个西方传统节日（如圣诞节、感恩节）的日期、由来、习俗和庆祝活动；描述参与或了解西方节日（如万圣节做南瓜灯、复活节画彩蛋）的经历与感受；介绍西方的饮食文化（如感恩节火鸡）或社交礼仪（如握手、拥抱、餐桌礼仪）；对比中西方文化的异同（如节日习俗、家庭观念、沟通方式）；分享通过书籍、电影、课堂或交流活动接触西方文化的收获与思考
注意：如果写作题目覆盖多种话题，则多个题型标签都打",第三轮：最终的高密度结构化释义。① 常见题型：书面表达，常以说明文、节日介绍、文化对比、信件、演讲稿形式出现；② 题干关键词：西方文化、圣诞节、感恩节、复活节、万圣节、情人节、西方节日、习俗、传统、礼物、圣诞老人、火鸡、南瓜灯、彩蛋、西方礼仪、餐桌礼仪、握手、拥抱、西方音乐、西方艺术、西方文学、中西方文化差异、文化交流、文化冲击、Western culture、Christmas、Thanksgiving Day、Easter、Halloween、Valentine‘s Day、Western festivals、customs、traditions、gifts、Santa Claus、turkey、jack-o’-lantern、Easter eggs、Western manners、table manners、handshake、hug、Western music、Western art、Western literature、cultural differences、cultural exchange、culture shock；③ 涉及考查知识点有：西方传统节日知识考查、西方习俗与礼仪考查、中西方文化对比考查、西方文化相关主题写作输出；注意：若写作题目覆盖多种话题，需同时打多个对应题型标签，无其他明确的不打此标签的限制条件,否,,,,,,,,,,,,,,,,,,,,,,,,,,,,,,,,,,,,,
题型->书面表达->写作话题->写作：科普知识与现代技术,"① 该标签所属题型必须为书面表达，常以说明文、议论文、建议信、演讲稿或观点表达类作文形式出现
② 常见关键词：科普知识、现代技术、科技、互联网、智能手机、人工智能、机器人、大数据、云计算、虚拟现实、无人机、3D打印、网上购物、在线学习、社交媒体、科技改变生活、科技发展、利弊、影响、创新、未来科技
；popular science, modern technology, technology, Internet, smartphone, artificial intelligence (AI), robot, big data, cloud computing, virtual reality (VR), drone, 3D printing, online shopping, online learning, social media, technology changes life, technological development, advantages and disadvantages, influence, innovation, future technology
③ 该类作文通常围绕“科普知识与现代技术”展开，主题包括：介绍某一项现代科技（如人工智能、机器人、3D打印）的基本原理或应用；描述科技对日常生活、学习或工作方式的影响（如智能手机、互联网）；分析某种科技产品或技术（如网上购物、社交媒体、在线学习）的利与弊；表达对科技未来发展的看法或预测（如无人驾驶、虚拟现实）；分享自己使用科技产品的经历或感受；讨论如何正确、合理地使用科技（如控制手机使用时间、保护隐私）
注意：如果写作题目覆盖多种话题，则多个题型标签都打","第三轮：最终的高密度结构化释义。① 常见题型：书面表达，含说明文、议论文、建议信、演讲稿、观点表达类作文；② 题干关键词：科普知识、现代技术、科技、互联网、智能手机、人工智能、机器人、大数据、云计算、虚拟现实、无人机、3D打印、网上购物、在线学习、社交媒体、科技改变生活、科技发展、利弊、影响、创新、未来科技；popular science, modern technology, technology, Internet, smartphone, artificial intelligence (AI), robot, big data, cloud computing, virtual reality (VR), drone, 3D printing, online shopping, online learning, social media, technology changes life, technological development, advantages and disadvantages, influence, innovation, future technology；③ 涉及考查知识点有：现代科技原理与应用介绍写作、科技对生活学习工作的影响类写作、科技产品及技术利弊分析写作、科技未来发展看法与预测写作、科技产品使用经历感受写作、科技合理使用方案讨论写作；注意：若写作题目覆盖多种话题，需同时打多个对应题型标签。",否,,,,,,,,,,,,,,,,,,,,,,,,,,,,,,,,,,,,,
题型->书面表达->写作话题->写作：教育,"① 该标签所属题型必须为书面表达，常以议论文、建议信、演讲稿、观点表达或经验分享形式出现
② 常见关键词：教育、学校教育、家庭教育、老师、学生、课堂、学习方法、作业、考试、成绩、素质教育、应试教育、压力、减负、兴趣班、课外辅导、师生关系、家教、榜样、习惯、成长、批评与表扬
；education, school education, family education, teacher, student, classroom, learning methods, homework, exam, grades, quality education, exam-oriented education, pressure, burden reduction, interest class, tutoring, teacher-student relationship, family teaching, role model, habits, growth, criticism and praise
③ 该类作文通常围绕“教育”展开，主题包括：讨论学校教育或家庭教育中的某种现象（如作业量、考试压力、课外辅导）；分析某种教育方式（如素质教育vs应试教育、表扬vs批评）的利弊；对教育政策（如减负）的看法与建议；描述某位老师或家长对自己成长的影响；分享自己在学习习惯、时间管理或应对考试方面的经验；表达对理想教育的理解与期望
注意：如果写作题目覆盖多种话题，则多个题型标签都打","第三轮最终结构化释义：① 常见题型：书面表达，常以议论文、建议信、演讲稿、观点表达、经验分享形式出现；② 题干关键词：教育、学校教育、家庭教育、老师、学生、课堂、学习方法、作业、考试、成绩、素质教育、应试教育、压力、减负、兴趣班、课外辅导、师生关系、家教、榜样、习惯、成长、批评与表扬；education, school education, family education, teacher, student, classroom, learning methods, homework, exam, grades, quality education, exam-oriented education, pressure, burden reduction, interest class, tutoring, teacher-student relationship, family teaching, role model, habits, growth, criticism and praise；③ 涉及考查知识点有：教育类话题写作；注意：写作题目覆盖多种话题时需同时打多个对应题型标签，无明确不打此标签的排他性条件",否,,,,,,,,,,,,,,,,,,,,,,,,,,,,,,,,,,,,,
题型->书面表达->写作话题->写作：时代变迁,"① 该标签所属题型必须为书面表达，常以记叙文、对比类作文、书信或演讲稿形式出现
② 常见关键词：时代变迁、过去与现在、变化、发展、家乡变化、城市变化、生活方式变化、通讯方式、交通方式、住房条件、环境变化、科技发展、社会进步、回忆、对比、老照片、祖辈、父辈、我小时候、如今、未来展望
；changes of times, past and present, change, development, hometown changes, city changes, lifestyle changes, ways of communication, means of transport, housing conditions, environmental change, technological development, social progress, memory, contrast, old photos, grandparents, parents, when I was young, nowadays, future prospects
③ 该类作文通常围绕“时代变迁”展开，主题包括：对比过去与现在在某一方面的变化（如通讯方式从书信到手机、交通方式从自行车到地铁、住房条件从平房到楼房）；描述家乡或城市几十年来的发展（道路、建筑、环境、生活水平）；通过祖辈、父辈与自己三代人的生活对比，展现时代的进步；分析科技发展或社会进步给人们生活带来的利与弊；表达对时代变迁的感受（怀念、惊叹、感恩）或对未来的期待
注意：如果写作题目覆盖多种话题，则多个题型标签都打",第三轮：最终的高密度结构化释义。① 常见题型：书面表达，包含记叙文、对比类作文、书信、演讲稿；② 题干关键词：时代变迁、过去与现在、变化、发展、家乡变化、城市变化、生活方式变化、通讯方式、交通方式、住房条件、环境变化、科技发展、社会进步、回忆、对比、老照片、祖辈、父辈、我小时候、如今、未来展望、changes of times、past and present、change、development、hometown changes、city changes、lifestyle changes、ways of communication、means of transport、housing conditions、environmental change、technological development、social progress、memory、contrast、old photos、grandparents、parents、when I was young、nowadays、future prospects；③ 涉及考查知识点有：时代变迁类写作，含古今特定领域变化对比、家乡/城市发展描述、三代人生活对比展现时代进步、科技/社会进步对生活的利弊分析、时代变迁感受表达、未来展望写作；注意：写作题目覆盖多种话题时可同时打多个题型标签，无明确不打此标签的其他条件,否,,,,,,,,,,,,,,,,,,,,,,,,,,,,,,,,,,,,,
题型->书面表达->写作体裁->写作：记叙文,"① 该标签所属题型必须为书面表达
② 常见关键词：记叙文、叙述、写一件事、难忘的经历、第一次、那一天、一个有趣的故事、我的假期、一次旅行、帮助他人、意外发生、收获、成长、回忆、日记、游记；narrative, tell a story, an unforgettable experience, the first time, that day, an interesting story, my holiday, a trip, help others, accident, gain, growth, memory, diary, travel journal
③ 记叙文通常围绕讲述一个真实或虚构的故事展开，包括事件发生的时间、地点、人物、起因、经过和结果。要求情节完整、细节生动、情感真实，可按时间顺序或倒叙方式叙述。文章常用第一人称或第三人称，时态以一般过去时为主，结尾常有感悟或总结。常见主题包括：难忘的经历、第一次尝试、旅行见闻、助人故事、意外事件、节日回忆、成长瞬间等。","① 该标签所属题型必须为书面表达
② 常见关键词：记叙文、叙述、写一件事、难忘的经历、第一次、那一天、一个有趣的故事、我的假期、一次旅行、帮助他人、意外发生、收获、成长、回忆、日记、游记；narrative, tell a story, an unforgettable experience, the first time, that day, an interesting story, my holiday, a trip, help others, accident, gain, growth, memory, diary, travel journal
③ 记叙文通常围绕讲述一个真实或虚构的故事展开，包括事件发生的时间、地点、人物、起因、经过和结果。要求情节完整、细节生动、情感真实，可按时间顺序或倒叙方式叙述。文章常用第一人称或第三人称，时态以一般过去时为主，结尾常有感悟或总结。常见主题包括：难忘的经历、第一次尝试、旅行见闻、助人故事、意外事件、节日回忆、成长瞬间等。",否,,,,,,,,,,,,,,,,,,,,,,,,,,,,,,,,,,,,,
题型->书面表达->写作体裁->写作：说明文,"① 该标签所属题型必须为书面表达
② 常见关键词：说明文、介绍、描述、如何制作、使用方法、特点、功能、构成、原理、步骤、过程、位置、外观、用途、好处、原因、结果、对比、分类、定义
；expository writing, introduce, describe, how to make, how to use, features, functions, structure, principle, steps, process, location, appearance, uses, benefits, causes, effects, comparison, classification, definition
③ 说明文通常围绕客观解释或介绍某一事物、现象、过程或概念展开，重在清晰、准确地传递信息。要求语言简洁、逻辑有序，常按空间顺序（由内到外、由上到下）、时间顺序（制作步骤、发展过程）或逻辑顺序（分类、因果、对比）组织内容。文章常用第三人称，时态以一般现在时为主。常见主题包括：介绍某地（城市、学校、公园）、说明物品制作方法（如何包饺子、做风筝）、解释自然现象（为什么会有四季、彩虹形成）、描述事物用途与特点（手机的功能、图书馆的规则）等","第三轮：最终的高密度结构化释义。① 常见题型：书面表达；② 题干关键词：说明文、介绍、描述、如何制作、使用方法、特点、功能、构成、原理、步骤、过程、位置、外观、用途、好处、原因、结果、对比、分类、定义、expository writing, introduce, describe, how to make, how to use, features, functions, structure, principle, steps, process, location, appearance, uses, benefits, causes, effects, comparison, classification, definition；③ 涉及考查知识点有：说明文写作要求、说明顺序（空间顺序、时间顺序、逻辑顺序）运用、说明文写作用人称规范、说明文写作时态规范；注意：无明确说明",否,,,,,,,,,,,,,,,,,,,,,,,,,,,,,,,,,,,,,
题型->书面表达->写作体裁->写作：议论文,"① 该标签所属题型必须为书面表达
② 常见关键词：议论文、观点、看法、我认为、同意、反对、利弊、优点、缺点、原因、建议、应该、不应该、讨论、分析、论证、理由、结论、对比、选择；argumentative essay, opinion, view, I think, agree, disagree, advantages, disadvantages, reasons, suggestions, should, should not, discuss, analyze, argue, conclusion, compare, choose
③ 议论文通常围绕一个有争议性或可讨论的话题展开，要求作者明确提出自己的观点，并给出充分的理由和论据支持该观点。文章结构常为：开头引出话题并亮明观点，主体分段陈述理由（2-3点），结尾总结重申观点或提出建议。常用一般现在时，第一人称或第三人称均可。常见主题包括：是否应该带手机进校园、网上购物的利弊、是否应该做家务、如何看待考试压力、是否应该保护动物、是否应该学习传统文化等","① 该标签所属题型必须为书面表达
② 常见关键词：议论文、观点、看法、我认为、同意、反对、利弊、优点、缺点、原因、建议、应该、不应该、讨论、分析、论证、理由、结论、对比、选择；argumentative essay, opinion, view, I think, agree, disagree, advantages, disadvantages, reasons, suggestions, should, should not, discuss, analyze, argue, conclusion, compare, choose
③ 议论文通常围绕一个有争议性或可讨论的话题展开，要求作者明确提出自己的观点，并给出充分的理由和论据支持该观点。文章结构常为：开头引出话题并亮明观点，主体分段陈述理由（2-3点），结尾总结重申观点或提出建议。常用一般现在时，第一人称或第三人称均可。常见主题包括：是否应该带手机进校园、网上购物的利弊、是否应该做家务、如何看待考试压力、是否应该保护动物、是否应该学习传统文化等",否,,,,,,,,,,,,,,,,,,,,,,,,,,,,,,,,,,,,,
题型->书面表达->写作体裁->写作：应用文->写作：书信/电子邮件类,"① 该标签所属题型必须为书面表达，常以私人信件、感谢信、道歉信、邀请信、求助信、建议信、投诉信、祝贺信、电子邮件等形式出现。
② 常见关键词：写信、电子邮件、收信人、寄信人、亲爱的、你好、感谢、道歉、邀请、求助、建议、投诉、祝贺、期待回信、此致敬礼、写信目的、回复
；write a letter, email, dear, sincerely, thank you, apologize, invite, ask for help, suggest, complain, congratulate, look forward to, reply
③ 该类应用文通常围绕特定的交际目的展开，需包含称呼、正文、结束语和签名。正文内容根据信件类型不同而各异：感谢信（感谢帮助或礼物）、道歉信（说明原因并请求原谅）、邀请信（说明活动时间、地点）、求助信（描述困难并请求帮助）、建议信（针对问题提出建议）、投诉信（说明问题并要求解决）等。语言需符合写信人与收信人的关系（朋友间可随意，长辈或正式场合需礼貌）","① 该标签所属题型必须为书面表达，常以私人信件、感谢信、道歉信、邀请信、求助信、建议信、投诉信、祝贺信、电子邮件等形式出现。
② 常见关键词：写信、电子邮件、收信人、寄信人、亲爱的、你好、感谢、道歉、邀请、求助、建议、投诉、祝贺、期待回信、此致敬礼、写信目的、回复
；write a letter, email, dear, sincerely, thank you, apologize, invite, ask for help, suggest, complain, congratulate, look forward to, reply
③ 该类应用文通常围绕特定的交际目的展开，需包含称呼、正文、结束语和签名。正文内容根据信件类型不同而各异：感谢信（感谢帮助或礼物）、道歉信（说明原因并请求原谅）、邀请信（说明活动时间、地点）、求助信（描述困难并请求帮助）、建议信（针对问题提出建议）、投诉信（说明问题并要求解决）等。语言需符合写信人与收信人的关系（朋友间可随意，长辈或正式场合需礼貌）",否,,,,,,,,,,,,,,,,,,,,,,,,,,,,,,,,,,,,,
题型->书面表达->写作体裁->写作：应用文->写作：通知类,"① 该标签所属题型必须为书面表达，常以口头通知（Announcement）或书面通知（Notice）形式出现，如活动通知、会议通知、讲座通知、比赛通知、参观通知等形式出现
② 常见关键词：通知、请注意、全体同学、活动、讲座、会议、比赛、参观、时间、地点、参加者、要求、注意事项、迟到、报名、联系人、请准时
；Notice, Announcement, Attention please, All students, activity, lecture, meeting, competition, visit, time, place, participants, requirements, reminders, be late, sign up, contact, be on time
③ 该类应用文通常围绕告知某一具体活动或事项展开，需包含通知对象、事由、时间、地点、参加者要求、注意事项等核心信息。口头通知（Announcement）有称呼语（Boys and girls, Dear all）和结束语（That‘s all. Thank you），书面通知（Notice）上方居中写Notice或NOTICE，结尾常有发布单位与日期。语言简洁明了，时态以一般将来时（描述活动安排）和一般现在时（说明要求）为主。常见主题包括：运动会通知、春游通知、讲座通知、会议变更通知、志愿者招募通知","第三轮：最终的高密度结构化释义。①常见题型：书面表达（含口头通知Announcement、书面通知Notice两类写作题型）；②题干关键词：中文：通知、请注意、全体同学、活动、讲座、会议、比赛、参观、时间、地点、参加者、要求、注意事项、迟到、报名、联系人、请准时；英文：Notice, Announcement, Attention please, All students, activity, lecture, meeting, competition, visit, time, place, participants, requirements, reminders, be late, sign up, contact, be on time, Boys and girls, Dear all, That's all. Thank you；③涉及考查知识点有：通知类应用文核心信息要素撰写、口头通知格式规范、书面通知格式规范、通知类写作时态运用规则、通知类应用文语言表达要求；注意：无明确说明",否,,,,,,,,,,,,,,,,,,,,,,,,,,,,,,,,,,,,,
题型->书面表达->写作体裁->写作：应用文->写作：演讲稿,"① 该标签所属题型必须为书面表达，以竞选演讲、获奖感言、毕业致辞、主题演讲（如环保、梦想、感恩）、国旗下讲话等形式出现
② 常见关键词：演讲稿、演讲、大家好、今天我演讲的题目是、我认为、我相信、让我们一起、谢谢大家、竞选、班长、学生会、梦想、未来、环保、感恩、毕业、成功、坚持、努力、建议、呼吁
；speech, Hello everyone, Today my topic is, I believe, Let‘s, Thank you, run for, monitor, student council, dream, future, environment, gratitude, graduation, success, persistence, effort, suggestion, appeal
③ 演讲稿通常围绕某一明确的主题或目的展开，面向特定听众（同学、老师、评委），要求有称呼语、开场白、正文观点和结束语（致谢）。正文需逻辑清晰、有感染力，常使用排比、祈使句、反问等修辞手法。语言正式但富有激情，常用第一人称（I, we）和第二人称（you）。常见主题包括：竞选班干部（陈述优势与承诺）、主题演讲（如保护环境、珍惜时间、感恩父母、我的梦想）、毕业典礼致辞（回顾与展望）、获奖感言（感谢与鼓励）等","第三轮：最终的高密度结构化释义。① 常见题型：书面表达，包含竞选演讲、获奖感言、毕业致辞、主题演讲、国旗下讲话类写作题② 题干关键词：演讲稿、演讲、大家好、今天我演讲的题目是、我认为、我相信、让我们一起、谢谢大家、竞选、班长、学生会、梦想、未来、环保、感恩、毕业、成功、坚持、努力、建议、呼吁；speech, Hello everyone, Today my topic is, I believe, Let‘s, Thank you, run for, monitor, student council, dream, future, environment, gratitude, graduation, success, persistence, effort, suggestion, appeal③ 涉及考查知识点有：演讲稿格式（称呼语、开场白、正文、结束语/致谢）、演讲稿写作逻辑、演讲稿常用修辞手法（排比、祈使句、反问）、演讲稿语言风格（正式有感染力）、演讲稿人称使用规范、特定主题演讲稿写作要点注意：无明确说明",否,,,,,,,,,,,,,,,,,,,,,,,,,,,,,,,,,,,,,
题型->书面表达->写作体裁->写作：应用文->写作：倡议书,"① 该标签所属题型必须为书面表达，常以环保倡议、节约倡议、文明行为倡议、志愿服务倡议、健康生活倡议、学习倡议等形式出现
② 常见关键词：倡议书、倡议、号召、亲爱的同学们、让我们、行动起来、保护环境、节约用水、垃圾分类、绿色出行、文明礼貌、帮助他人、志愿服务、健康生活、努力学习、从身边做起、从现在做起；proposal, call on, Dear fellow students, Let‘s, take action, protect the environment, save water, waste sorting, green travel, be polite, help others, volunteer service, healthy life, study hard, start from now
③ 倡议书通常围绕某个需要大家共同参与或改进的公共议题展开，旨在号召听众采取一致行动。正文需说明倡议的背景与理由，提出具体可行的行动建议（2-3点），结尾发出呼吁并表达信心。语言有号召力、感染力，常用第一人称复数（we）和祈使句（Let’s...）。常见主题包括：保护环境（垃圾分类、低碳出行）、节约资源（光盘行动、节约用电）、文明校园（不说脏话、排队等候）、志愿服务（关爱老人、社区清扫）、健康生活（坚持锻炼、早睡早起）等",第三轮：最终的高密度结构化释义。①常见题型：倡议类书面表达；②题干关键词：倡议书、倡议、号召、亲爱的同学们、让我们、行动起来、保护环境、节约用水、垃圾分类、绿色出行、文明礼貌、帮助他人、志愿服务、健康生活、努力学习、从身边做起、从现在做起、proposal、call on、Dear fellow students、Let‘s、take action、protect the environment、save water、waste sorting、green travel、be polite、help others、volunteer service、healthy life、study hard、start from now；③涉及考查知识点有：倡议类应用文结构、倡议类应用文内容要求、倡议类应用文语言规范；注意：无明确说明,否,,,,,,,,,,,,,,,,,,,,,,,,,,,,,,,,,,,,,
题型->书面表达->写作体裁->写作：应用文->写作：报道,"① 该标签所属题型必须为书面表达，常以校园活动报道、比赛报道、讲座报道、志愿者活动报道、参观访问报道、新闻事件报道等形式出现
② 常见关键词：报道、校园活动、运动会、演讲比赛、英语角、义卖活动、春游、讲座、参观、志愿者活动、时间、地点、参与者、过程、精彩瞬间、意义、感受、为了、提高、丰富、锻炼
；report, school activity, sports meet, speech contest, English corner, charity sale, spring outing, lecture, visit, volunteer activity, time, place, participants, process, highlight, meaning, feeling
③ 报道通常围绕某一已发生的具体活动或事件展开，旨在客观、清晰地记录活动的时间、地点、参与者、过程及亮点。结构上常包含标题、导语（概述活动）、主体（按时间顺序描述经过，可加入细节或引语）、结语（评价活动意义或参与者感受）。语言简洁客观，常用第三人称，时态以一般过去时为主。常见主题包括：校运会赛况、演讲比赛结果、环保志愿活动、参观博物馆、英语角活动、义卖募捐等",第三轮：最终的高密度结构化释义。① 常见题型：书面表达（含校园活动报道、比赛报道、讲座报道、志愿者活动报道、参观访问报道、新闻事件报道类写作）；② 题干关键词：报道、校园活动、运动会、演讲比赛、英语角、义卖活动、春游、讲座、参观、志愿者活动、时间、地点、参与者、过程、精彩瞬间、意义、感受、为了、提高、丰富、锻炼、report、school activity、sports meet、speech contest、English corner、charity sale、spring outing、lecture、visit、volunteer activity、time、place、participants、process、highlight、meaning、feeling；③ 涉及考查知识点有：活动/事件报道的内容要素、篇章结构规范、人称使用规范、时态使用规范、语言风格要求；注意：1. 非书面表达题型不得打此标签；2. 写作主题不是围绕已发生的具体活动/事件的（如未举办活动的策划、通知、倡议书等）不得打此标签。,否,,,,,,,,,,,,,,,,,,,,,,,,,,,,,,,,,,,,,
题型->书面表达->写作体裁->写作：应用文->写作：启事,"① 该标签所属题型必须为书面表达，常以寻物启事、招领启事、招聘启事、征稿启事、活动招募启事等形式出现
② 常见关键词：启事、寻物、招领、招聘、征稿、招募、丢失、捡到、寻找、联系人、电话、请与我联系、酬谢、要求、报名、截止日期
；notice, Lost, Found, recruitment, call for papers, volunteer wanted, lost my..., found a..., contact, phone number, reward, requirements, deadline
③ 启事通常围绕发布公开信息以寻求帮助、招募人员或告知公众某一事项展开。寻物启事需说明丢失物品、时间、地点及联系方式；招领启事需描述捡到物品（不宜过于具体）及认领方式；招聘/招募启事需说明岗位要求、工作内容、报名方式及截止日期。语言简洁直接，信息完整","① 该标签所属题型必须为书面表达，常以寻物启事、招领启事、招聘启事、征稿启事、活动招募启事等形式出现
② 常见关键词：启事、寻物、招领、招聘、征稿、招募、丢失、捡到、寻找、联系人、电话、请与我联系、酬谢、要求、报名、截止日期
；notice, Lost, Found, recruitment, call for papers, volunteer wanted, lost my..., found a..., contact, phone number, reward, requirements, deadline
③ 启事通常围绕发布公开信息以寻求帮助、招募人员或告知公众某一事项展开。寻物启事需说明丢失物品、时间、地点及联系方式；招领启事需描述捡到物品（不宜过于具体）及认领方式；招聘/招募启事需说明岗位要求、工作内容、报名方式及截止日期。语言简洁直接，信息完整",否,,,,,,,,,,,,,,,,,,,,,,,,,,,,,,,,,,,,,
题型->书面表达->写作体裁->写作：应用文->写作：日记,"① 该标签所属题型必须为书面表达，常以个人日记形式出现，记录一天中的经历、感受或见闻
② 常见关键词：日记、日期、星期、天气、今天、早上、下午、晚上、我做了、我看到、我感到、难忘的一天、开心、难过、有趣、收获、反思
；diary, date, weather, today, in the morning, in the afternoon, in the evening, I did, I saw, I felt, an unforgettable day, happy, sad, interesting, gain, reflect
③ 日记通常围绕记录作者当天的真实经历与内心感受展开，按时间顺序记叙一件或几件印象深刻的事情。需包含日期、星期和天气。内容可包括学习生活、校园活动、家庭趣事、外出见闻、节日庆祝、情绪波动等。语言口语化、自然真实，常用第一人称，时态以一般过去时为主","① 该标签所属题型必须为书面表达，常以个人日记形式出现，记录一天中的经历、感受或见闻
② 常见关键词：日记、日期、星期、天气、今天、早上、下午、晚上、我做了、我看到、我感到、难忘的一天、开心、难过、有趣、收获、反思
；diary, date, weather, today, in the morning, in the afternoon, in the evening, I did, I saw, I felt, an unforgettable day, happy, sad, interesting, gain, reflect
③ 日记通常围绕记录作者当天的真实经历与内心感受展开，按时间顺序记叙一件或几件印象深刻的事情。需包含日期、星期和天气。内容可包括学习生活、校园活动、家庭趣事、外出见闻、节日庆祝、情绪波动等。语言口语化、自然真实，常用第一人称，时态以一般过去时为主",否,,,,,,,,,,,,,,,,,,,,,,,,,,,,,,,,,,,,,
题型->书面表达->写作体裁->写作：应用文->写作：其他应用文,这个当时是为了承接其他题库过来的无法映射的题目，专门设置的标签，新题不用打,这个当时是为了承接其他题库过来的无法映射的题目，专门设置的标签，新题不用打,否,,,,,,,,,,,,,,,,,,,,,,,,,,,,,,,,,,,,,
题型->特殊题型->语法填空->语法填空（综合）,"要求学生在一篇短文中根据上下文和语法规则，在空白处填入恰当的词语（可能给出提示词，也可能无提示），常见空格数量5-10空
经典提问方式：阅读短文，在空白处填入适当的词或括号内单词的正确形式。
注意：此题除了打此标签，还需要打“知识点-语篇体裁”以及“知识点-语篇主题”","要求学生在一篇短文中根据上下文和语法规则，在空白处填入恰当的词语（可能给出提示词，也可能无提示），常见空格数量5-10空
经典提问方式：阅读短文，在空白处填入适当的词或括号内单词的正确形式。
注意：此题除了打此标签，还需要打“知识点-语篇体裁”以及“知识点-语篇主题”",否,,,,,,,,,,,,,,,,,,,,,,,,,,,,,,,,,,,,,
题型->特殊题型->语法填空->语法填空（动词）,"要求学生在一篇短文中根据上下文和语法规则，在空白处填入恰当的词语（可能给出提示词，也可能无提示），常见空格数量5-10空，若目标词为动词，则打此标签
经典提问方式：阅读短文，在空白处填入适当的词或括号内单词的正确形式。","要求学生在一篇短文中根据上下文和语法规则，在空白处填入恰当的词语（可能给出提示词，也可能无提示），常见空格数量5-10空，若目标词为动词，则打此标签
经典提问方式：阅读短文，在空白处填入适当的词或括号内单词的正确形式。",否,,,,,,,,,,,,,,,,,,,,,,,,,,,,,,,,,,,,,
题型->特殊题型->语法填空->语法填空（名词）,"要求学生在一篇短文中根据上下文和语法规则，在空白处填入恰当的词语（可能给出提示词，也可能无提示），常见空格数量5-10空，若目标词为名词，则打此标签
经典提问方式：阅读短文，在空白处填入适当的词或括号内单词的正确形式。","要求学生在一篇短文中根据上下文和语法规则，在空白处填入恰当的词语（可能给出提示词，也可能无提示），常见空格数量5-10空，若目标词为名词，则打此标签
经典提问方式：阅读短文，在空白处填入适当的词或括号内单词的正确形式。",否,,,,,,,,,,,,,,,,,,,,,,,,,,,,,,,,,,,,,
题型->特殊题型->语法填空->语法填空（形容词/副词）,"要求学生在一篇短文中根据上下文和语法规则，在空白处填入恰当的词语（可能给出提示词，也可能无提示），常见空格数量5-10空，若目标词为形容词/副词，则打此标签
经典提问方式：阅读短文，在空白处填入适当的词或括号内单词的正确形式。","要求学生在一篇短文中根据上下文和语法规则，在空白处填入恰当的词语（可能给出提示词，也可能无提示），常见空格数量5-10空，若目标词为形容词/副词，则打此标签
经典提问方式：阅读短文，在空白处填入适当的词或括号内单词的正确形式。",否,,,,,,,,,,,,,,,,,,,,,,,,,,,,,,,,,,,,,
题型->特殊题型->语法填空->语法填空（连词）,"要求学生在一篇短文中根据上下文和语法规则，在空白处填入恰当的词语（可能给出提示词，也可能无提示），常见空格数量5-10空，若目标词为连词，则打此标签
经典提问方式：阅读短文，在空白处填入适当的词或括号内单词的正确形式。","要求学生在一篇短文中根据上下文和语法规则，在空白处填入恰当的词语（可能给出提示词，也可能无提示），常见空格数量5-10空，若目标词为连词，则打此标签
经典提问方式：阅读短文，在空白处填入适当的词或括号内单词的正确形式。",否,,,,,,,,,,,,,,,,,,,,,,,,,,,,,,,,,,,,,
题型->特殊题型->语法填空->语法填空（介词）,"要求学生在一篇短文中根据上下文和语法规则，在空白处填入恰当的词语（可能给出提示词，也可能无提示），常见空格数量5-10空，若目标词为介词，则打此标签
经典提问方式：阅读短文，在空白处填入适当的词或括号内单词的正确形式。","要求学生在一篇短文中根据上下文和语法规则，在空白处填入恰当的词语（可能给出提示词，也可能无提示），常见空格数量5-10空，若目标词为介词，则打此标签
经典提问方式：阅读短文，在空白处填入适当的词或括号内单词的正确形式。",否,,,,,,,,,,,,,,,,,,,,,,,,,,,,,,,,,,,,,
题型->特殊题型->语法填空->语法填空（代词）,"要求学生在一篇短文中根据上下文和语法规则，在空白处填入恰当的词语（可能给出提示词，也可能无提示），常见空格数量5-10空，若目标词为代词，则打此标签
经典提问方式：阅读短文，在空白处填入适当的词或括号内单词的正确形式。","要求学生在一篇短文中根据上下文和语法规则，在空白处填入恰当的词语（可能给出提示词，也可能无提示），常见空格数量5-10空，若目标词为代词，则打此标签
经典提问方式：阅读短文，在空白处填入适当的词或括号内单词的正确形式。",否,,,,,,,,,,,,,,,,,,,,,,,,,,,,,,,,,,,,,
题型->特殊题型->语法填空->语法填空（冠词）,"要求学生在一篇短文中根据上下文和语法规则，在空白处填入恰当的词语（可能给出提示词，也可能无提示），常见空格数量5-10空，若目标词为冠词，则打此标签
经典提问方式：阅读短文，在空白处填入适当的词或括号内单词的正确形式。","要求学生在一篇短文中根据上下文和语法规则，在空白处填入恰当的词语（可能给出提示词，也可能无提示），常见空格数量5-10空，若目标词为冠词，则打此标签
经典提问方式：阅读短文，在空白处填入适当的词或括号内单词的正确形式。",否,,,,,,,,,,,,,,,,,,,,,,,,,,,,,,,,,,,,,
题型->特殊题型->选词填空->选词填空（综合）,这个当时是为了承接其他题库过来的无法映射的题目，专门设置的标签，新题不用打,这个当时是为了承接其他题库过来的无法映射的题目，专门设置的标签，新题不用打,否,,,,,,,,,,,,,,,,,,,,,,,,,,,,,,,,,,,,,
题型->特殊题型->选词填空->选词填空（短文）,"要求学生在阅读一篇短文中，从方框中提供的多个单词或短语中，选出合适的选项填入文中的空白处。短文中有若干空白（通常5-10个），方框中给出10-12个单词或短语，需选出正确选项填入，每个词只能用一次。偶尔需要变单词形式
注意：此题除了打此标签，还需要打“知识点-语篇体裁”以及“知识点-语篇主题”","要求学生在阅读一篇短文中，从方框中提供的多个单词或短语中，选出合适的选项填入文中的空白处。短文中有若干空白（通常5-10个），方框中给出10-12个单词或短语，需选出正确选项填入，每个词只能用一次。偶尔需要变单词形式
注意：此题除了打此标签，还需要打“知识点-语篇体裁”以及“知识点-语篇主题”",否,,,,,,,,,,,,,,,,,,,,,,,,,,,,,,,,,,,,,
题型->特殊题型->选词填空->选词填空（多句）,要求学生从方框中选择合适的单词或短语，填入多个不连贯的句子中（每个句子相对独立）,要求学生从方框中选择合适的单词或短语，填入多个不连贯的句子中（每个句子相对独立）,否,,,,,,,,,,,,,,,,,,,,,,,,,,,,,,,,,,,,,
题型->特殊题型->选词填空->选词填空（单句）,"要求选择合适的单词或短语，填入一个单句的空白处（通常会给出2个单词供选择）。
注意：除了打此标签，还需要加知识点标签，比如：一般过去时的肯否疑","要求选择合适的单词或短语，填入一个单句的空白处（通常会给出2个单词供选择）。
注意：除了打此标签，还需要加知识点标签，比如：一般过去时的肯否疑",否,"The famous musician (create, created) a lot of beautiful music when he was young.",,,,,,,,,,,,,,,,,,,,,,,,,,,,,,,,,,,,
题型->特殊题型->首字母填空->首字母填空（综合）,这个当时是为了承接其他题库过来的无法映射的题目，专门设置的标签，新题不用打,这个当时是为了承接其他题库过来的无法映射的题目，专门设置的标签，新题不用打,否,,,,,,,,,,,,,,,,,,,,,,,,,,,,,,,,,,,,,
题型->特殊题型->首字母填空->首字母填空（名词）,"要求学生在一篇短文中根据首字母提示，上下文和语法规则，在空白处填入恰当的词语，常见空格数量5-10空
经典提问方式：根据上下文和所给的首字母写出所缺单词。注意使用正确形式，每空限填一词。答卷时，要求写出完整单词。若目标词为名词，则打此标签","要求学生在一篇短文中根据首字母提示，上下文和语法规则，在空白处填入恰当的词语，常见空格数量5-10空
经典提问方式：根据上下文和所给的首字母写出所缺单词。注意使用正确形式，每空限填一词。答卷时，要求写出完整单词。若目标词为名词，则打此标签",否,,,,,,,,,,,,,,,,,,,,,,,,,,,,,,,,,,,,,
题型->特殊题型->首字母填空->首字母填空（动词）,"要求学生在一篇短文中根据首字母提示，上下文和语法规则，在空白处填入恰当的词语，常见空格数量5-10空
经典提问方式：根据上下文和所给的首字母写出所缺单词。注意使用正确形式，每空限填一词。答卷时，要求写出完整单词。若目标词为动词，则打此标签","要求学生在一篇短文中根据首字母提示，上下文和语法规则，在空白处填入恰当的词语，常见空格数量5-10空
经典提问方式：根据上下文和所给的首字母写出所缺单词。注意使用正确形式，每空限填一词。答卷时，要求写出完整单词。若目标词为动词，则打此标签",否,,,,,,,,,,,,,,,,,,,,,,,,,,,,,,,,,,,,,
题型->特殊题型->首字母填空->首字母填空（形容词）,"要求学生在一篇短文中根据首字母提示，上下文和语法规则，在空白处填入恰当的词语，常见空格数量5-10空
经典提问方式：根据上下文和所给的首字母写出所缺单词。注意使用正确形式，每空限填一词。答卷时，要求写出完整单词。若目标词为形容词，则打此标签","要求学生在一篇短文中根据首字母提示，上下文和语法规则，在空白处填入恰当的词语，常见空格数量5-10空
经典提问方式：根据上下文和所给的首字母写出所缺单词。注意使用正确形式，每空限填一词。答卷时，要求写出完整单词。若目标词为形容词，则打此标签",否,,,,,,,,,,,,,,,,,,,,,,,,,,,,,,,,,,,,,
题型->特殊题型->首字母填空->首字母填空（副词）,"要求学生在一篇短文中根据首字母提示，上下文和语法规则，在空白处填入恰当的词语，常见空格数量5-10空
经典提问方式：根据上下文和所给的首字母写出所缺单词。注意使用正确形式，每空限填一词。答卷时，要求写出完整单词。若目标词为副词，则打此标签","要求学生在一篇短文中根据首字母提示，上下文和语法规则，在空白处填入恰当的词语，常见空格数量5-10空
经典提问方式：根据上下文和所给的首字母写出所缺单词。注意使用正确形式，每空限填一词。答卷时，要求写出完整单词。若目标词为副词，则打此标签",否,,,,,,,,,,,,,,,,,,,,,,,,,,,,,,,,,,,,,
题型->特殊题型->首字母填空->首字母填空（介词）,"要求学生在一篇短文中根据首字母提示，上下文和语法规则，在空白处填入恰当的词语，常见空格数量5-10空
经典提问方式：根据上下文和所给的首字母写出所缺单词。注意使用正确形式，每空限填一词。答卷时，要求写出完整单词。若目标词为介词，则打此标签","要求学生在一篇短文中根据首字母提示，上下文和语法规则，在空白处填入恰当的词语，常见空格数量5-10空
经典提问方式：根据上下文和所给的首字母写出所缺单词。注意使用正确形式，每空限填一词。答卷时，要求写出完整单词。若目标词为介词，则打此标签",否,,,,,,,,,,,,,,,,,,,,,,,,,,,,,,,,,,,,,
题型->特殊题型->首字母填空->首字母填空（连词）,"要求学生在一篇短文中根据首字母提示，上下文和语法规则，在空白处填入恰当的词语，常见空格数量5-10空
经典提问方式：根据上下文和所给的首字母写出所缺单词。注意使用正确形式，每空限填一词。答卷时，要求写出完整单词。若目标词为连词，则打此标签","要求学生在一篇短文中根据首字母提示，上下文和语法规则，在空白处填入恰当的词语，常见空格数量5-10空
经典提问方式：根据上下文和所给的首字母写出所缺单词。注意使用正确形式，每空限填一词。答卷时，要求写出完整单词。若目标词为连词，则打此标签",否,,,,,,,,,,,,,,,,,,,,,,,,,,,,,,,,,,,,,
题型->特殊题型->首字母填空->首字母填空（代词）,"要求学生在一篇短文中根据首字母提示，上下文和语法规则，在空白处填入恰当的词语，常见空格数量5-10空
经典提问方式：根据上下文和所给的首字母写出所缺单词。注意使用正确形式，每空限填一词。答卷时，要求写出完整单词。若目标词为代词，则打此标签","要求学生在一篇短文中根据首字母提示，上下文和语法规则，在空白处填入恰当的词语，常见空格数量5-10空
经典提问方式：根据上下文和所给的首字母写出所缺单词。注意使用正确形式，每空限填一词。答卷时，要求写出完整单词。若目标词为代词，则打此标签",否,,,,,,,,,,,,,,,,,,,,,,,,,,,,,,,,,,,,,
题型->特殊题型->首字母填空->首字母填空（数词）,"要求学生在一篇短文中根据首字母提示，上下文和语法规则，在空白处填入恰当的词语，常见空格数量5-10空
经典提问方式：根据上下文和所给的首字母写出所缺单词。注意使用正确形式，每空限填一词。答卷时，要求写出完整单词。若目标词为数词，则打此标签","要求学生在一篇短文中根据首字母提示，上下文和语法规则，在空白处填入恰当的词语，常见空格数量5-10空
经典提问方式：根据上下文和所给的首字母写出所缺单词。注意使用正确形式，每空限填一词。答卷时，要求写出完整单词。若目标词为数词，则打此标签",否,,,,,,,,,,,,,,,,,,,,,,,,,,,,,,,,,,,,,
题型->特殊题型->其他短文填空->全部短文填空,,nan,否,,,,,,,,,,,,,,,,,,,,,,,,,,,,,,,,,,,,,
题型->特殊题型->其他短文填空->短文填空（汉语提示）,"要求学生完成一篇短文，根据括号内给出的中文提示，写出相应的英文单词或短语。常见题目5-10空
注意：此题除了打此标签，还需要打“知识点-语篇体裁”以及“知识点-语篇主题”","要求学生完成一篇短文，根据括号内给出的中文提示，写出相应的英文单词或短语。常见题目5-10空
注意：此题除了打此标签，还需要打“知识点-语篇体裁”以及“知识点-语篇主题”",否,,,,,,,,,,,,,,,,,,,,,,,,,,,,,,,,,,,,,
题型->特殊题型->其他短文填空->短文填空（语境提示）,"要求学生在没有直接汉语或首字母提示的情况下，仅根据上下文语境和逻辑关系，在空白处填入一个恰当的单词（通常是虚词或常见实词）。考查语篇连贯、逻辑推理和语法知识。
注意：此题除了打此标签，还需要打“知识点-语篇体裁”以及“知识点-语篇主题”","要求学生在没有直接汉语或首字母提示的情况下，仅根据上下文语境和逻辑关系，在空白处填入一个恰当的单词（通常是虚词或常见实词）。考查语篇连贯、逻辑推理和语法知识。
注意：此题除了打此标签，还需要打“知识点-语篇体裁”以及“知识点-语篇主题”",否,,,,,,,,,,,,,,,,,,,,,,,,,,,,,,,,,,,,,
题型->特殊题型->其他短文填空->短文填空（图文）,"要求学生在阅读一篇短文（或看图说话）的基础上，结合给出的图片、图表、地图、流程图等视觉信息，补全文中缺失的词语或句子。
注意：除了打此标签，需要根据文段内容打知识点-语篇体裁和知识点语篇主题标签","要求学生在阅读一篇短文（或看图说话）的基础上，结合给出的图片、图表、地图、流程图等视觉信息，补全文中缺失的词语或句子。
注意：除了打此标签，需要根据文段内容打知识点-语篇体裁和知识点语篇主题标签",否,,,,,,,,,,,,,,,,,,,,,,,,,,,,,,,,,,,,,
题型->特殊题型->其他短文填空->短文填空（综合）,"要求学生完成一篇短文，有些给了提示，有些是中文提示，有些是首字母提示
注意：除了打此标签，需要根据文段内容打知识点-语篇体裁和知识点语篇主题标签","要求学生完成一篇短文，有些给了提示，有些是中文提示，有些是首字母提示
注意：除了打此标签，需要根据文段内容打知识点-语篇体裁和知识点语篇主题标签",否,,,,,,,,,,,,,,,,,,,,,,,,,,,,,,,,,,,,,
题型->特殊题型->语法选择（语法类完形）,"通常给出一篇短文，在文中留出若干个空白，每个空白提供3-4个语法选项（如不同的时态、语态、非谓语、冠词、介词、连词等），要求学生根据上下文和语法规则选择最佳答案。它本质上是 以篇章为载体的语法单项选择题，侧重考查语法知识
大题需要打知识点-语篇体裁和知识点语篇主题标签，小题上要打具体的知识点标签（如一般过去时被动语态）
此题和“完形填空”的区别是：选项基本都是同一个词的不同形式（比如：tries/tried/has tried）","通常给出一篇短文，在文中留出若干个空白，每个空白提供3-4个语法选项（如不同的时态、语态、非谓语、冠词、介词、连词等），要求学生根据上下文和语法规则选择最佳答案。它本质上是 以篇章为载体的语法单项选择题，侧重考查语法知识
大题需要打知识点-语篇体裁和知识点语篇主题标签，小题上要打具体的知识点标签（如一般过去时被动语态）
此题和“完形填空”的区别是：选项基本都是同一个词的不同形式（比如：tries/tried/has tried）",否,,,,,,,,,,,,,,,,,,,,,,,,,,,,,,,,,,,,,
题型->特殊题型->补全对话,"求学生在对话的空白处填入适当的句子、短语或单词，使对话完整、通顺、符合英语交际习惯。通常分为 选择型（从选项中选）和 填空型（自己写句子）
注意：除了打此标签，需要根据文段内容打知识点-语用和知识点语篇主题标签","求学生在对话的空白处填入适当的句子、短语或单词，使对话完整、通顺、符合英语交际习惯。通常分为 选择型（从选项中选）和 填空型（自己写句子）
注意：除了打此标签，需要根据文段内容打知识点-语用和知识点语篇主题标签",否,,,,,,,,,,,,,,,,,,,,,,,,,,,,,,,,,,,,,
题型->特殊题型->翻译->翻译（综合）,这个当时是为了承接其他题库过来的无法映射的题目，专门设置的标签，新题不用打,这个当时是为了承接其他题库过来的无法映射的题目，专门设置的标签，新题不用打,否,,,,,,,,,,,,,,,,,,,,,,,,,,,,,,,,,,,,,
题型->特殊题型->翻译->翻译（词汇短语）,"要求根据中文提示或英文提示，写出对应的英文单词、短语或固定表达。通常以单句或孤立短语的形式呈现，不依赖长篇上下文。
后续非常建议打上词汇树的标签","要求根据中文提示或英文提示，写出对应的英文单词、短语或固定表达。通常以单句或孤立短语的形式呈现，不依赖长篇上下文。
后续非常建议打上词汇树的标签",否,,,,,,,,,,,,,,,,,,,,,,,,,,,,,,,,,,,,,
题型->特殊题型->翻译->翻译（句子）,"要求将完整的中文句子翻译成英文，或将英文句子翻译成中文。考查语法、句法、词汇、语序及中英语言差异的综合运用能力。通常以单句形式呈现，不依赖长篇上下文。
注意：除了打此标签，还需要打知识点树的标签","要求将完整的中文句子翻译成英文，或将英文句子翻译成中文。考查语法、句法、词汇、语序及中英语言差异的综合运用能力。通常以单句形式呈现，不依赖长篇上下文。
注意：除了打此标签，还需要打知识点树的标签",否,,,,,,,,,,,,,,,,,,,,,,,,,,,,,,,,,,,,,
题型->特殊题型->改错,"要求识别并纠正句子或短文中存在的语言错误（包括语法、词汇、拼写、标点、语序等）。通常分为 单句改错 和 短文改错 两种形式。
注意：除了打此标签，还需要打知识点树的标签，如果是多个句子的改错，那涉及到的知识点都需要打上标签","要求识别并纠正句子或短文中存在的语言错误（包括语法、词汇、拼写、标点、语序等）。通常分为 单句改错 和 短文改错 两种形式。
注意：除了打此标签，还需要打知识点树的标签，如果是多个句子的改错，那涉及到的知识点都需要打上标签",否,,,,,,,,,,,,,,,,,,,,,,,,,,,,,,,,,,,,,
题型->特殊题型->看图写话,"要求学生在观察一幅或多幅图片后，根据图片内容写出相应的句子。
经典提问方式：根据每小题所提供的图画情景和提示词，写出一个与图画情景相符的句子。
注意：除了打此标签，还需要打知识点-语用

","要求学生在观察一幅或多幅图片后，根据图片内容写出相应的句子。
经典提问方式：根据每小题所提供的图画情景和提示词，写出一个与图画情景相符的句子。
注意：除了打此标签，还需要打知识点-语用",否,,,,,,,,,,,,,,,,,,,,,,,,,,,,,,,,,,,,,
题型->特殊题型->情景运用,"经典提问方式：根据情景提示，用得体的英语完成下列对话。
注意：除了打此标签，还需要打知识点-语用，与补全对话的区别是：补全对话有多轮对话，此题往往只有一轮","经典提问方式：根据情景提示，用得体的英语完成下列对话。
注意：除了打此标签，还需要打知识点-语用，与补全对话的区别是：补全对话有多轮对话，此题往往只有一轮",否,"根据情景提示，用得体的英语完成下列对话。
(1) 填空题
A:            ?
B: My brother is walking around the park now.",,,,,,,,,,,,,,,,,,,,,,,,,,,,,,,,,,,,
题型->特殊题型->判断题,此题型不常见，一般选项会出现“正确/错误“；或者题干中会出现“判断”字样,此题型不常见，一般选项会出现“正确/错误“；或者题干中会出现“判断”字样,否,,,,,,,,,,,,,,,,,,,,,,,,,,,,,,,,,,,,,
题型->特殊题型->小升初特殊题型->选择题->词汇选择题,新题不打此标签,新题不打此标签,否,,,,,,,,,,,,,,,,,,,,,,,,,,,,,,,,,,,,,
题型->特殊题型->小升初特殊题型->选择题->看图选词句/看词句选图,"常见题型：
选择题，通常以图片搭配若干选项（单词、短语或句子）的形式出现，要求学生根据图片内容选出对应的词句，或根据给出的词句选出对应的图片。常见于小升初英语考试或小学高年级阶段。
题干关键词：看图、选择、图片、单词、短语、句子、匹配、哪个、正确、符合、找出
；Look at the picture, choose, match, which one, correct, picture A/B/C, the word/phrase/sentence
该类题目通常围绕日常生活、动物、食物、学习用品、天气、动作、服饰、交通工具等基础话题展开，考查学生对图片信息的理解与对应词句的识别能力。图片内容直观常见，选项干扰项多与图片细节相关（如颜色、数量、动作的细微差别）。要求学生掌握基础词汇（如apple, dog, sunny, run, red, T-shirt, bus）和简单句型（如She is reading. / It’s a cat.）","常见题型：
选择题，通常以图片搭配若干选项（单词、短语或句子）的形式出现，要求学生根据图片内容选出对应的词句，或根据给出的词句选出对应的图片。常见于小升初英语考试或小学高年级阶段。
题干关键词：看图、选择、图片、单词、短语、句子、匹配、哪个、正确、符合、找出
；Look at the picture, choose, match, which one, correct, picture A/B/C, the word/phrase/sentence
该类题目通常围绕日常生活、动物、食物、学习用品、天气、动作、服饰、交通工具等基础话题展开，考查学生对图片信息的理解与对应词句的识别能力。图片内容直观常见，选项干扰项多与图片细节相关（如颜色、数量、动作的细微差别）。要求学生掌握基础词汇（如apple, dog, sunny, run, red, T-shirt, bus）和简单句型（如She is reading. / It’s a cat.）",否,,,,,,,,,,,,,,,,,,,,,,,,,,,,,,,,,,,,,
题型->特殊题型->小升初特殊题型->填空题->看图填空/完成句子,"常见题型：填空题，通常提供一幅或多幅图片，并给出不完整的句子或短文，要求学生根据图片内容在空白处填写合适的单词、短语或数字，使句子或短文意思完整、通顺。常见于小升初英语考试。
题干关键词：看图、填空、完成句子、根据图片、在横线上、写出、单词、短语、数字、补全
；
该类题目通常围绕日常情景、动作行为、物品数量、人物外貌、方位地点、天气季节、动物植物等基础主题展开。图片内容清晰直观，考查学生观察图片细节（如人物动作、物品位置、数量、颜色）并用正确英语表达的能力。常见考点包括：介词（in, on, under）、现在进行时（be doing）、There be句型、数量词、颜色词、服饰词、方位表达等。空白处多为名词、动词、形容词或数字，答案唯一且来源于图片信息
","常见题型：填空题，通常提供一幅或多幅图片，并给出不完整的句子或短文，要求学生根据图片内容在空白处填写合适的单词、短语或数字，使句子或短文意思完整、通顺。常见于小升初英语考试。
题干关键词：看图、填空、完成句子、根据图片、在横线上、写出、单词、短语、数字、补全
；
该类题目通常围绕日常情景、动作行为、物品数量、人物外貌、方位地点、天气季节、动物植物等基础主题展开。图片内容清晰直观，考查学生观察图片细节（如人物动作、物品位置、数量、颜色）并用正确英语表达的能力。常见考点包括：介词（in, on, under）、现在进行时（be doing）、There be句型、数量词、颜色词、服饰词、方位表达等。空白处多为名词、动词、形容词或数字，答案唯一且来源于图片信息",否,,,,,,,,,,,,,,,,,,,,,,,,,,,,,,,,,,,,,
题型->特殊题型->小升初特殊题型->填空题->按要求填空,新题不打此标签,新题不打此标签,否,,,,,,,,,,,,,,,,,,,,,,,,,,,,,,,,,,,,,
题型->特殊题型->小升初特殊题型->填空题->词汇分类,"常见题型：填空题，通常提供一组单词或短语，要求学生按照给定的类别（如动物、水果、颜色、学习用品、职业、交通工具等）进行分类，将单词填入对应的类别下方或横线上。常见于小升初英语考试
题干关键词：词汇分类、归类、将下列单词分类、同类词、类别、动物、水果、颜色、学习用品、职业、交通工具、食物、服装、天气、季节、数字、家庭成员、动作
；classify, sort the words, put the words into groups, category, animals, fruit, color, school supplies, jobs, transportation, food, clothes, weather, season, numbers, family members, actions
该类题目通常围绕基础词汇的类别识别与归纳能力展开，考查学生对常见英语词汇所属语义场（如动物、水果、学习用品等）的判断。所给单词多为小学阶段基础词汇，类别明确，干扰项通常为同类别或近形词。要求学生掌握常见类别的英文名称及典型词汇，能够区分不同类别（如 apple 属于水果，carrot 属于蔬菜）。有时类别会以文字提示或图表形式呈现，学生需正确填写单词或单词编号",第三轮：最终的高密度结构化释义：① 常见题型：小升初英语填空题，要求将给定单词或短语按指定类别分类填写至对应区域；② 题干关键词：中文：词汇分类、归类、将下列单词分类、同类词、类别、动物、水果、颜色、学习用品、职业、交通工具、食物、服装、天气、季节、数字、家庭成员、动作；英文：classify、sort the words、put the words into groups、category、animals、fruit、color、school supplies、jobs、transportation、food、clothes、weather、season、numbers、family members、actions；③ 涉及考查知识点有：基础英语词汇类别识别与归纳能力、常见英语词汇所属语义场判断能力、常见词汇类别英文名称及对应典型词汇掌握；④ 注意：无明确说明,否,,,,,,,,,,,,,,,,,,,,,,,,,,,,,,,,,,,,,
题型->特殊题型->小升初特殊题型->排序题,"常见题型：排序题，通常以打乱顺序的单词、短语、句子或对话片段呈现，要求学生根据语法规则、逻辑关系或对话流程重新排列，形成通顺的句子、完整的对话或连贯的短文。常见于小升初英语考试
题干关键词：排序、连词成句、排列顺序、将下列单词/句子重新排列、组成通顺的句子、完成对话、正确的顺序、序号
；put the words in order, rearrange, make a sentence, correct order, number the sentences, complete the dialogue, sequence
该类题目通常围绕基础句法结构（主谓宾、主系表、疑问句、祈使句）、日常对话逻辑（问候、问路、购物、打电话）或事件发展顺序（起床→上学→吃饭等）展开。要求学生掌握英语的基本语序（主语在前，谓语在中间，宾语在后；疑问句需调整助动词位置），理解常见句型的固定搭配（如There be、How old...），并能根据上下文或时间线索确定先后关系。题目类型包括：单词排序成句子、句子排序成对话、图片排序并描述等","常见题型：排序题，通常以打乱顺序的单词、短语、句子或对话片段呈现，要求学生根据语法规则、逻辑关系或对话流程重新排列，形成通顺的句子、完整的对话或连贯的短文。常见于小升初英语考试
题干关键词：排序、连词成句、排列顺序、将下列单词/句子重新排列、组成通顺的句子、完成对话、正确的顺序、序号
；put the words in order, rearrange, make a sentence, correct order, number the sentences, complete the dialogue, sequence
该类题目通常围绕基础句法结构（主谓宾、主系表、疑问句、祈使句）、日常对话逻辑（问候、问路、购物、打电话）或事件发展顺序（起床→上学→吃饭等）展开。要求学生掌握英语的基本语序（主语在前，谓语在中间，宾语在后；疑问句需调整助动词位置），理解常见句型的固定搭配（如There be、How old...），并能根据上下文或时间线索确定先后关系。题目类型包括：单词排序成句子、句子排序成对话、图片排序并描述等",否,,,,,,,,,,,,,,,,,,,,,,,,,,,,,,,,,,,,,
题型->特殊题型->小升初特殊题型->匹配/连线题,"常见题型：匹配/连线题，通常以左右两栏形式呈现（如单词与图片匹配、单词与中文释义匹配、问句与答句匹配、词语与类别匹配、句子与情景匹配等），要求学生将对应的两项用线连接或填写字母编号。常见于小升初英语考试
题干关键词：匹配、连线、将下列单词与图片连线、选择正确的搭配、找出对应项、左右配对、把序号填在括号里
；match, draw a line, connect, pair, choose the correct match, look at the pictures and match, write the letter
该类题目通常围绕基础词汇与图像对应（动物、水果、学习用品等）、中英文词义对应、日常问答配对（How are you? — I’m fine.）、同义词/反义词配对、词语与所属类别配对（apple → fruit）或句子与情景配对（看到“Merry Christmas”选圣诞树图片）等主题展开。考查学生对英语基础知识（词义、句型、交际功能）的理解与快速配对能力。左右栏信息量相当，干扰项较少，答案唯一","常见题型：匹配/连线题，通常以左右两栏形式呈现（如单词与图片匹配、单词与中文释义匹配、问句与答句匹配、词语与类别匹配、句子与情景匹配等），要求学生将对应的两项用线连接或填写字母编号。常见于小升初英语考试
题干关键词：匹配、连线、将下列单词与图片连线、选择正确的搭配、找出对应项、左右配对、把序号填在括号里
；match, draw a line, connect, pair, choose the correct match, look at the pictures and match, write the letter
该类题目通常围绕基础词汇与图像对应（动物、水果、学习用品等）、中英文词义对应、日常问答配对（How are you? — I’m fine.）、同义词/反义词配对、词语与所属类别配对（apple → fruit）或句子与情景配对（看到“Merry Christmas”选圣诞树图片）等主题展开。考查学生对英语基础知识（词义、句型、交际功能）的理解与快速配对能力。左右栏信息量相当，干扰项较少，答案唯一",否,,,,,,,,,,,,,,,,,,,,,,,,,,,,,,,,,,,,,
题型->特殊题型->小升初特殊题型->字母题,"常见题型：选择题、填空题、排序题、判断题，常以字母顺序、大小写转换、元音/辅音判断、相邻字母、字母在单词中的发音、字母组合等形式出现
题干关键词：字母、大写、小写、元音字母、辅音字母、排序、相邻、在字母表中、写出下一个字母、判断对错、发音相同、字母组合
；letter, capital letter, small letter, vowel, consonant, order, next letter, alphabet, same sound, Aa, Bb
注意：要同时打知识点->语音->字母标签","常见题型：选择题、填空题、排序题、判断题，常以字母顺序、大小写转换、元音/辅音判断、相邻字母、字母在单词中的发音、字母组合等形式出现
题干关键词：字母、大写、小写、元音字母、辅音字母、排序、相邻、在字母表中、写出下一个字母、判断对错、发音相同、字母组合
；letter, capital letter, small letter, vowel, consonant, order, next letter, alphabet, same sound, Aa, Bb
注意：要同时打知识点->语音->字母标签",否,,,,,,,,,,,,,,,,,,,,,,,,,,,,,,,,,,,,,
题型->特殊题型->小升初特殊题型->抄写题,"常见题型：抄写题，通常要求学生将给定的单词、短语或句子规范地抄写在四线三格或横线上，有时要求注意大小写、标点符号和书写格式。常见于小升初英语考试及小学低中年级
题干关键词：抄写、仿写、书写、照样子写、在四线三格中、注意大小写、标点符号、规范书写、用手写体
；copy, write, copy the words, write in the four lines, capital letter, punctuation, handwriting
该类题目通常围绕基础词汇（如cat, apple, teacher）、常用短语（如get up, go to school）或简单句子（如I like English.）的规范书写展开，重点考查学生的书写习惯（字母占格、笔顺、间距）、大小写规则（句首大写、专有名词大写）及标点符号的正确使用（句号、问号、感叹号）。题目不涉及理解与运用，只要求准确、工整地抄写","常见题型：抄写题，通常要求学生将给定的单词、短语或句子规范地抄写在四线三格或横线上，有时要求注意大小写、标点符号和书写格式。常见于小升初英语考试及小学低中年级
题干关键词：抄写、仿写、书写、照样子写、在四线三格中、注意大小写、标点符号、规范书写、用手写体
；copy, write, copy the words, write in the four lines, capital letter, punctuation, handwriting
该类题目通常围绕基础词汇（如cat, apple, teacher）、常用短语（如get up, go to school）或简单句子（如I like English.）的规范书写展开，重点考查学生的书写习惯（字母占格、笔顺、间距）、大小写规则（句首大写、专有名词大写）及标点符号的正确使用（句号、问号、感叹号）。题目不涉及理解与运用，只要求准确、工整地抄写",否,,,,,,,,,,,,,,,,,,,,,,,,,,,,,,,,,,,,,
题型->特殊题型->小升初特殊题型->仿写题,"常见题型：通常给出一个例句或范例（如句子结构、对话模板、小短文），要求学生按照相同的结构或句式，替换部分内容（如主语、宾语、形容词、数字等）写出新的句子或段落。常见于小升初英语考试
题干关键词：仿写、照样子写、仿照例句、模仿、根据例句、替换、改写、写一个相似的句子、句型模仿
；write like the example, imitate, follow the model, make sentences after the pattern, rewrite, substitute
该类题目通常围绕基础句型（如I like..., This is a..., There is/are..., He/She is..., I can...）的模仿与替换展开。例句结构简单清晰，要求学生理解句型模式（如主谓宾、主系表、疑问句结构），并能正确替换划线部分或指定内容，保持语法正确、意思通顺。常见仿写类型包括：单数句变复数句、陈述句变疑问句、肯定句变否定句、替换主语/宾语/形容词/数量词等。重点考查学生对句型结构的理解与迁移运用能力","常见题型：通常给出一个例句或范例（如句子结构、对话模板、小短文），要求学生按照相同的结构或句式，替换部分内容（如主语、宾语、形容词、数字等）写出新的句子或段落。常见于小升初英语考试
题干关键词：仿写、照样子写、仿照例句、模仿、根据例句、替换、改写、写一个相似的句子、句型模仿
；write like the example, imitate, follow the model, make sentences after the pattern, rewrite, substitute
该类题目通常围绕基础句型（如I like..., This is a..., There is/are..., He/She is..., I can...）的模仿与替换展开。例句结构简单清晰，要求学生理解句型模式（如主谓宾、主系表、疑问句结构），并能正确替换划线部分或指定内容，保持语法正确、意思通顺。常见仿写类型包括：单数句变复数句、陈述句变疑问句、肯定句变否定句、替换主语/宾语/形容词/数量词等。重点考查学生对句型结构的理解与迁移运用能力",否,,,,,,,,,,,,,,,,,,,,,,,,,,,,,,,,,,,,,